,주식 보유,60/40,추세만,IC 뼈대,IC 뼈대+보험15,IC 뼈대·인플레만→현금
1872-03-31,0.03428534836065533,0.02059809659858547,0.03428534836065533,0.03428534836065533,0.029768059870819208,0.03428534836065533
1872-04-30,0.03229662698412694,0.02056585939959632,0.03229662698412694,0.03229662698412694,0.02850787245787756,0.03229662698412694
1872-05-31,0.004451415701415717,0.003873220584531545,0.004451415701415717,0.004451415701415717,0.00484369001587881,0.004451415701415717
1872-06-30,-0.005148005148005064,-0.0018404104685003642,-0.005148005148005064,-0.005148005148005064,-0.003299133631617601,-0.005148005148005064
1872-07-31,-0.0012459389213774763,0.0004973856761649742,-0.0012459389213774763,-0.0012459389213774763,1.0230668873401072e-05,-0.0012459389213774763
1872-08-31,-0.007080065359476806,-0.0029908681651603652,-0.007080065359476806,-0.007080065359476806,-0.004945728300984165,-0.007080065359476806
1872-09-30,-0.013062169312169303,-0.006581948351697564,-0.013062169312169303,-0.013062169312169303,-0.010034955985460559,-0.013062169312169303
1872-10-31,0.008978114478114252,0.006639795181855757,0.008978114478114252,0.008978114478114252,0.00869435992513945,0.008978114478114252
1872-11-30,0.0009507042253520392,0.0018453242768219358,0.0011485167614619929,0.0009507042253520392,0.0018854912177730387,0.0011485167614619929
1872-12-31,0.02929292929292937,0.018862220937687413,0.007191666762034199,0.013209899922379753,0.012310633079342104,0.010161123894528945
1873-01-31,0.012861604207757837,0.008976129828497825,0.007191666762034199,0.008012443846143524,0.007885843033508033,0.008012443846143524
1873-02-28,0.012801696020874331,0.009806041293903833,0.006724885844749062,0.009777790060008895,0.009596158357286555,0.009777790060008895
1873-03-31,-0.002791262135922401,0.0004505565707482173,-0.002791262135922401,-0.002791262135922401,-0.0010920264227792797,-0.002791262135922401
1873-04-30,-0.00864318330071756,-0.0030645686268528927,-0.00864318330071756,-0.00864318330071756,-0.006071594954524917,-0.00864318330071756
1873-05-31,0.007151124338624193,0.0064004277210334415,0.007151124338624193,0.007151124338624193,0.007348868843040313,0.007151124338624193
1873-06-30,-0.008663366336633338,-0.0030734946144912456,0.0025069837125142325,-0.008663366336633338,-0.006081173478991175,0.0025069837125142325
1873-07-31,0.00330488621151237,0.004086844063056816,-0.0027149431057567064,0.00330488621151237,0.004079593891187949,-0.0027149431057567064
1873-08-31,0.005365526492286943,0.005337675028466604,0.0025069837125142325,0.0023183236778998584,0.003253092000736313,0.0023183236778998584
1873-09-30,-0.07105130784708258,-0.04051255914911012,0.008558333714802968,-0.032877854819888475,-0.02666473672464742,-0.032877854819888475
1873-10-31,-0.0812454611474216,-0.04674114334570034,0.008558333714802968,-0.03809243223937531,-0.031110675851273917,-0.03809243223937531
1873-11-30,-0.02928599840891033,-0.01558784954857817,0.008558333714802968,-0.012135763995084536,-0.009049390174975414,-0.012135763995084536
1873-12-31,0.10086633663366329,0.06257557085935317,0.008558333714802968,0.053014769515225435,0.04633844382490171,0.053014769515225435
1874-01-31,0.06052036199095023,0.038284254429940656,0.008558333714802968,0.032752732331067236,0.02910648824417228,0.032752732331067236
1874-02-28,0.035944206008583945,0.02433168950983955,0.0049833333492279586,0.021444706951713854,0.01896620773700275,0.021444706951713854
1874-03-31,-0.008854166666666385,-0.002518840716610571,0.0049833333492279586,-0.0009267721441751364,-4.658517662770034e-05,-0.0009267721441751364
1874-04-30,-0.021670190274841628,-0.010200360925167518,-0.02754016913319257,-0.024628591390886356,-0.02019926616812251,-0.024628591390886356
1874-05-31,-0.02010869565217377,-0.009291660495111764,-0.02010869565217377,-0.02010869565217377,-0.016365308797372857,-0.02010869565217377
1874-06-30,0.0016741071428572063,0.003770271148020976,0.0016741071428572063,0.0016741071428572063,0.0021509343557466476,0.0016741071428572063
1874-07-31,0.006165919282511201,0.006487701638942633,-0.001046566650867442,0.0035580505526311423,0.003772452849458041,0.0035580505526311423
1874-08-31,0.008408071748879031,0.007829964885673446,0.0049833333492279586,0.007685685894895267,0.007279722737712824,0.007685685894895267
1874-09-30,0.021812080536912637,0.0158619179429782,0.0049833333492279586,0.014374816312978878,0.012965055734469155,0.014374816312978878
1874-10-31,0.0038546255506610727,0.005058809521456764,0.0049833333492279586,0.005364230121923885,0.00530350463010576,0.005364230121923885
1874-11-30,0.01490066225165565,0.011693637093401987,0.0049833333492279586,0.010892810951306453,0.0100062376540071,0.010892810951306453
1874-12-31,-0.000547045951860059,0.002408492528315209,0.0049833333492279586,0.0031497388223793443,0.003422518926754048,0.0031497388223793443
1875-01-31,0.006011380323054372,0.006334715889819487,-2.4687958883995442e-05,0.002982188467987701,0.0032820589907887054,0.002982188467987701
1875-02-28,0.0037628487518355236,0.005193785091012204,0.0037628487518355236,0.0037628487518355236,0.0038776365374169064,0.0037628487518355236
1875-03-31,0.01917770419426046,0.01442764673419794,0.01917770419426046,0.01917770419426046,0.01698045145840954,0.01917770419426046
1875-04-30,0.018881626724764233,0.014227081114468687,0.018881626724764233,0.018881626724764233,0.016718182551851646,0.018881626724764233
1875-05-31,-0.0330197132616491,-0.01692386472277374,-0.0330197132616491,-0.0330197132616491,-0.027397256439023798,-0.0330197132616491
1875-06-30,-0.014261744966442724,-0.0057226004712168654,-0.014261744966442724,-0.014261744966442724,-0.01147168224105255,-0.014261744966442724
1875-07-31,0.008228691019786627,0.007787929772751223,-0.0014938666192689798,0.004693803388553519,0.004670950622405856,0.004693803388553519
1875-08-31,0.010440394836750189,0.009133827886709023,0.004533333381017135,0.008807493933129296,0.008165151204628796,0.008807493933129296
1875-09-30,-0.0032596371882084307,0.0008996100620388692,0.004533333381017135,0.001940386089160695,0.0023276979626918326,0.001940386089160695
1875-10-31,-0.010202135774218357,-0.003287164959322686,0.004533333381017135,-0.0015553232005431905,-0.0006430186706771757,-0.0015553232005431905
1875-11-30,0.022141472868217216,0.016097492285006343,0.004533333381017135,0.014591880829128767,0.013080797725136817,0.014591880829128767
1875-12-31,0.005720823798627039,0.006238083108830006,0.004533333381017135,0.006371831890329416,0.006092203108031935,0.006371831890329416
1876-01-31,0.02631578947368407,0.018603565454003324,0.004533333381017135,0.016675922586070868,0.014853818860547596,0.016675922586070868
1876-02-29,0.019058295964125893,0.013308774340725193,0.0042750000953675205,0.01187713286402059,0.01073217018280137,0.01187713286402059
1876-03-31,0.0033185840707963266,0.0038684646469193673,-0.0027013274336284976,0.0003299033829504694,0.0009184273834277334,0.0003299033829504694
1876-04-30,-0.032150776053215036,-0.01739844304922944,-0.032150776053215036,-0.032150776053215036,-0.026687619306558608,-0.032150776053215036
1876-05-31,-0.03110599078341003,-0.016826400492506832,-0.03110599078341003,-0.03110599078341003,-0.025826733295504556,-0.03110599078341003
1876-06-30,-0.0011961722488037507,0.0011164118735049744,-0.001750649905204682,-0.0012450484986002985,-0.0004180031082258173,-0.0012450484986002985
1876-07-31,-0.0060240963855420215,-0.0017399814402492275,0.0042750000953675205,-0.0006671882816470243,7.31773134259317e-05,-0.0006671882816470243
1876-08-31,-0.03536585365853673,-0.019355415154732825,0.0042750000953675205,-0.01534969041748846,-0.012407880572683938,-0.01534969041748846
1876-09-30,-0.054707379134860235,-0.031005847132553277,0.0042750000953675205,-0.02506870807877004,-0.02067466633260595,-0.02506870807877004
1876-10-31,0.0013550135501354532,0.002596410394321458,0.0042750000953675205,0.002925728188286847,0.003116980142784831,0.002925728188286847
1876-11-30,-0.012261580381471404,-0.00549348310589326,0.0042750000953675205,-0.003800476274810838,-0.0025896374043492543,-0.003800476274810838
1876-12-31,0.001388888888889106,0.0026732763665375803,0.0042750000953675205,0.002999529865411521,0.003187767805231889,0.002999529865411521
1877-01-31,-0.0016108007448792927,0.0008896541399727731,0.0042750000953675205,0.0015157463568589158,0.0019291560012790754,0.0015157463568589158
1877-02-28,-0.052542253521126736,-0.029757081313163014,0.004175000190734801,-0.02405901467171323,-0.019824973645196198,-0.02405901467171323
1877-03-31,-0.044099301397205415,-0.024767984974384705,0.004175000190734801,-0.019917894612654252,-0.016314747636215654,-0.019917894612654252
1877-04-30,-0.06563354363827578,-0.03767793870197955,0.004175000190734801,-0.03067483471626653,-0.025456560835454556,-0.03067483471626653
1877-05-31,0.007205215419501476,0.005985879771258196,0.004175000190734801,0.005703842903705292,0.005461310106760209,0.005703842903705292
1877-06-30,-0.0644841269841272,-0.03692902544531207,0.004175000190734801,-0.030039480098566718,-0.024907934516177788,-0.030039480098566718
1877-07-31,0.05115384615384633,0.03234830665458066,0.004175000190734801,0.02767036503239617,0.024133124145665708,0.02767036503239617
1877-08-31,0.07680409356725137,0.047773563462207846,0.004175000190734801,0.07364714796781002,0.063244292129778,-0.001850049810409593
1877-09-30,0.06823770491803294,0.042595367669630235,0.004175000190734801,0.033205530226783964,0.028809476779745324,0.03009658680584093
1877-10-31,0.02696244855967067,0.01784128047384459,0.004175000190734801,0.015579320055065349,0.013856351059546634,0.015579320055065349
1877-11-30,-0.01009063444108782,-0.004335547753584912,-0.016030090634441274,-0.013027353837666178,-0.010456651924847904,-0.013027353837666178
1877-12-31,0.0017893660531700384,0.0028003431048606586,0.0017893660531700384,0.0017893660531700384,0.002136186878495261,0.0017893660531700384
1878-01-31,0.0048512820512818244,0.004651822350866919,0.0048512820512818244,0.0048512820512818244,0.004748010022437965,0.0048512820512818244
1878-02-28,-0.016710256410256585,-0.008258158001252403,-0.016710256410256585,-0.016710256410256585,-0.01360172583374275,-0.016710256410256585
1878-03-31,0.02378144654088099,0.016003199771855936,0.02378144654088099,0.02378144654088099,0.020800320225654145,0.02378144654088099
1878-04-30,0.032579732510287895,0.021282128409797263,0.032579732510287895,0.032579732510287895,0.02828004182858579,0.032579732510287895
1878-05-31,0.007652652652652581,0.006310754576038802,0.007652652652652581,0.007652652652652581,0.0070858542654255174,0.007652652652652581
1878-06-30,0.02557385229540876,0.01709552969025374,0.02557385229540876,0.02557385229540876,0.02233745087131367,0.02557385229540876
1878-07-31,0.025029325513196365,0.01673987179415448,0.025029325513196365,0.025029325513196365,0.021860942926919202,0.025029325513196365
1878-08-31,-0.00423132183908026,-0.000818424079527813,-0.00423132183908026,-0.00423132183908026,-0.003009806982748442,-0.00423132183908026
1878-09-30,0.02469806763285054,0.016552637938747505,0.02469806763285054,0.02469806763285054,0.021589392176432298,0.02469806763285054
1878-10-31,-0.007062026515151643,-0.002522724452686087,-0.007062026515151643,-0.007062026515151643,-0.005415625704606408,-0.007062026515151643
1878-11-30,0.0014559386973180821,0.002597071384917049,0.0014559386973180821,0.0014559386973180821,0.0018315110178699356,0.0014559386973180821
1878-12-31,-0.0014409221902018654,0.0008681403124364273,-0.0014409221902018654,-0.0014409221902018654,-0.0006242379824772382,-0.0014409221902018654
1879-01-31,0.04207004830917871,0.026967154949690375,0.04207004830917871,0.04207004830917871,0.036357711520914604,0.04207004830917871
1879-02-28,0.04057960893854751,0.026239997042926344,0.04057960893854751,0.04057960893854751,0.0351060912064276,0.04057960893854751
1879-03-31,-0.012017070979335354,-0.00531869055502443,-0.012017070979335354,-0.012017070979335354,-0.009598577766708472,-0.012017070979335354
1879-04-30,0.03713926940639256,0.024194808076815066,0.03713926940639256,0.03713926940639256,0.03219788310941918,0.03713926940639256
1879-05-31,0.04925508399646339,0.0314373338877163,0.04925508399646339,0.04925508399646339,0.04248393581749865,0.04925508399646339
1879-06-30,0.009094754653130144,0.00732035931862085,0.009094754653130144,0.009094754653130144,0.00833976456541552,0.009094754653130144
1879-07-31,0.024236111111111347,0.016456299256338625,0.024236111111111347,0.024236111111111347,0.021239466712058563,0.024236111111111347
1879-08-31,0.011412953795379321,0.008735714843929987,0.011412953795379321,0.011412953795379321,0.01032840974496585,0.011412953795379321
1879-09-30,0.040847665847665526,0.02640947498682178,0.040847665847665526,0.040847665847665526,0.03535742673073883,0.040847665847665526
1879-10-31,0.1128890205371249,0.06958472852221886,0.1128890205371249,0.1128890205371249,0.09656854137602,0.1128890205371249
1879-11-30,0.05694978632478631,0.03591936936362572,0.05694978632478631,0.05694978632478631,0.04897033749150137,0.05694978632478631
1879-12-31,0.0013522650439485862,0.002633791072589764,0.0013522650439485862,0.0013522650439485862,0.0017534504220053648,0.0013522650439485862
1880-01-31,0.04209010840108429,0.02713911571086358,0.04209010840108429,0.04209010840108429,0.036416772352599436,0.04209010840108429
1880-02-29,0.021037181996086174,0.014781414013831817,0.021037181996086174,0.021037181996086174,0.018506931577410457,0.021037181996086174
1880-03-31,0.02267628205128225,0.01578787963966688,0.02267628205128225,0.02267628205128225,0.019915812973530178,0.02267628205128225
1880-04-30,-0.01918238993710697,-0.009336881620576998,-0.01918238993710697,-0.01918238993710697,-0.01566480582799812,-0.01918238993710697
1880-05-31,-0.07553088803088792,-0.04316399237062141,-0.07553088803088792,-0.07553088803088792,-0.06356463721609373,-0.07553088803088792
1880-06-30,0.00821104122990901,0.006984915874338471,0.00821104122990901,0.00821104122990901,0.007567374365163637,0.00821104122990901
1880-07-31,0.050017397355601956,0.032179630156814465,-0.0016678166508674597,0.024642101258536053,0.02160547808941171,0.024642101258536053
1880-08-31,0.03992015968063867,0.02605373962447688,0.004358333349227861,0.022600367403076582,0.019855120805634563,0.022600367403076582
1880-09-30,0.002007064868336572,0.003313326296266794,-0.004004977520873476,-0.0009482422378078725,-0.00015990642917584896,-0.0009482422378078725
1880-10-31,0.032979407979408126,0.021932560694376768,0.032979407979408126,0.032979407979408126,0.028684400821976874,0.032979407979408126
1880-11-30,0.05651969981238292,0.03601361446474205,0.05651969981238292,0.05651969981238292,0.04867317383301106,0.05651969981238292
1880-12-31,0.044860368389779914,0.02897734935177687,0.044860368389779914,0.044860368389779914,0.03874553678577719,0.044860368389779914
1881-01-31,0.06371289954337911,0.04029672080902991,0.06371289954337911,0.06371289954337911,0.05477825258685809,0.06371289954337911
1881-02-28,0.0004038772213246222,0.0016158371358498957,0.0004038772213246222,0.0004038772213246222,0.0009702051784405974,0.0004038772213246222
1881-03-31,0.015059427336574727,0.010483285112554253,0.015059427336574727,0.015059427336574727,0.013467366540503622,0.015059427336574727
1881-04-30,0.0005341880341880323,0.0017543685598366832,0.0005341880341880323,0.0005341880341880323,0.0011160551031370591,0.0005341880341880323
1881-05-31,0.04883440514469428,0.030744080822040054,0.04883440514469428,0.04883440514469428,0.042176112673905086,0.04883440514469428
1881-06-30,0.01602564102564119,0.010997384342738448,0.01602564102564119,0.01602564102564119,0.014258761797087294,0.01602564102564119
1881-07-31,-0.031218338399189416,-0.017304661959332224,-0.031218338399189416,-0.031218338399189416,-0.025874080145091183,-0.031218338399189416
1881-08-31,-0.019685039370078594,-0.010419969643916782,-0.019685039370078594,-0.019685039370078594,-0.016089857203488878,-0.019685039370078594
1881-09-30,0.012163978494623473,0.008703609353593267,0.012163978494623473,0.012163978494623473,0.010990397339190716,0.012163978494623473
1881-10-31,-0.011866666666666581,-0.005694905060947941,-0.011866666666666581,-0.011866666666666581,-0.009422436125572142,-0.011866666666666581
1881-11-30,0.01077235772357743,0.007875948418643253,-0.0015601332227388465,0.01077235772357743,0.009813766352525732,-0.0015601332227388465
1881-12-31,-0.02477113624124938,-0.013439861560829436,0.0044666667779287295,-0.02477113624124938,-0.020390145321987907,0.0044666667779287295
1882-01-31,-0.010537992235163496,-0.004933183480214209,0.0044666667779287295,-0.010537992235163496,-0.00830993653243095,0.0044666667779287295
1882-02-28,-0.01745495495495497,-0.009314279045177343,0.004699999888738038,-0.01745495495495497,-0.01414312264641171,0.004699999888738038
1882-03-31,0.0028785261945887264,0.002876583078361694,0.004699999888738038,-9.546616883238102e-05,0.0006231703170178626,-0.0031042059897887775
1882-04-30,0.0046136101499423265,0.003947553219043165,0.004699999888738038,0.0037810598744680846,0.003917621708597219,0.0037810598744680846
1882-05-31,-0.007497116493656253,-0.0033208838213989456,0.004699999888738038,-0.0022763328109483005,-0.00123023448106363,-0.0022763328109483005
1882-06-30,-0.0005837711617047159,0.0008146767156413937,0.004699999888738038,-0.003597716189646216,-0.0023577477504648225,-0.0013282001105944241
1882-07-31,0.06103286384976547,0.0377947654299835,0.004699999888738038,0.028895861277899115,0.02527692119713909,0.025799885767534336
1882-08-31,0.03444444444444428,0.021764916923433075,0.004699999888738038,0.03142844124697186,0.02742006619002435,-0.0013282001105944241
1882-09-30,0.014023732470334282,0.00955031501920156,0.00793959007551237,0.014023732470334282,0.012602801549254972,0.00793959007551237
1882-10-31,-0.02297008547008539,-0.012616483299906056,-0.02297008547008539,-0.02297008547008539,-0.018826483833480845,-0.02297008547008539
1882-11-30,-0.03844041735310266,-0.0219197892685582,-0.03844041735310266,-0.03844041735310266,-0.03199023869370232,-0.03844041735310266
1882-12-31,0.009753298909925157,0.006972327962024405,0.009753298909925157,0.009753298909925157,0.008960905056933033,0.009753298909925157
1883-01-31,-0.0005593607305937054,0.0008366502101535556,-0.0013282001105944241,-0.0018057774891654388,-0.0008350883796833797,-0.0018057774891654388
1883-02-28,-0.017761044176706542,-0.009423909023124843,0.004683333237965881,-0.007338590891716623,-0.005536637889930973,-0.007338590891716623
1883-03-31,0.017055457746478986,0.011440059165609862,0.004683333237965881,0.010042709178667897,0.009234208675369393,0.010042709178667897
1883-04-30,0.02555507246376809,0.0165500099328153,0.004683333237965881,0.014302971445959711,0.012857967380454749,0.014302971445959711
1883-05-31,-0.012433276547416439,-0.00625469000410106,0.004683333237965881,-0.004703580330517765,-0.003299251866388131,-0.004703580330517765
1883-06-30,0.013359329867129066,0.009229512502251014,0.004683333237965881,0.008201849261710414,0.007670493440592896,0.008201849261710414
1883-07-31,-0.010798969072164821,-0.005257611915892024,0.004683333237965881,-0.003869273211308588,-0.002587746751464115,-0.003869273211308588
1883-08-31,-0.04062390924956405,-0.02315792100167613,0.004683333237965881,-0.018787394854530293,-0.015270049748924652,-0.018787394854530293
1883-09-30,0.015958257160268108,0.01074560776644673,0.004683333237965881,0.009456403669127367,0.0087315002873809,0.009456403669127367
1883-10-31,-0.022177516576250667,-0.012089108812248228,0.004683333237965881,-0.009563305990743065,-0.007428178160038823,-0.009563305990743065
1883-11-30,0.01996902106567533,0.013179333876475186,0.004683333237965881,0.011489849737875035,0.010463436022936312,0.011489849737875035
1883-12-31,-0.016941391941391992,-0.008953653071359424,0.004683333237965881,-0.006951856239454823,-0.005209214033522702,-0.006951856239454823
1884-01-31,-0.024839263420724178,-0.013697578985905845,0.004683333237965881,-0.010906202152508704,-0.008572213194088407,-0.010906202152508704
1884-02-29,0.03228281853281856,0.020812227008583095,0.004341666698455704,0.01795349355847331,0.015905780785792967,0.01795349355847331
1884-03-31,0.0013314536340851557,0.002239963996308436,0.004341666698455704,0.002475379268663813,0.0027500848702701752,0.002475379268663813
1884-04-30,-0.0401996855345913,-0.022644324129749704,0.004341666698455704,-0.01825480455453532,-0.014866028708197754,-0.01825480455453532
1884-05-31,-0.07572957839262162,-0.04402343024710886,0.004341666698455704,-0.036084256140838655,-0.0300290319497738,-0.036084256140838655
1884-06-30,-0.0351254480286739,-0.019719067492552367,0.004341666698455704,-0.01584251240666601,-0.012830267173188248,-0.01584251240666601
1884-07-31,0.0059473094170405805,0.00498190690282363,0.004341666698455704,0.004752740370505437,0.004683427249817518,0.004752740370505437
1884-08-31,0.06869768310911817,0.04268336024484287,0.004341666698455704,0.036180507366191605,0.0314045100734901,0.036180507366191605
1884-09-30,-0.026107594936709,-0.014287614508366242,0.004341666698455704,-0.01131503449996285,-0.008978787227496565,-0.01131503449996285
1884-10-31,-0.02699164851125624,-0.014775032297679291,0.004341666698455704,-0.011711955726164347,-0.009309865773176051,-0.011711955726164347
1884-11-30,-0.014420045045045349,-0.007236363392123857,0.004341666698455704,-0.005431118414740865,-0.00397131931882555,-0.005431118414740865
1884-12-31,0.0036398467432949833,0.003615069476517796,0.004341666698455704,0.003614405201693316,0.0037197769995138685,0.003614405201693316
1885-01-31,-0.017200460829492892,-0.00886548389205144,0.004341666698455704,-0.006781738537848692,-0.005113753637309593,-0.006781738537848692
1885-02-28,0.036523191823899515,0.023474538499692832,0.0033750001589456513,0.02021900070583027,0.017688161645767586,0.02021900070583027
1885-03-31,0.007866132723112207,0.006261292003600039,0.0033750001589456513,0.005869546567657258,0.005488900562213406,0.005869546567657258
1885-04-30,0.0031716133942161218,0.003481140089278245,0.0033750001589456513,0.0035596848436840745,0.0035310097619067893,0.0035596848436840745
1885-05-31,-0.006086956521739184,-0.002073454631124516,0.0033750001589456513,-0.0010698452154225269,-0.0004031916913769251,-0.0010698452154225269
1885-06-30,0.0006751543209877475,0.0019665084221385243,0.0033750001589456513,0.002292380417185269,0.002453075307314423,0.002292380417185269
1885-07-31,0.042426356589147396,0.027023002486863623,0.0033750001589456513,0.023173188285847246,0.020203057529573965,0.023173188285847246
1885-08-31,0.06097346786248137,0.038096132871517474,0.0033750001589456513,0.032388575493661254,0.028028971573616834,0.032388575493661254
1885-09-30,-0.008182944090587285,-0.0034244714146902666,-0.014133846426043761,-0.011076183201051304,-0.00892325397418503,-0.011076183201051304
1885-10-31,0.0625752688172041,0.03908725336391683,0.0625752688172041,0.0625752688172041,0.05368585145210614,0.0625752688172041
1885-11-30,0.06920392953929544,0.042993872182425896,0.06920392953929544,0.06920392953929544,0.05928405975980078,0.06920392953929544
1885-12-31,-0.003816793893129611,-0.0008277664424154452,-0.003816793893129611,-0.003816793893129611,-0.0027854333037765633,-0.003816793893129611
1886-01-31,0.003818910256410346,0.003828701682093927,0.003818910256410346,0.003818910256410346,0.0037467862132065655,0.003818910256410346
1886-02-28,0.023024038461538332,0.014516936942903458,0.023024038461538332,0.023024038461538332,0.020166337545364454,0.023024038461538332
1886-03-31,-0.017059748427672772,-0.009558744167145417,-0.017059748427672772,-0.017059748427672772,-0.013918621991903968,-0.017059748427672772
1886-04-30,-0.009741490044958057,-0.005160707182957469,-0.009741490044958057,-0.009741490044958057,-0.007700209632580335,-0.009741490044958057
1886-05-31,-0.01576009114583332,-0.008756751091908321,-0.01576009114583332,-0.01576009114583332,-0.012810266494744815,-0.01576009114583332
1886-06-30,0.049634794156706796,0.030474850538958043,0.049634794156706796,0.049634794156706796,0.042769877609511564,0.049634794156706796
1886-07-31,0.018861904761904746,0.011974155007806075,-0.0020488500157992418,0.0073057664287734525,0.006774773995432248,0.0073057664287734525
1886-08-31,0.011049093183239211,0.007334089957562684,0.00498279862413975,0.008041539319077806,0.00743182713353896,0.008041539319077806
1886-09-30,0.029562383612663057,0.018457483469292324,0.029562383612663057,0.029562383612663057,0.025718780069421632,0.029562383612663057
1886-10-31,0.028785541439806384,0.017969312471779464,0.028785541439806384,0.028785541439806384,0.025044398474073803,0.028785541439806384
1886-11-30,0.02804867256637178,0.017532736961847206,0.02804867256637178,0.02804867256637178,0.02441865321209047,0.02804867256637178
1886-12-31,-0.022740356937248074,-0.012934078570606022,-0.022740356937248074,-0.022740356937248074,-0.018750693677473618,-0.022740356937248074
1887-01-31,-0.007350768321513046,-0.0036950906621157076,-0.007350768321513046,-0.007350768321513046,-0.005672612770183272,-0.007350768321513046
1887-02-28,-0.0038082437275984704,-0.0015427154703693269,-0.0038082437275984704,-0.0038082437275984704,-0.002529448661944045,-0.0038082437275984704
1887-03-31,0.026887785800240538,0.016884276540525933,0.026887785800240538,0.026887785800240538,0.023564129995826244,0.026887785800240538
1887-04-30,0.02630805408583181,0.016513234014525535,0.02630805408583181,0.02630805408583181,0.023061187838126163,0.02630805408583181
1887-05-31,0.020581896551724155,0.013082908120541026,0.020581896551724155,0.020581896551724155,0.018194467653299018,0.020581896551724155
1887-06-30,-0.025494350282486034,-0.014549552603199456,-0.025494350282486034,-0.025494350282486034,-0.020965574892157113,-0.025494350282486034
1887-07-31,-0.020978766724840114,-0.011849258298211374,-0.020978766724840114,-0.020978766724840114,-0.01713894854755349,-0.020978766724840114
1887-08-31,-0.02146690518783556,-0.012131125517376051,-0.02146690518783556,-0.02146690518783556,-0.01755031272192753,-0.02146690518783556
1887-09-30,-0.00913608562691115,-0.004729204251777586,-0.0012536499842007442,-0.00913608562691115,-0.007069712003042183,-0.0012536499842007442
1887-10-31,-0.029662329615861238,-0.01702234914733336,0.004775000015894593,-0.029662329615861238,-0.024507185159522993,0.004775000015894593
1887-11-30,0.02319711538461533,0.01466648654587388,0.004775000015894593,0.00955484018891517,0.008840854401857445,0.006517062334785884
1887-12-31,-0.0017295597484277003,-0.0002681683966674342,0.004775000015894593,0.00010337101955015804,0.0008011068612709948,0.00010337101955015804
1888-01-31,0.011516445287792498,0.007708523431197323,0.004775000015894593,0.006757677894088543,0.00645849608631166,0.006757677894088543
1888-02-29,-0.0017780916509730904,0.0007522179739936075,0.004091666539510097,-0.004758618941350434,-0.0034340621016680783,-0.001932883459726975
1888-03-31,-0.03401199494949492,-0.01858909751541704,0.004091666539510097,-0.03401199494949492,-0.02830081294993203,0.004091666539510097
1888-04-30,0.007928149606299284,0.006521404824256782,0.004091666539510097,0.007928149606299284,0.007322458437797552,0.004091666539510097
1888-05-31,0.01767483660130731,0.012415922667169621,0.004091666539510097,0.008073981474627123,0.007476374932845253,0.005040659564472749
1888-06-30,-0.027079303675048405,-0.014455672123410812,0.004091666539510097,-0.011296014754328731,-0.00899055077702815,-0.011296014754328731
1888-07-31,0.02991184298070526,0.019704753808756026,0.004091666539510097,0.01716307054985311,0.015196514351639268,0.01716307054985311
1888-08-31,0.025238326848249004,0.016905675045647994,0.004091666539510097,0.014830093908707376,0.013214310113238703,0.014830093908707376
1888-09-30,0.028492063492063346,0.018858885464767106,0.004091666539510097,0.016456834896332095,0.01459793832740397,0.016456834896332095
1888-10-31,-0.0019625154894672425,0.0005765272134752308,-0.007950740396530431,-0.004921269404100759,-0.0035762305659986504,-0.004921269404100759
1888-11-30,-0.016951713395638723,-0.00839780160545267,-0.016951713395638723,-0.016951713395638723,-0.013799778783882055,-0.016951713395638723
1888-12-31,-0.015426208651399542,-0.0075097561840201665,-0.015426208651399542,-0.015426208651399542,-0.012514646724585021,-0.015426208651399542
1889-01-31,0.02317120622568103,0.01564468958536125,0.02317120622568103,0.02317120622568103,0.02029384803920009,0.02317120622568103
1889-02-28,0.01508110687022901,0.010255708895354765,-0.001982583412329375,0.01508110687022901,0.01341069345892576,-0.001982583412329375
1889-03-31,-0.01717767295597472,-0.009090479489247683,-0.023074606918238927,-0.01717767295597472,-0.014002988697656593,-0.023074606918238927
1889-04-30,0.001713230571611879,0.002230674397162735,0.001713230571611879,0.001713230571611879,0.0020459988252903294,0.001713230571611879
1889-05-31,0.030659588159588358,0.019625170922561885,-0.001982583412329375,0.013818463336230824,0.012356850305890177,0.013818463336230824
1889-06-30,0.020441729323308122,0.013456157454355688,0.004041666587193848,0.011717948151612534,0.010561594209792524,0.011717948151612534
1889-07-31,-0.016879235982748098,-0.008922220760697819,-0.022777960566851663,-0.019803287719740603,-0.016237334242831136,-0.019803287719740603
1889-08-31,0.016718553459119656,0.011230765186127423,0.016718553459119656,0.016718553459119656,0.014800552511703646,0.016718553459119656
1889-09-30,0.027661390440719913,0.017805183547295433,0.027661390440719913,0.027661390440719913,0.024108645157865594,0.027661390440719913
1889-10-31,-0.014822727272727043,-0.007700856749944807,-0.014822727272727043,-0.014822727272727043,-0.012010500147289438,-0.014822727272727043
1889-11-30,-0.005851851851852219,-0.002310533414510152,-0.005851851851852219,-0.005851851851852219,-0.0043823667249481835,-0.005851851851852219
1889-12-31,-0.0021806853582549968,-9.56245649815779e-05,-0.0021806853582549968,-0.0021806853582549968,-0.0012549248292234028,-0.0021806853582549968
1890-01-31,0.01472431077694214,0.010051790847054987,0.01472431077694214,0.01472431077694214,0.013117085564778419,0.01472431077694214
1890-02-28,-0.0077447335811644535,-0.004082961155329801,-0.0013447667614618908,-0.0061373791577243875,-0.004525317799055184,-0.0061373791577243875
1890-03-31,-0.004072681704260561,-0.001870448462560348,-0.010048245614035056,-0.0070742445896235795,-0.005316951407318804,-0.0070742445896235795
1890-04-30,0.02430555555555558,0.015167647049996846,-0.0013447667614618908,0.009854629895298173,0.009082075712742554,0.009854629895298173
1890-05-31,0.0460729746444033,0.028208913354501375,0.004683333237965881,0.023749906044732816,0.02088679768440227,0.023749906044732816
1890-06-30,-0.0038552787663108656,-0.001771076630496915,-0.00983214709371305,-0.006778652748151148,-0.005069532432640411,-0.006778652748151148
1890-07-31,-0.0038829151732377998,-0.001727072581248379,-0.0038829151732377998,-0.0038829151732377998,-0.002604509795900656,-0.0038829151732377998
1890-08-31,-0.020156438026474155,-0.011485179793483513,-0.020156438026474155,-0.020156438026474155,-0.01643693463390461,-0.020156438026474155
1890-09-30,-0.013247073321010494,-0.007357232427114058,-0.013247073321010494,-0.013247073321010494,-0.010576628226943052,-0.013247073321010494
1890-10-31,-0.04166666666666674,-0.024392572392293976,-0.0013447667614618908,-0.02298771731156901,-0.018846519410894436,-0.02298771731156901
1890-11-30,-0.06922572178477693,-0.040962272013912115,0.004683333237965881,-0.07207964628608265,-0.060602951108180036,-0.0013447667614618908
1890-12-31,-0.019462137296532234,-0.011142067939087119,0.004683333237965881,-0.019462137296532234,-0.01589939637917115,0.004683333237965881
1891-01-31,0.05615942028985521,0.0343102774034576,0.004683333237965881,0.05615942028985521,0.048418329533907345,0.004683333237965881
1891-02-28,0.01618457300275522,0.010896122961675081,0.00455000003178907,0.0066409607658024505,0.006291380806533686,0.003611950853769086
1891-03-31,-0.014625850340136082,-0.007532333049984574,0.00455000003178907,-0.0057551756170080015,-0.004211370096902867,-0.0057551756170080015
1891-04-30,0.0370755370755369,0.02347996395590135,0.00455000003178907,0.020086711517702582,0.017752272798160273,0.020086711517702582
1891-05-31,-0.00033534540576785066,0.0010115087673674417,0.00455000003178907,-0.0032844750213996132,-0.002116895630210225,-0.0014772999684016241
1891-06-30,-0.016498316498316457,-0.008644019461736319,0.00455000003178907,-0.016498316498316457,-0.013344754983616092,0.00455000003178907
1891-07-31,-0.01271477663230236,-0.006397832866515074,0.00455000003178907,-0.01271477663230236,-0.010141214579083457,0.00455000003178907
1891-08-31,0.03738644304682048,0.02366717171128707,0.00455000003178907,0.017205971257601593,0.015313587238844129,0.014145170942884588
1891-09-30,0.08485463150777561,0.052120391357155293,0.00455000003178907,0.04394762305781241,0.03803199912339039,0.04394762305781241
1891-10-31,0.0034396497811133298,0.0032093293313419924,-0.0025809881175733462,0.000547132477743073,0.0011331368706259948,0.000547132477743073
1891-11-30,-0.01156973108192616,-0.005685073677884067,-0.01156973108192616,-0.01156973108192616,-0.009152610034898312,-0.01156973108192616
1891-12-31,0.03396825396825398,0.021615819111538093,0.03396825396825398,0.03396825396825398,0.029542702552224576,0.03396825396825398
1892-01-31,0.02189926062846581,0.014351564609386136,0.02189926062846581,0.02189926062846581,0.019274590817515147,0.02189926062846581
1892-02-29,0.005192075015123976,0.0038722925673095876,0.005192075015123976,0.005192075015123976,0.004912678691641581,0.005192075015123976
1892-03-31,0.014266304347826164,0.009343294060223162,0.014266304347826164,0.014266304347826164,0.012637490071803814,0.014266304347826164
1892-04-30,0.0015934886499402445,0.0017311226283618364,0.0015934886499402445,0.0015934886499402445,0.0018587536581726738,0.0015934886499402445
1892-05-31,0.003415619389587121,0.0028458246256315434,0.003415619389587121,0.003415619389587121,0.0034143795819565614,0.003415619389587121
1892-06-30,-0.001944943147815792,-0.0003675861942675773,-0.001944943147815792,-0.001944943147815792,-0.0011407024850326186,-0.001944943147815792
1892-07-31,0.003485258724428286,0.002891283050378002,0.003485258724428286,0.003485258724428286,0.0034708493189918865,0.003485258724428286
1892-08-31,0.01794975932611309,0.011577961330256015,0.01794975932611309,0.01794975932611309,0.01576974229937811,0.01794975932611309
1892-09-30,-0.021426453143534974,-0.012063615928883165,-0.021426453143534974,-0.021426453143534974,-0.01771073666602041,-0.021426453143534974
1892-10-31,0.023672445255474406,0.014987815299706497,0.023672445255474406,0.023672445255474406,0.020614331802798258,0.023672445255474406
1892-11-30,-2.534287418010095e-05,0.0007775602204755927,-0.0026038334123293927,-0.001986384469575997,-0.0011920481084820578,-0.001986384469575997
1892-12-31,-0.007181328545781018,-0.003483906831058259,-0.013138240574506299,-0.010162884984239007,-0.008130920864755642,-0.010162884984239007
1893-01-31,0.021790683605565686,0.013893143320880874,0.021790683605565686,0.021790683605565686,0.01902627280768243,0.021790683605565686
1893-02-28,-0.014234997029114571,-0.007180915405479715,-0.00038389982620878893,-0.008366506009981567,-0.006281992221641386,-0.008366506009981567
1893-03-31,-0.032630066545674574,-0.018216737594099808,-0.03843428614640054,-0.035558005848856045,-0.029395662591832794,-0.035558005848856045
1893-04-30,0.0038182674199622735,0.003622975632145753,-0.00038389982620878893,0.0038182674199622735,0.004062810755873558,-0.00038389982620878893
1893-05-31,-0.08467984934086614,-0.049424604637807956,0.005650000174840297,-0.08467984934086614,-0.07113166821003891,0.005650000174840297
1893-06-30,-0.04330234159779611,-0.02472921255954008,0.005650000174840297,-0.04330234159779611,-0.036031209169638645,0.005650000174840297
1893-07-31,-0.08883224873463502,-0.05198372979711208,0.005650000174840297,-0.08883224873463502,-0.07469585660624334,0.005650000174840297
1893-08-31,-0.019005183413077886,-0.010162168890931356,0.005650000174840297,-0.010754628153958445,-0.008299070100185824,-0.013731294267838146
1893-09-30,0.07613357843137236,0.047024290040133865,0.005650000174840297,0.03975442005273089,0.034633620242206176,0.03975442005273089
1893-10-31,0.03448321891685735,0.02196473916180719,0.005650000174840297,0.018855986544550563,0.01686198293660479,0.018855986544550563
1893-11-30,0.020170370370370394,0.01343351702670259,0.005650000174840297,0.011758473470520947,0.01083709954333667,0.011758473470520947
1893-12-31,-0.030452224653537585,-0.016920449862265374,0.005650000174840297,-0.013532761515936187,-0.01065773096948297,-0.013532761515936187
1894-01-31,-0.015746409674980866,-0.00812418822000871,0.005650000174840297,-0.0062082979060523735,-0.004436878431605562,-0.0062082979060523735
1894-02-28,0.018582175925925926,0.013018279833038937,0.0025333333015442605,0.011633278672944725,0.010263781980714315,0.011633278672944725
1894-03-31,0.03424657534246567,0.022418967327833883,0.0025333333015442605,0.019466287496258783,0.01692284976279068,0.019466287496258783
1894-04-30,0.017677383592018092,0.012449428711232668,0.0025333333015442605,0.01115113880368468,0.0098519828000605,0.01115113880368468
1894-05-31,-0.03294493070751292,-0.0179060179818491,-0.03874726112326787,-0.03582749782105987,-0.030090026167476913,-0.03582749782105987
1894-06-30,-0.009280303030303139,-0.003750162825259973,-0.009280303030303139,-0.009280303030303139,-0.007535959898251954,-0.009280303030303139
1894-07-31,-0.016384408602150402,-0.007983698845260068,-0.0034818666982650015,-0.008840920516898998,-0.007137992318842157,-0.008840920516898998
1894-08-31,0.042025490196078374,0.027044835224466324,0.0025333333015442605,0.023306398043780874,0.020187267521170726,0.023306398043780874
1894-09-30,0.02003023431594886,0.013819902193864309,0.0025333333015442605,0.012278269206387193,0.010808568124035522,0.012278269206387193
1894-10-31,-0.027219122023809716,-0.014504170603992561,0.0025333333015442605,-0.011321050747085004,-0.009246635455967822,-0.011321050747085004
1894-11-30,0.004095622119815623,0.00425345892815332,-0.0019289516129032958,0.0010348297339024537,0.001254938236226577,0.0010348297339024537
1894-12-31,-0.005184331797234987,-0.0012745573782102504,-0.0034818666982650015,-0.0032953097581350788,-0.002423286301593053,-0.0032953097581350788
1895-01-31,-0.007591085271317688,-0.002737970575013904,0.0025333333015442605,-0.001521766808322167,-0.0009145852440446411,-0.001521766808322167
1895-02-28,-0.010064705882352754,-0.005294016345595787,0.0023583332697549864,-0.004097702621737032,-0.003130844896857665,-0.004097702621737032
1895-03-31,0.004077167859983799,0.0031953037267342665,0.0023583332697549864,0.0029784851282115277,0.0028830013770837493,0.0029784851282115277
1895-04-30,0.047002784407318865,0.028968969327671346,0.0023583332697549864,0.024461194418193166,0.02114552552120541,0.024461194418193166
1895-05-31,0.05876620900076279,0.03596896341687139,0.0023583332697549864,0.030283343329765566,0.026086143402152873,0.030283343329765566
1895-06-30,0.02313810556760676,0.014581413374364027,0.016999276934201113,0.020153339061028674,0.01748146742854284,0.020153339061028674
1895-07-31,0.007771276595744725,0.005415326909679941,0.007771276595744725,0.007771276595744725,0.006943642132813954,0.007771276595744725
1895-08-31,0.01830331920903938,0.011760468209561337,0.01830331920903938,0.01830331920903938,0.015907393602374587,0.01830331920903938
1895-09-30,0.009655532359081676,0.006560920315561658,0.009655532359081676,0.009655532359081676,0.008548842839335435,0.009655532359081676
1895-10-31,-0.011180843706777521,-0.005924318782038029,-0.011180843706777521,-0.011180843706777521,-0.009155451488144783,-0.011180843706777521
1895-11-30,-0.030321052631579026,-0.017412166805257034,-0.030321052631579026,-0.030321052631579026,-0.025429332153164563,-0.030321052631579026
1895-12-31,-0.055374001452432875,-0.03246691809053648,-0.055374001452432875,-0.055374001452432875,-0.04673860471957347,-0.055374001452432875
1896-01-31,-0.00792438271604945,-0.004032279525044147,-0.00792438271604945,-0.00792438271604945,-0.0064280091229113046,-0.00792438271604945
1896-02-29,0.045829430132709126,0.02923858162239945,-0.0011790998578071754,0.045829430132709126,0.0396742846730509,-0.0011790998578071754
1896-03-31,-0.012219101123595588,-0.0056385168931141205,0.0048500001430511475,-0.012219101123595588,-0.009688597424210466,0.0048500001430511475
1896-04-30,0.0126845509893454,0.009331951787175718,0.0048500001430511475,0.005498550396633606,0.005402673210499032,0.0024729780283387903
1896-05-31,-0.0010218702865756324,0.001115351622412275,0.0048500001430511475,0.00165211614238725,0.0021303907295742164,0.00165211614238725
1896-06-30,-0.01467803030303061,-0.0070792526631614505,0.0048500001430511475,-0.005177970636234153,-0.0036749934351223423,-0.005177970636234153
1896-07-31,-0.061261574074073843,-0.03505343649977699,0.0048500001430511475,-0.028495992948584736,-0.023497936343306325,-0.028495992948584736
1896-08-31,-0.05314975247524745,-0.03025977048448436,0.0048500001430511475,-0.024517414168757412,-0.020125037330544715,-0.024517414168757412
1896-09-30,0.05648512685914242,0.03552260269697238,0.0048500001430511475,0.030301382666791055,0.02647258090590543,0.030301382666791055
1896-10-31,0.026219866999168895,0.017372858126474267,0.0048500001430511475,0.015176264066649958,0.013617533435356766,0.015176264066649958
1896-11-30,0.07196747967479689,0.04485770250531962,0.0048500001430511475,0.038087161946381176,0.03309762573251862,0.038087161946381176
1896-12-31,-0.033105022831050546,-0.018250076594046538,0.0048500001430511475,-0.014518245063902535,-0.011625821548378101,-0.014518245063902535
1897-01-31,0.0035545023696681444,0.00377710653960861,-0.0024668246445498365,0.00048676701749861273,0.0011334035330763381,0.00048676701749861273
1897-02-28,-0.005924170616113389,-0.002282002640400349,-0.005924170616113389,-0.005924170616113389,-0.004599027838172343,-0.005924170616113389
1897-03-31,0.005980861244019309,0.004847439166935974,0.005980861244019309,0.005980861244019309,0.005514400061650715,0.005980861244019309
1897-04-30,-0.027446300715990524,-0.015200962393533413,-0.027446300715990524,-0.027446300715990524,-0.02289413347978686,-0.027446300715990524
1897-05-31,0.008620689655172598,0.006396756342447185,0.008620689655172598,0.008620689655172598,0.007741129764570198,0.008620689655172598
1897-06-30,0.05024509803921551,0.03140706784532532,-0.0031008333333333304,0.02362748566586359,0.020525532705431004,0.02362748566586359
1897-07-31,0.04800936768149877,0.03000460711664865,0.0029166666666666785,0.025517506151621072,0.02211827903434127,0.025517506151621072
1897-08-31,0.06838565022421506,0.042231375267891114,0.06197533632286967,0.06525056416570241,0.055916189876382694,0.06525056416570241
1897-09-30,0.05157894736842139,0.03211832057772446,0.05157894736842139,0.05157894736842139,0.0442301973882151,0.05157894736842139
1897-10-31,-0.029116465863453844,-0.01627373016127076,-0.029116465863453844,-0.029116465863453844,-0.024346277482233503,-0.029116465863453844
1897-11-30,-0.032157676348547715,-0.018079751738339533,-0.032157676348547715,-0.032157676348547715,-0.026920965317187018,-0.032157676348547715
1897-12-31,0.024731182795698636,0.016045974330991752,0.024731182795698636,0.024731182795698636,0.021430840172537824,0.024731182795698636
1898-01-31,0.030556140350877392,0.019561018285799925,0.030556140350877392,0.030556140350877392,0.026393450302860666,0.030556140350877392
1898-02-28,0.0010809426229509977,0.002429428588477389,0.0010809426229509977,0.0010809426229509977,0.0013769222871442555,0.0010809426229509977
1898-03-31,-0.04200889801505825,-0.02339678736111883,-0.04200889801505825,-0.04200889801505825,-0.03523036896798626,-0.04200889801505825
1898-04-30,-0.013858422939067805,-0.006576069182965716,-0.013858422939067805,-0.013858422939067805,-0.011336345541360315,-0.013858422939067805
1898-05-31,0.06907913931436882,0.043220609237381025,-0.0028274833965300505,0.06907913931436882,0.05918204506517588,-0.0028274833965300505
1898-06-30,0.0422655715263518,0.02706244906557731,0.00319166660308845,0.0422655715263518,0.03635516645094761,0.00319166660308845
1898-07-31,0.007109683794466859,0.00600093873633889,0.0010670256917000298,0.007109683794466859,0.006492951536978042,0.0010670256917000298
1898-08-31,0.040572506561679544,0.02612179233936862,0.040572506561679544,0.040572506561679544,0.034962298584233054,0.040572506561679544
1898-09-30,0.0011859582542692593,0.0024366805214610654,0.0011859582542692593,0.0011859582542692593,0.0014591431848618441,0.0011859582542692593
1898-10-31,-0.01779626108998722,-0.008912719629273536,-0.01779626108998722,-0.01779626108998722,-0.014649581582831472,-0.01779626108998722
1898-11-30,0.03621844660194151,0.02346144782896986,0.03621844660194151,0.03621844660194151,0.031247625718609395,0.03621844660194151
1898-12-31,0.06516290726817031,0.04080833965244235,0.06516290726817031,0.06516290726817031,0.05584135292504899,0.06516290726817031
1899-01-31,0.07906784660766952,0.049103432845432504,0.07906784660766952,0.07906784660766952,0.06763848093077907,0.07906784660766952
1899-02-28,0.04059347587719331,0.025142215781411403,0.04059347587719331,0.04059347587719331,0.03496693498098513,0.04059347587719331
1899-03-31,0.016937400950871595,0.011000606085374232,0.016937400950871595,0.016937400950871595,0.014887684333205087,0.016937400950871595
1899-04-30,0.01514713541666679,0.009961191231738775,0.01514713541666679,0.01514713541666679,0.013383519090071516,0.01514713541666679
1899-05-31,-0.03904063786008238,-0.02254689670405441,-0.03904063786008238,-0.03904063786008238,-0.03267432768422873,-0.03904063786008238
1899-06-30,-0.019793344068706142,-0.011039253424796391,-0.019793344068706142,-0.019793344068706142,-0.016338654019224963,-0.019793344068706142
1899-07-31,0.03742174629324513,0.023318529607541327,0.03742174629324513,0.03742174629324513,0.032308567430790136,0.03742174629324513
1899-08-31,0.02822054140127417,0.017781676048042927,0.02822054140127417,0.02822054140127417,0.024480425034709485,0.02822054140127417
1899-09-30,-0.008184523809524058,-0.004046162030749367,-0.008184523809524058,-0.008184523809524058,-0.0064564661560060355,-0.008184523809524058
1899-10-31,-0.001984563055991484,-0.00030325870903802343,-0.001984563055991484,-0.001984563055991484,-0.0011770826140632407,-0.001984563055991484
1899-11-30,0.021677181913774657,0.013904097392337,0.021677181913774657,0.021677181913774657,0.01894010698021642,0.021677181913774657
1899-12-31,-0.06540247678018551,-0.03836260723459861,-0.06540247678018551,-0.06540247678018551,-0.055086280234440954,-0.06540247678018551
1900-01-31,0.016299833887043036,0.010584309846540352,0.016299833887043036,0.016299833887043036,0.01431705871169453,0.016299833887043036
1900-02-28,0.02110655737704925,0.01383548723214334,-0.0023718999052048106,0.02110655737704925,0.01847821019020901,-0.0023718999052048106
1900-03-31,0.011171497584540946,0.007867411641063304,0.0036500000953674228,0.011171497584540946,0.010030029421834952,0.0036500000953674228
1900-04-30,0.015974440894568565,0.010761931055708551,0.0036500000953674228,0.015974440894568565,0.014119997572191512,0.0036500000953674228
1900-05-31,-0.044065457413249076,-0.025269588963987455,-0.049801064668769546,-0.044065457413249076,-0.03691709252842157,-0.049801064668769546
1900-06-30,-0.026283112582781487,-0.014651959227222067,-0.026283112582781487,-0.026283112582781487,-0.021830220882237628,-0.026283112582781487
1900-07-31,0.0037329351535837496,0.003381891547403759,-0.0023718999052048106,0.00033769787012705166,0.000834427589844644,0.00033769787012705166
1900-08-31,0.017491467576791875,0.011677419982698334,0.0036500000953674228,0.010224142685948179,0.009237906019902153,0.010224142685948179
1900-09-30,-0.01967592592592593,-0.010643723752632117,0.0036500000953674228,-0.008381489119786645,-0.006579292272544834,-0.008381489119786645
1900-10-31,0.040301724137931094,0.025328195701851186,0.0036500000953674228,0.02159205819376142,0.018896169985411992,0.02159205819376142
1900-11-30,0.08225873544093143,0.05047971305399068,0.0036500000953674228,0.04254666242747773,0.03670531100314833,0.04254666242747773
1900-12-31,0.06404320987654333,0.03949112254368625,0.0036500000953674228,0.0333764476965388,0.02890256369948041,0.0333764476965388
1901-01-31,0.032771712760795824,0.020753488578258095,0.026575082484231016,0.029764980050358547,0.02584747142306676,0.029764980050358547
1901-02-28,0.029034653465346727,0.018183942374892403,0.029034653465346727,0.029034653465346727,0.025157247176268882,0.029034653465346727
1901-03-31,0.039367816091953944,0.024389833228093183,0.039367816091953944,0.039367816091953944,0.03394281371897856,0.039367816091953944
1901-04-30,0.08729138925876634,0.0531301269142197,0.08729138925876634,0.08729138925876634,0.07466902845770429,0.08729138925876634
1901-05-31,-0.04721232596232594,-0.02762789229169771,-0.04721232596232594,-0.04721232596232594,-0.039687872306709115,-0.04721232596232594
1901-06-30,0.10295385942216462,0.06251000401313167,0.10295385942216462,0.10295385942216462,0.08796697385005392,0.10295385942216462
1901-07-31,-0.06400294117647054,-0.03771591981547573,-0.06400294117647054,-0.06400294117647054,-0.05396876938837636,-0.06400294117647054
1901-08-31,0.017163724253888013,0.011018072811210589,0.017163724253888013,0.017163724253888013,0.015033896970795713,0.017163724253888013
1901-09-30,-0.0017101990049750437,-0.00022558837287101063,-0.0017101990049750437,-0.0017101990049750437,-0.0009640821892163975,-0.0017101990049750437
1901-10-31,-0.007951041666666714,-0.003951681091403314,-0.007951041666666714,-0.007951041666666714,-0.006262223232169184,-0.007951041666666714
1901-11-30,0.024845132743362974,0.015719017039291794,0.024845132743362974,0.024845132743362974,0.021609488122098952,0.024845132743362974
1901-12-31,-0.012788778877887985,-0.006876406239114008,-0.012788778877887985,-0.012788778877887985,-0.010386403287432677,-0.012788778877887985
1902-01-31,0.0247463312368974,0.01565714012534225,0.0247463312368974,0.0247463312368974,0.021521650516322932,0.0247463312368974
1902-02-28,0.011922208538587498,0.007841267671923502,-0.0017340832543374374,0.011922208538587498,0.010761418817613722,-0.0017340832543374374
1902-03-31,0.0045024420024419864,0.0034107825833167293,-0.0015245726495726197,0.0045024420024419864,0.004465024772076109,-0.0015245726495726197
1902-04-30,0.037431910569105664,0.0231825138004238,0.037431910569105664,0.037431910569105664,0.032460708259476334,0.037431910569105664
1902-05-31,0.0008274371069183495,0.0011770944847815379,0.0008274371069183495,0.0008274371069183495,0.0013224832720171165,0.0008274371069183495
1902-06-30,-0.0027088258471239524,-0.0008924231796643145,-0.0027088258471239524,-0.0027088258471239524,-0.00166139413868438,-0.0027088258471239524
1902-07-31,0.025820451843043823,0.016223416866226303,0.025820451843043823,0.025820451843043823,0.02258564861862089,0.025820451843043823
1902-08-31,0.02990988372093062,0.018652616827223634,0.02990988372093062,0.02990988372093062,0.02605062567051064,0.02990988372093062
1902-09-30,0.005355794639486655,0.003918448016104081,0.005355794639486655,0.005355794639486655,0.005176976156221258,0.005355794639486655
1902-10-31,-0.028547080979284267,-0.01638489602434634,-0.028547080979284267,-0.028547080979284267,-0.02362205954051,-0.028547080979284267
1902-11-30,-0.03530532866588909,-0.020475043647613766,-0.03530532866588909,-0.03530532866588909,-0.029390753193267338,-0.03530532866588909
1902-12-31,-0.019720873786407855,-0.011131314017491789,-0.019720873786407855,-0.019720873786407855,-0.016149697815763475,-0.019720873786407855
1903-01-31,0.05436542443064196,0.03334549925981056,-0.0017340832543374374,0.05436542443064196,0.04683481543770052,-0.0017340832543374374
1903-02-28,-0.0026270685579194986,-0.0008307778581255754,0.0030916666984557306,-0.0026270685579194986,-0.0018057854618815927,0.0030916666984557306
1903-03-31,-0.035919540229885194,-0.02073690875836054,0.0030916666984557306,-0.035919540229885194,-0.030072110002041685,0.0030916666984557306
1903-04-30,-0.03736901815181526,-0.02165174485248922,0.0030916666984557306,-0.02060117310254239,-0.01705518240173709,-0.023548210696015204
1903-05-31,-0.015717204301075482,-0.008660668391994197,0.0030916666984557306,-0.018729313954003013,-0.015471294641141276,-0.0029268833017349616
1903-06-30,-0.051535087719297934,-0.030116032860616704,0.0030916666984557306,-0.027655759853422612,-0.02305428763891426,-0.03058157000431505
1903-07-31,-0.0419951253481895,-0.0244417663578409,0.0030916666984557306,-0.020037167352450647,-0.016578476702663658,-0.020037167352450647
1903-08-31,-0.027940389294403678,-0.015992402468236966,0.0030916666984557306,-0.012991970828718835,-0.010588232958139154,-0.012991970828718835
1903-09-30,-0.019796380090498,-0.011082546547041883,0.0030916666984557306,-0.008894996582066161,-0.007103121020043068,-0.008894996582066161
1903-10-31,-0.02799201442555399,-0.015984950689152844,0.0030916666984557306,-0.012976676963911138,-0.010570994476453044,-0.012976676963911138
1903-11-30,0.007831469648562184,0.005499112139176754,0.0030916666984557306,0.004925415642671904,0.004644231180808811,0.004925415642671904
1903-12-31,0.050822717622081015,0.03133258549214846,0.0030916666984557306,0.02646184911378069,0.022955613049988388,0.02646184911378069
1904-01-31,0.021140284119735897,0.013465538398894195,0.0030916666984557306,0.01156100563807061,0.010281640572387785,0.01156100563807061
1904-02-29,-0.02266342315369252,-0.012715534287649932,0.0014833333094914636,-0.010223127821787914,-0.008470437051879331,-0.010223127821787914
1904-03-31,0.0012820512820514995,0.0016442844254915823,0.0014833333094914636,0.0017425243511404176,0.0016991910678947342,0.0017425243511404176
1904-04-30,0.029021347736625236,0.018325126831393757,0.0014833333094914636,0.015651379713202962,0.013526060433146414,0.015651379713202962
1904-05-31,-0.01690135542168647,-0.009262202995545255,0.0014833333094914636,-0.007344789334069568,-0.006026000653569841,-0.007344789334069568
1904-06-30,0.005769230769230527,0.004351885387400722,-0.0002653846153848338,0.002722756623580791,0.002535131838605098,0.002722756623580791
1904-07-31,0.04565668202764983,0.028309543084297895,-0.004525566690365523,0.02090722184320315,0.01799891401453313,0.02090722184320315
1904-08-31,0.03789700098328397,0.02359899890661077,0.031669618977384184,0.03484922646584354,0.029849455739464847,0.03484922646584354
1904-09-30,0.04802662862577267,0.029689663145056278,0.04802662862577267,0.04802662862577267,0.04101704555846064,0.04802662862577267
1904-10-31,0.06234858834244106,0.038270307833383255,0.06234858834244106,0.06234858834244106,0.05318277810525984,0.06234858834244106
1904-11-30,0.057562365591397935,0.035381039493376676,0.057562365591397935,0.057562365591397935,0.04910412868467229,0.057562365591397935
1904-12-31,0.012953896368828932,0.008626967639235428,0.012953896368828932,0.012953896368828932,0.01119196190962235,0.012953896368828932
1905-01-31,0.02496666666666658,0.015899001316781902,0.02496666666666658,0.02496666666666658,0.02143530307762065,0.02496666666666658
1905-02-28,0.04698793989719263,0.02945937331756099,0.04698793989719263,0.04698793989719263,0.040476449115753876,0.04698793989719263
1905-03-31,0.03139204545454577,0.020071087424253786,0.03139204545454577,0.03139204545454577,0.02720554527744623,0.03139204545454577
1905-04-30,-0.009238489871086775,-0.004285746051276962,-0.009238489871086775,-0.009238489871086775,-0.00731818857374722,-0.009238489871086775
1905-05-31,-0.0462499999999999,-0.026472022962725217,-0.0462499999999999,-0.0462499999999999,-0.038767084261313145,-0.0462499999999999
1905-06-30,0.014901960784313495,0.010161413784551154,0.014901960784313495,0.014901960784313495,0.013181388624254886,0.014901960784313495
1905-07-31,0.034512596899225034,0.021983388245968793,0.034512596899225034,0.034512596899225034,0.029881996890194884,0.034512596899225034
1905-08-31,0.04024145058248796,0.02539113895969347,0.04024145058248796,0.04024145058248796,0.034736549914346604,0.04024145058248796
1905-09-30,0.006204710144927628,0.004960691736253464,0.006204710144927628,0.006204710144927628,0.005801831002371749,0.006204710144927628
1905-10-31,0.017034127843986724,0.011504899620462972,0.017034127843986724,0.017034127843986724,0.015032075035791737,0.017034127843986724
1905-11-30,-0.0024189814814814525,-0.0001836694361698754,-0.0024189814814814525,-0.0024189814814814525,-0.0015111686895692422,-0.0024189814814814525
1905-12-31,0.02765843179376981,0.01787281279940811,0.02765843179376981,0.02765843179376981,0.024059866157020826,0.02765843179376981
1906-01-31,0.03752445842068486,0.023763928605698537,0.03752445842068486,0.03752445842068486,0.03243231137379521,0.03752445842068486
1906-02-28,-0.0042071935157040885,-0.0021001991782308993,-0.0042071935157040885,-0.0042071935157040885,-0.002783607771056351,-0.0042071935157040885
1906-03-31,-0.021534863945578242,-0.01244901872948656,-0.021534863945578242,-0.021534863945578242,-0.017494412999861098,-0.021534863945578242
1906-04-30,-0.010518654114365145,-0.00585727420932991,-0.010518654114365145,-0.010518654114365145,-0.008144196163724304,-0.010518654114365145
1906-05-31,-0.023336868151290546,-0.013524719559445342,-0.023336868151290546,-0.023336868151290546,-0.019030919764240206,-0.023336868151290546
1906-06-30,0.016385257806826647,0.01029638100284025,0.016385257806826647,0.016385257806826647,0.01472218921638424,0.016385257806826647
1906-07-31,-0.02248387096774207,-0.013002849313074938,-0.0005827000315983266,-0.01357416758488672,-0.01073486020211556,-0.01357416758488672
1906-08-31,0.07741629874908029,0.04692954681044159,0.005449999968210939,0.07414524601786177,0.06386229127293563,-0.0005827000315983266
1906-09-30,0.034108427543679376,0.020881501108153344,0.005449999968210939,0.034108427543679376,0.02975650924343487,0.005449999968210939
1906-10-31,-0.026684114323695884,-0.015525375347222536,-0.032524009637753704,-0.026684114323695884,-0.021884820792472226,-0.032524009637753704
1906-11-30,0.02393114080164449,0.014855033967984044,0.02393114080164449,0.02393114080164449,0.021133305822324422,0.02393114080164449
1906-12-31,-0.0057066129573682955,-0.002910702668921017,-0.0057066129573682955,-0.0057066129573682955,-0.004046910303645124,-0.0057066129573682955
1907-01-31,-0.02503980352303492,-0.014481434787185443,-0.02503980352303492,-0.02503980352303492,-0.020474726985959202,-0.02503980352303492
1907-02-28,-0.02783559972106009,-0.01606904509785656,-0.02783559972106009,-0.02783559972106009,-0.022807279245339096,-0.02783559972106009
1907-03-31,-0.09458243340532768,-0.05611393903461015,-0.0001933831437429534,-0.09458243340532768,-0.07954308573074753,-0.0001933831437429534
1907-04-30,0.008915169660678846,0.005883621875026668,0.005841666857401506,0.002294496841046989,0.002826369144685259,-0.000721434443329283
1907-05-31,-0.030426102502980057,-0.01757753881414781,0.005841666857401506,-0.033324394392291845,-0.027463505650401454,-0.0001933831437429534
1907-06-30,-0.02777777777777768,-0.016018786613604896,0.005841666857401506,-0.01598201747967809,-0.012715679830065163,-0.018942954237512577
1907-07-31,0.04276466836734705,0.02631470525910462,0.005841666857401506,0.039589602049246775,0.034534298375943795,-0.0001933831437429534
1907-08-31,-0.07057022932022938,-0.04169106864183614,0.005841666857401506,-0.037299136914652475,-0.030869869556618745,-0.040195929882813064
1907-09-30,-0.005865427180168248,-0.0029154391901898835,0.005841666857401506,-0.008959541231757906,-0.006759192357765786,-0.0001933831437429534
1907-10-31,-0.10387807606263988,-0.0616190217872149,0.005841666857401506,-0.10387807606263988,-0.08742832134781797,0.005841666857401506
1907-11-30,-0.05325426706827319,-0.03138548846267353,0.005841666857401506,-0.05325426706827319,-0.04447777033923961,0.005841666857401506
1907-12-31,0.0570666666666666,0.034885439637375226,0.005841666857401506,0.026357684120471125,0.023289310196924262,0.023269346053910178
1908-01-31,0.04815702688990342,0.029551212648654124,0.005841666857401506,0.024916176430283432,0.022045959848008945,0.024916176430283432
1908-02-29,-0.031225060827250517,-0.017207002590162612,0.0015999999642373197,-0.01368976253346188,-0.011403677502566767,-0.01368976253346188
1908-03-31,0.04633838383838418,0.0293387096174893,0.0015999999642373197,0.025100276603796434,0.02156948637522893,0.025100276603796434
1908-04-30,0.05903323629306145,0.036944330281025506,0.0015999999642373197,0.03143498452154492,0.026950728591873974,0.03143498452154492
1908-05-31,0.058739640883977984,0.036747420642207596,0.0015999999642373197,0.03126588109769868,0.026804562513831787,0.03126588109769868
1908-06-30,0.005897771952818154,0.005042184189735677,-0.00013761467889872314,0.0029602243389936778,0.0027469476821384564,0.0029602243389936778
1908-07-31,0.041194371727748536,0.026290828167376157,0.041194371727748536,0.041194371727748536,0.035251830042309695,0.041194371727748536
1908-08-31,0.04727798821548834,0.029887102894171846,0.04727798821548834,0.04727798821548834,0.040395848987132776,0.04727798821548834
1908-09-30,-0.006759483454398474,-0.002544921373326847,-0.006759483454398474,-0.006759483454398474,-0.005538961939724474,-0.006759483454398474
1908-10-31,0.01638820889432857,0.011385612376253462,0.01638820889432857,0.01638820889432857,0.0141634560282633,0.01638820889432857
1908-11-30,0.07177851672712632,0.044613932542275414,0.07177851672712632,0.07177851672712632,0.061239901039815026,0.07177851672712632
1908-12-31,0.026425066062665037,0.017322299746930003,0.026425066062665037,0.026425066062665037,0.02264956977051713,0.026425066062665037
1909-01-31,0.007044112218531184,0.005753925028046725,0.007044112218531184,0.007044112218531184,0.006208810117242836,0.007044112218531184
1909-02-28,-0.02495676968359095,-0.014138279228030348,-0.02495676968359095,-0.02495676968359095,-0.020878556797782832,-0.02495676968359095
1909-03-31,0.017518939393939004,0.011316023952695708,0.017518939393939004,0.017518939393939004,0.015208261233872422,0.017518939393939004
1909-04-30,0.048704222720478585,0.030048974614071078,0.048704222720478585,0.048704222720478585,0.04172536013777517,0.048704222720478585
1909-05-31,0.036987660944206135,0.02297942239018358,0.036987660944206135,0.036987660944206135,0.031743070381691885,0.036987660944206135
1909-06-30,0.021287642782969796,0.013580711150402713,0.021287642782969796,0.021287642782969796,0.018407022064255374,0.021287642782969796
1909-07-31,0.01788520408163219,0.011565872619627271,0.01788520408163219,0.01788520408163219,0.015526657391561782,0.01788520408163219
1909-08-31,0.027722166331321407,0.017477184820720915,0.027722166331321407,0.027722166331321407,0.02389053840293065,0.027722166331321407
1909-09-30,0.0045022920759658636,0.00353615380886807,0.0045022920759658636,0.0045022920759658636,0.004146593933158416,0.0045022920759658636
1909-10-31,0.007468923781485337,0.005353482383868791,0.007468923781485337,0.007468923781485337,0.006685614279860808,0.007468923781485337
1909-11-30,-0.0013302378624959754,7.418170108119959e-05,-0.0013302378624959754,-0.0013302378624959754,-0.0007959086648682279,-0.0013302378624959754
1909-12-31,0.015389652914211238,0.01011295198436346,0.015389652914211238,0.015389652914211238,0.0134171706785986,0.015389652914211238
1910-01-31,-0.017779126213592455,-0.009797379014859886,-0.017779126213592455,-0.017779126213592455,-0.014783273270377428,-0.017779126213592455
1910-02-28,-0.032035383597883715,-0.018137954522284505,-0.032035383597883715,-0.032035383597883715,-0.026872716702285637,-0.032035383597883715
1910-03-31,0.028527949245541917,0.018178611682913237,0.028527949245541917,0.028527949245541917,0.02459345313282335,0.028527949245541917
1910-04-30,-0.02033132530120496,-0.011118970748224877,-0.0035315666508674015,-0.011744565421581532,-0.009633992977166828,-0.011744565421581532
1910-05-31,-0.01258144718792853,-0.006464494833024692,0.002483333349228012,-0.004928260368821991,-0.003820822871938412,-0.004928260368821991
1910-06-30,-0.044150976290097455,-0.02539248448313447,0.002483333349228012,-0.04704067748402463,-0.0396327573283779,-0.0035315666508674015
1910-07-31,-0.046359890109889945,-0.02676163388241759,0.002483333349228012,-0.02471234060330829,-0.02064226934559521,-0.027647007582435768
1910-08-31,0.028742283950617065,0.018295109346067928,0.002483333349228012,0.015699331213638867,0.01370771855649866,0.015699331213638867
1910-09-30,0.01113465160075311,0.007769645151341598,0.002483333349228012,0.006936026253716365,0.006263032933381929,0.006936026253716365
1910-10-31,0.05036475869809176,0.03133440082468142,0.002483333349228012,0.02657941406979991,0.022963286472230893,0.02657941406979991
1910-11-30,0.0031071173104435523,0.0029274902292890648,0.002483333349228012,0.00289613565850777,0.002824969649438458,0.00289613565850777
1910-12-31,-0.023720014321518046,-0.01310060982204242,0.002483333349228012,-0.0104456764084504,-0.00850650811770337,-0.0104456764084504
1911-01-31,0.028637200736647994,0.01827666766555658,0.022465377532228104,0.02550989200670073,0.022061003949477076,0.02550989200670073
1911-02-28,0.0214850773103199,0.014098893489404407,-0.0038711833886305724,0.009261705952572807,0.008177849532863712,0.009261705952572807
1911-03-31,-0.00751148815835978,-0.0032872027390596914,-0.01346641922940961,-0.010461933589043237,-0.008578838021263469,-0.010461933589043237
1911-04-30,-8.941344778234939e-05,0.0011775187243416863,-8.941344778234939e-05,-8.941344778234939e-05,0.00023781702533565152,-8.941344778234939e-05
1911-05-31,0.02577227011494254,0.016706053301109636,0.02577227011494254,0.02577227011494254,0.0222259353032197,0.02577227011494254
1911-06-30,0.024173699015471062,0.01571985057832448,0.024173699015471062,0.024173699015471062,0.020850840772335566,0.024173699015471062
1911-07-31,-8.617718028258725e-05,0.0011674763637352648,-8.617718028258725e-05,-8.617718028258725e-05,0.00023148533377725933,-8.617718028258725e-05
1911-08-31,-0.043700242298373104,-0.02497473769996661,-0.043700242298373104,-0.043700242298373104,-0.03682559709637512,-0.043700242298373104
1911-09-30,-0.05025445292620867,-0.028969077384543906,-0.05025445292620867,-0.05025445292620867,-0.04242990121398804,-0.05025445292620867
1911-10-31,0.01028450595924646,0.007342552494207011,-0.0038711833886305724,0.0036866244271034354,0.003456626897047288,0.0036866244271034354
1911-11-30,0.04462920489296618,0.02801944440342119,0.002141666611035653,0.023869231308716765,0.02060834838024106,0.023869231308716765
1911-12-31,0.008728408673281729,0.006431819019785179,0.002141666611035653,0.005869647208956774,0.0053021228345082605,0.005869647208956774
1912-01-31,0.005404317599707165,0.004488671308429559,0.002141666611035653,0.004261432208191973,0.003942018297966365,0.004261432208191973
1912-02-29,-0.00446180555555542,-0.002540051531705223,0.0029333333174388354,-0.0020589394827674745,-0.0013109113854117282,-0.0020589394827674745
1912-03-31,0.03311670353982343,0.02001747314835023,0.0029333333174388354,0.016744169190955782,0.014670622433120561,0.016744169190955782
1912-04-30,0.03542383512544789,0.02137589913688398,0.0029333333174388354,0.017873758461841582,0.015627411173987582,0.017873758461841582
1912-05-31,0.0030778588807787166,0.001980315854629877,-0.0029406082725059735,0.00012036239470525345,0.0005367974314447466,0.00012036239470525345
1912-06-30,0.004131871955463051,0.0026726408113326716,0.004131871955463051,0.004131871955463051,0.003951980498951402,0.004131871955463051
1912-07-31,0.005182672233820407,0.003315895770999333,0.005182672233820407,0.005182672233820407,0.004844353698588044,0.005182672233820407
1912-08-31,0.02708289885297166,0.016468722805566438,0.02708289885297166,0.02708289885297166,0.023458711400839993,0.02708289885297166
1912-09-30,0.009153075093442098,0.005694067625312771,0.009153075093442098,0.009153075093442098,0.008201914511967612,0.009153075093442098
1912-10-31,0.0020140297498310034,0.001450387187405422,0.0020140297498310034,0.0020140297498310034,0.0021471958201715324,0.0020140297498310034
1912-11-30,-0.007120596205961949,-0.004005875210322696,-0.007120596205961949,-0.007120596205961949,-0.005613204595935728,-0.007120596205961949
1912-12-31,-0.031860226104830414,-0.018844513617928493,-0.031860226104830414,-0.031860226104830414,-0.02664872079769731,-0.031860226104830414
1913-01-31,-0.004264392324093813,-0.0023094349974517314,-0.004264392324093813,-0.004264392324093813,-0.0032119919815749576,-0.004264392324093813
1913-02-28,-0.03118279569892457,-0.01645866707622201,-0.003332766642967888,-0.03118279569892457,-0.02610825600419342,-0.003332766642967888
1913-03-31,-0.014492753623188581,-0.006498296292906214,0.0026833333571751883,-0.014492753623188581,-0.01194262555475778,0.0026833333571751883
1913-04-30,0.003409090909090917,0.0042599084324439485,0.0026833333571751883,0.003409090909090917,0.0032868852172258656,0.0026833333571751883
1913-05-31,-0.022753128555176194,-0.011418442894235326,0.0026833333571751883,-0.011555130326255436,-0.009424218897441272,-0.014529387707420183
1913-06-30,-0.04561403508771955,-0.02517930284639691,0.0026833333571751883,-0.02006233412679459,-0.01665481352969167,-0.02006233412679459
1913-07-31,0.01847290640394106,0.013229310718435361,0.0026833333571751883,0.011934891704099337,0.010538559642383705,0.011934891704099337
1913-08-31,0.03159173754556499,0.02115129804392546,0.0026833333571751883,0.018545118437747643,0.016162277827463045,0.018545118437747643
1913-09-30,0.014201183431952202,0.010691395287892203,0.0026833333571751883,0.009821618965802692,0.0087448037442035,0.009821618965802692
1913-10-31,-0.026963657678780728,-0.013989750804438983,0.0026833333571751883,-0.029870219111278073,-0.025001126073892155,-0.003332766642967888
1913-11-30,-0.020581113801452666,-0.01020213827330585,0.0026833333571751883,-0.020581113801452666,-0.017114252552517417,0.0026833333571751883
1913-12-31,0.003726708074534013,0.004384222837040985,0.0026833333571751883,0.003726708074534013,0.003552030449072374,0.0026833333571751883
1914-01-31,0.045968076285240134,0.029757386628883387,0.0026833333571751883,0.022630799610957375,0.019646673536716897,0.01955367584081391
1914-02-28,0.017821585025886266,0.01180596716839677,0.0028583333889642404,0.014828433408121011,0.013029952237468834,-0.0031588166113695193
1914-03-31,-0.014298349056603654,-0.0074274102716779256,-0.020212558962264038,-0.014298349056603654,-0.011735985848510322,-0.020212558962264038
1914-04-30,-0.019431089743589758,-0.010508458407087362,-0.019431089743589758,-0.019431089743589758,-0.016100743194892964,-0.019431089743589758
1914-05-31,0.010827175697865288,0.007640722618387885,0.010827175697865288,0.010827175697865288,0.0096143522180141,0.010827175697865288
1914-06-30,-0.00030599755201932144,0.0009846314167705206,-0.0031588166113695193,-0.0016825781106397653,-0.0010080766458012702,-0.0016825781106397653
1914-07-31,-0.050789257892579154,-0.029296302864906476,0.0028583333889642404,-0.02392214188716779,-0.019905661596051782,-0.02392214188716779
1914-08-31,0.00477430555555558,0.003968620180617721,0.0028583333889642404,0.0016769973387742443,0.001844743197858545,-0.0031588166113695193
1914-09-30,0.004720052083333259,0.004015794001525963,0.0028583333889642404,0.0008314657616073085,0.0011344079750734704,-0.002180063222630091
1914-10-31,0.004665798611110938,0.003985617258313479,0.0028583333889642404,0.0038160981229482527,0.003672056779518984,0.0038160981229482527
1914-11-30,0.0046115451388888395,0.003955440486248962,0.0028583333889642404,0.0016002537186572408,0.001789268418948442,-0.0031588166113695193
1914-12-31,-0.03841145833333326,-0.021855925885526095,0.0028583333889642404,-0.03841145833333326,-0.03222228194699939,0.0028583333889642404
1915-01-31,0.022458049886621367,0.014608526691965107,0.0028583333889642404,0.009685268003491343,0.008665001213947754,0.006647097688535997
1915-02-28,-0.008670900178252894,-0.0033043669265006015,0.0015999999642373197,-0.0019570901937147056,-0.001427301687166982,-0.0019570901937147056
1915-03-31,0.03051603432701011,0.02021055570067265,0.0015999999642373197,0.01763840710042408,0.015231324717102757,0.01763840710042408
1915-04-30,0.079957067371202,0.04985204669385723,0.0015999999642373197,0.04233391459312541,0.036217675544500505,0.04233391459312541
1915-05-31,-0.018998771498771605,-0.00959037159062226,0.0015999999642373197,-0.0072180210562100555,-0.005910940333726189,-0.0072180210562100555
1915-06-30,0.015775681341718917,0.011336560281463681,0.009681027253668706,0.012691867778444443,0.01103021839279883,0.012691867778444443
1915-07-31,0.0006820066334989328,0.0022947017425019034,0.0006820066334989328,0.0006820066334989328,0.000808998492923596,0.0006820066334989328
1915-08-31,0.04688618393674582,0.030021997381965093,0.04688618393674582,0.04688618393674582,0.040092526518124894,0.04688618393674582
1915-09-30,0.041392215568862634,0.026666246964059503,0.041392215568862634,0.041392215568862634,0.03538889484382879,0.041392215568862634
1915-10-31,0.05954869130100082,0.03756237312367938,0.05954869130100082,0.05954869130100082,0.050825492831219954,0.05954869130100082
1915-11-30,0.03892414296134228,0.025158084999256314,0.03892414296134228,0.03892414296134228,0.033281930308698415,0.03892414296134228
1915-12-31,0.005902043692741055,0.005369619909455725,0.005902043692741055,0.005902043692741055,0.005228959763943886,0.005902043692741055
1916-01-31,-0.011947960618846953,-0.00529867980564569,-0.011947960618846953,-0.011947960618846953,-0.009919007922279954,-0.011947960618846953
1916-02-29,-0.009899071096820533,-0.005102406592262576,-0.009899071096820533,-0.009899071096820533,-0.008097093782985842,-0.009899071096820533
1916-03-31,0.0009284420289856765,0.0014059236547234732,0.0009284420289856765,0.0009284420289856765,0.0011073469102338418,0.0009284420289856765
1916-04-30,-0.006603962195565138,-0.0030924842651531836,-0.006603962195565138,-0.006603962195565138,-0.005286821732777058,-0.006603962195565138
1916-05-31,0.026499448732083764,0.01676377676593588,0.026499448732083764,0.026499448732083764,0.02284511897095398,0.026499448732083764
1916-06-30,0.014158576051779725,0.009342745773760264,0.014158576051779725,0.014158576051779725,0.012343878570273414,0.014158576051779725
1916-07-31,-0.009385683760683605,-0.0047606941593307806,-0.009385683760683605,-0.009385683760683605,-0.007659311173589978,-0.009385683760683605
1916-08-31,0.012249006861682954,0.008225501674590907,0.012249006861682954,0.012249006861682954,0.010730141512972136,0.012249006861682954
1916-09-30,0.045586917562723706,0.02823580642850021,-0.0038297667614618502,0.045586917562723706,0.03906846378867512,-0.0038297667614618502
1916-10-31,0.03562586088154296,0.022217172519987338,0.029412105716253745,0.03562586088154296,0.03057654855318792,0.029412105716253745
1916-11-30,0.02763193052772217,0.01744037867059589,0.02763193052772217,0.02763193052772217,0.02378922607365519,0.02763193052772217
1916-12-31,-0.035586026771139534,-0.020472391128796175,-0.035586026771139534,-0.035586026771139534,-0.029939069152735698,-0.035586026771139534
1917-01-31,-0.018615646258503538,-0.01030477153957754,-0.018615646258503538,-0.018615646258503538,-0.015525122534031488,-0.018615646258503538
1917-02-28,-0.05136102403343801,-0.030351559331576627,-0.05136102403343801,-0.05136102403343801,-0.04324358343912815,-0.05136102403343801
1917-03-31,0.03647563676633503,0.022310732130099042,0.03647563676633503,0.03647563676633503,0.031388326753581275,0.03647563676633503
1917-04-30,-0.009637486573576881,-0.005315975078490021,-0.0031588166113695193,-0.009637486573576881,-0.007787853518901322,-0.0031588166113695193
1917-05-31,-0.02822428207924388,-0.016423635218504207,0.0028583333889642404,-0.02822428207924388,-0.02357129685440762,0.0028583333889642404
1917-06-30,0.026194507148231683,0.01620988551616409,0.0028583333889642404,0.026194507148231683,0.022669176459055196,0.0028583333889642404
1917-07-31,-0.021793879056047016,-0.01256333106389007,0.0028583333889642404,-0.021793879056047016,-0.01811318732874312,0.0028583333889642404
1917-08-31,-0.023448047023132634,-0.013543746030039605,0.0028583333889642404,-0.023448047023132634,-0.01952092189867194,0.0028583333889642404
1917-09-30,-0.04164224306369668,-0.024451688841003905,0.0028583333889642404,-0.04164224306369668,-0.03498696356166053,0.0028583333889642404
1917-10-31,-0.04732861247947451,-0.027879297126893965,0.0028583333889642404,-0.02587090266710257,-0.021571385014814815,-0.028802083501604847
1917-11-30,-0.07596354166666675,-0.045056828498054924,0.0028583333889642404,-0.03731599640155381,-0.03129973200512681,-0.03731599640155381
1917-12-31,-0.025923295454545414,-0.015068074643637686,0.0028583333889642404,-0.012329674213887643,-0.01006675044740557,-0.012329674213887643
1918-01-31,0.06862745098039236,0.04174624917571479,0.0028583333889642404,0.06537706357356465,0.05601868168211488,-0.0031588166113695193
1918-02-28,0.03825705039297267,0.024568356226794874,0.004400000174840324,0.01820117990720349,0.016089042539167542,0.015137384982708557
1918-03-31,-0.012786002691789866,-0.006011810785199523,0.004400000174840324,-0.004308621990769201,-0.00300880229108913,-0.004308621990769201
1918-04-30,-0.0021749084249086392,0.0003757105123716187,0.004400000174840324,-0.005194018487991392,-0.0037607416356881807,-0.0016263998262087132
1918-05-31,0.0392972723069811,0.025272337981577353,0.004400000174840324,0.0392972723069811,0.034057474163632584,0.004400000174840324
1918-06-30,0.00840053763440829,0.006692361386252399,0.004400000174840324,0.0033082645614521677,0.003446789171468456,0.00028928282255114013
1918-07-31,0.014988814317673516,0.010686981680492424,0.004400000174840324,0.009612776443045368,0.008830123370789478,0.009612776443045368
1918-08-31,0.01608965823346642,0.011336113083643573,0.009993120284065515,0.013057601896723448,0.011761412669561544,0.013057601896723448
1918-09-30,0.0013192612137205018,0.00247054806766811,0.0013192612137205018,0.0013192612137205018,0.001772540155401181,0.0013192612137205018
1918-10-31,0.04896109637488966,0.03106633698242134,0.04896109637488966,0.04896109637488966,0.042274479910755725,0.04896109637488966
1918-11-30,0.03159457167090762,0.020585098693457926,0.03159457167090762,0.03159457167090762,0.02748177950652364,0.03159457167090762
1918-12-31,-0.013957816377171306,-0.006722823175841053,-0.013957816377171306,-0.013957816377171306,-0.01122416379692115,-0.013957816377171306
1919-01-31,-0.0003512658227849963,0.0014511630180127355,-0.0003512658227849963,-0.0003512658227849963,0.0003472160830473303,-0.0003512658227849963
1919-02-28,0.00980148619957566,0.006125146711381646,0.00980148619957566,0.00980148619957566,0.009117596744562695,0.00980148619957566
1919-03-31,0.03637901861252124,0.02208016930277723,0.03637901861252124,0.03637901861252124,0.031708619042715824,0.03637901861252124
1919-04-30,0.03896449096880139,0.02360867063249361,0.03896449096880139,0.03896449096880139,0.03388596569737534,0.03896449096880139
1919-05-31,0.07462554628526075,0.04501586025114346,0.07462554628526075,0.07462554628526075,0.06419517975130606,0.07462554628526075
1919-06-30,0.03186547751765145,0.019327577288754894,0.03186547751765145,0.03186547751765145,0.027824408495983555,0.03186547751765145
1919-07-31,0.037519905899384476,0.022794390656220687,0.037519905899384476,0.037519905899384476,0.032661476799705325,0.037519905899384476
1919-08-31,-0.06253680336487921,-0.03722919028856764,-0.06253680336487921,-0.06253680336487921,-0.05238892452151167,-0.06253680336487921
1919-09-30,0.02085682074408135,0.012775976765842412,0.02085682074408135,0.02085682074408135,0.018462548062675,0.02085682074408135
1919-10-31,0.05601831298557158,0.03395482955412943,0.05601831298557158,0.05601831298557158,0.04839328962271572,0.05601831298557158
1919-11-30,-0.024874164026751133,-0.01461164839080642,-0.024874164026751133,-0.024874164026751133,-0.020389318112126298,-0.024874164026751133
1919-12-31,-0.024573812114616955,-0.014377802347530722,-0.024573812114616955,-0.024573812114616955,-0.020120804020476113,-0.024573812114616955
1920-01-31,-0.005154147982062929,-0.0027108016414625347,-0.005154147982062929,-0.005154147982062929,-0.0036142382728456823,-0.005154147982062929
1920-02-29,-0.0777019630049075,-0.045285593004004365,0.0004112998104095489,-0.04005930211029196,-0.033099591783852245,-0.04005930211029196
1920-03-31,0.07577160493827173,0.04668258395725511,0.006449999809265083,0.07240843344416792,0.06252473468963982,0.0004112998104095489
1920-04-30,-0.003044021530180907,-0.0005748770406992509,0.006449999809265083,-0.003044021530180907,-0.0016696146364650888,0.006449999809265083
1920-05-31,-0.05773546511627903,-0.03329566067264833,0.006449999809265083,-0.05773546511627903,-0.048114570119003774,0.006449999809265083
1920-06-30,-0.011993382961124843,-0.005928506223741858,0.006449999809265083,-0.011993382961124843,-0.009277983030031245,0.006449999809265083
1920-07-31,0.004190867003367016,0.0038536583365593735,0.006449999809265083,0.004190867003367016,0.004515431834237971,0.006449999809265083
1920-08-31,-0.03374736620311858,-0.018884537532591672,0.006449999809265083,-0.03374736620311858,-0.027719434057860814,0.006449999809265083
1920-09-30,0.041173245614035237,0.02601645092911342,0.006449999809265083,0.041173245614035237,0.03593199363100119,0.006449999809265083
1920-10-31,0.006705844980940068,0.0053421807614759675,0.006449999809265083,0.00205264553182527,0.0026859436327264508,-0.0009625580154117852
1920-11-30,-0.045350042301184224,-0.025839179450051764,0.006449999809265083,-0.020960536873549263,-0.016849489652277172,-0.020960536873549263
1920-12-31,-0.08389037433155078,-0.04902392043751724,0.006449999809265083,-0.040293314578197625,-0.033292313478230695,-0.040293314578197625
1921-01-31,0.050242290748898855,0.03139133287274265,0.006449999809265083,0.02670894362446319,0.023652412615857266,0.02670894362446319
1921-02-28,-0.0011521331458039796,0.0029932314842224805,0.004974999825159809,0.0040428382958637155,0.004174826964458811,0.0040428382958637155
1921-03-31,-0.019623465533522122,-0.00805479779074536,0.004974999825159809,-0.00515953681045811,-0.003639702601400008,-0.00515953681045811
1921-04-30,0.010335513565891574,0.009877399734306902,0.004974999825159809,0.009771849586179604,0.009048486251947763,0.009771849586179604
1921-05-31,0.036290400385914134,0.025475569746345128,0.004974999825159809,0.022772182641806804,0.02010020338723928,0.022772182641806804
1921-06-30,-0.0743796816479404,-0.04097703908582362,0.004974999825159809,-0.032619225402966245,-0.026986861297921938,-0.032619225402966245
1921-07-31,0.0030636132315522424,0.005383487712788293,0.004974999825159809,0.005990807095776374,0.005824245824842977,0.005990807095776374
1921-08-31,-0.006167687595711846,-5.3458111819892906e-05,0.004974999825159809,0.0014769152778077999,0.0020011858650175185,0.0014769152778077999
1921-09-30,0.030910852713178283,0.022164298314726105,0.004974999825159809,0.019982439932354934,0.017730022723078553,0.019982439932354934
1921-10-31,0.019519667170953436,0.015305358585496753,0.004974999825159809,0.01425824466487402,0.01286001301221984,0.01425824466487402
1921-11-30,0.05950497512437791,0.03929678645717072,0.004974999825159809,0.034248012226304025,0.029853476433614023,0.034248012226304025
1921-12-31,0.04084041548630779,0.02802604501991568,0.004974999825159809,0.02483730119336891,0.021846754225892218,0.02483730119336891
1922-01-31,0.0039238486092110225,0.005887647188233203,-0.002099694482444292,0.0009588827504967146,0.0015535280405607477,0.0009588827504967146
1922-02-28,0.02726369863013689,0.017623038244822586,0.02726369863013689,0.02726369863013689,0.023709573980150944,0.02726369863013689
1922-03-31,0.04281166219839161,0.026925837712757028,0.04281166219839161,0.04281166219839161,0.036907807062126485,0.04281166219839161
1922-04-30,0.06585594315245458,0.04073127694567691,0.06585594315245458,0.06585594315245458,0.056483218622092934,0.06585594315245458
1922-05-31,0.04385708485586659,0.02750240096273404,0.04385708485586659,0.04385708485586659,0.03776797045925839,0.04385708485586659
1922-06-30,-0.0046404845642828985,-0.0015622384747745466,-0.0046404845642828985,-0.0046404845642828985,-0.003437753648321107,-0.0046404845642828985
1922-07-31,0.011925049309664537,0.008424284976074725,0.011925049309664537,0.011925049309664537,0.010666168265092146,0.011925049309664537
1922-08-31,0.04243341167254222,0.02672961546227759,0.04243341167254222,0.04243341167254222,0.03659809822956972,0.04243341167254222
1922-09-30,0.03074273310683262,0.01967360019327269,0.03074273310683262,0.03074273310683262,0.026638131416381494,0.03074273310683262
1922-10-31,0.02668966151582053,0.01726001053246695,0.02668966151582053,0.02668966151582053,0.023201748708831627,0.02668966151582053
1922-11-30,-0.04512419006479451,-0.025819416695237907,-0.04512419006479451,-0.04512419006479451,-0.037835939388651485,-0.04512419006479451
1922-12-31,0.002556818181817855,0.0027516066351975788,0.002556818181817855,0.002556818181817855,0.0026707213238972294,0.002556818181817855
1923-01-31,0.018524107820805158,0.01240437403655803,0.018524107820805158,0.018524107820805158,0.016280952190909304,0.018524107820805158
1923-02-28,0.04750280898876391,0.030737467413411768,0.04750280898876391,0.04750280898876391,0.04097317360879793,0.04750280898876391
1923-03-31,0.02078843390804619,0.014664531514463341,0.02078843390804619,0.02078843390804619,0.018245152541249476,0.02078843390804619
1923-04-30,-0.030428596677271158,-0.016034920638022587,-0.030428596677271158,-0.030428596677271158,-0.025269064612237657,-0.030428596677271158
1923-05-31,-0.04250641025641011,-0.023319346542259978,-0.04250641025641011,-0.04250641025641011,-0.035549047030480674,-0.04250641025641011
1923-06-30,-0.0330642060745866,-0.017679569672461204,-0.0330642060745866,-0.0330642060745866,-0.027532987175483914,-0.0330642060745866
1923-07-31,-0.028360311750599276,-0.014850762841890686,-0.001974299889405562,-0.014369421112174652,-0.011612418942944958,-0.014369421112174652
1923-08-31,0.010373242349048573,0.00838778422448172,0.004050000111261998,0.007902037141744644,0.007318351105251697,0.007902037141744644
1923-09-30,0.011574074074074625,0.0091439055813054,0.004050000111261998,0.00853781696358591,0.007863150988885792,0.00853781696358591
1923-10-31,-0.009338445807771434,-0.0034126390833482123,0.004050000111261998,-0.012301504616281878,-0.009855572957234049,-0.001974299889405562
1923-11-30,0.03537048567870493,0.023392007113954838,0.004050000111261998,0.03537048567870493,0.030661778579608168,0.004050000111261998
1923-12-31,0.03919790407093915,0.025659869813317915,0.004050000111261998,0.03919790407093915,0.033901682675522515,0.004050000111261998
1924-01-31,0.037930799220273315,0.024886815662058526,0.004050000111261998,0.037930799220273315,0.03282181921674088,0.004050000111261998
1924-02-29,0.009563042657606102,0.007589063206735025,0.0035056644016604466,0.009563042657606102,0.008488278114871628,0.0035056644016604466
1924-03-31,-0.01413942127019896,-0.006598397409752099,-0.01413942127019896,-0.01413942127019896,-0.011638753395337265,-0.01413942127019896
1924-04-30,-0.017847701149425355,-0.008848766855081625,-0.017847701149425355,-0.017847701149425355,-0.014798285386076415,-0.017847701149425355
1924-05-31,0.0017480392156863367,0.002897777151199765,0.0017480392156863367,0.0017480392156863367,0.001854952306161728,0.0017480392156863367
1924-06-30,0.024203069657615206,0.01639422782732236,0.024203069657615206,0.024203069657615206,0.020956971018712744,0.024203069657615206
1924-07-31,0.05158072614909215,0.032791454498367845,0.05158072614909215,0.05158072614909215,0.04421168809736775,0.05158072614909215
1924-08-31,0.03934385382059835,0.025405692073877884,0.03934385382059835,0.03934385382059835,0.033790153469748674,0.03934385382059835
1924-09-30,-0.004773376159885823,-0.0010513651701100635,-0.004773376159885823,-0.004773376159885823,-0.003699483779297741,-0.004773376159885823
1924-10-31,-0.008047747747747636,-0.0029860191943460457,-0.008047747747747636,-0.008047747747747636,-0.006461185042105799,-0.008047747747747636
1924-11-30,0.06086436655713756,0.03835063863913213,0.06086436655713756,0.06086436655713756,0.052111112813618465,0.06086436655713756
1924-12-31,0.058696403872752434,0.036982881280965385,0.058696403872752434,0.058696403872752434,0.05023242365395841,0.058696403872752434
1925-01-31,0.04588418635170588,0.029294001159754224,0.04588418635170588,0.04588418635170588,0.03934406438006155,0.04588418635170588
1925-02-28,0.012904064272211802,0.009464861370334088,0.012904064272211802,0.012904064272211802,0.011458706079794823,0.012904064272211802
1925-03-31,-0.02184864104967188,-0.011345035121889335,-0.02184864104967188,-0.02184864104967188,-0.0180558413022871,-0.02184864104967188
1925-04-30,-0.006041867179981009,-0.0018919231780417656,-0.006041867179981009,-0.006041867179981009,-0.004632731241525634,-0.006041867179981009
1925-05-31,0.0367282749675748,0.02378826303611037,0.0367282749675748,0.0367282749675748,0.031733980786928795,0.0367282749675748
1925-06-30,0.02242381401193838,0.015170260667540791,0.02242381401193838,0.02242381401193838,0.01955760922187877,0.02242381401193838
1925-07-31,0.03224691358024678,0.021079508998716356,0.03224691358024678,0.03224691358024678,0.02791776839581228,0.03224691358024678
1925-08-31,0.017892642642642897,0.01244862145550818,0.017892642642642897,0.017892642642642897,0.01570950326577969,0.017892642642642897
1925-09-30,0.027462962962963022,0.018206366693923837,0.027462962962963022,0.027462962962963022,0.023854907093527666,0.027462962962963022
1925-10-31,0.037298725745728456,0.02408929273957905,0.037298725745728456,0.037298725745728456,0.032207922653934906,0.037298725745728456
1925-11-30,0.035294365012615625,0.022868093603736206,0.035294365012615625,0.035294365012615625,0.030496884160798432,0.035294365012615625
1925-12-31,0.020391517128874437,0.01392493764037428,0.020391517128874437,0.020391517128874437,0.017831253235524258,0.020391517128874437
1926-01-31,0.01931179775280878,0.013293524230347353,0.01931179775280878,0.01931179775280878,0.016924604970499413,0.01931179775280878
1926-02-28,0.005632411067193477,0.0055263946060921665,0.005632411067193477,0.005632411067193477,0.005338078604974594,0.005632411067193477
1926-03-31,-0.0637825572217835,-0.03610965374306896,-0.0637825572217835,-0.0637825572217835,-0.05365402916859374,-0.0637825572217835
1926-04-30,-0.023497036409822147,-0.012048360477088349,-0.023497036409822147,-0.023497036409822147,-0.01946351271046398,-0.023497036409822147
1926-05-31,0.011596254355400681,0.009059078249763264,-0.0022725000000001216,0.005452436460668508,0.005198879401870471,0.005452436460668508
1926-06-30,0.05222750865051906,0.033462916026444134,0.00374999999999992,0.028773721658674978,0.02501834794830149,0.028773721658674978
1926-07-31,0.04660404624277459,0.03002255466275683,0.00374999999999992,0.0435357851515219,0.03757444021593903,-0.0022725000000001216
1926-08-31,0.043977812995245724,0.02844657249711302,0.03771394611727419,0.043977812995245724,0.03791092805618557,0.03771394611727419
1926-09-30,0.019483612804878314,0.013746330970855647,0.019483612804878314,0.019483612804878314,0.017093413907200983,0.019483612804878314
1926-10-31,-0.0182995495495496,-0.00889683928800089,-0.0182995495495496,-0.0182995495495496,-0.015003773287329047,-0.0182995495495496
1926-11-30,0.017425115207373,0.012515129463943175,0.017425115207373,0.017425115207373,0.015356460014641637,0.017425115207373
1926-12-31,0.02710386656558006,0.018331212031129862,0.02710386656558006,0.02710386656558006,0.02359024035492263,0.02710386656558006
1927-01-31,-0.0023678033110944297,0.0006267220700371112,-0.0023678033110944297,-0.0023678033110944297,-0.0014675612889950562,-0.0023678033110944297
1927-02-28,0.023776741293532355,0.015396432669184668,0.023776741293532355,0.023776741293532355,0.020712946073901506,0.023776741293532355
1927-03-31,0.01970473401659345,0.012933947141145818,0.01970473401659345,0.01970473401659345,0.017240975851943396,0.01970473401659345
1927-04-30,0.028819394376351948,0.0184081258704043,0.028819394376351948,0.028819394376351948,0.024991404248352334,0.028819394376351948
1927-05-31,0.03872448979591847,0.024337693150991768,0.03872448979591847,0.03872448979591847,0.03340369790079256,0.03872448979591847
1927-06-30,0.017063492063492003,0.011327427104428134,0.017063492063492003,0.017063492063492003,0.014984913945085276,0.017063492063492003
1927-07-31,0.026285538392657015,0.016890801699848357,0.026285538392657015,0.026285538392657015,0.02283966148346539,0.026285538392657015
1927-08-31,0.05728920280332894,0.035478937576084224,0.05728920280332894,0.05728920280332894,0.049185350791788984,0.05728920280332894
1927-09-30,0.06066749844042407,0.03746145590033545,0.06066749844042407,0.06066749844042407,0.05203352281329354,0.06066749844042407
1927-10-31,-0.011625836284927082,-0.005916053123211751,-0.011625836284927082,-0.011625836284927082,-0.009415723668351639,-0.011625836284927082
1927-11-30,0.026595223820942815,0.01707476126389529,0.026595223820942815,0.026595223820942815,0.023101581669353832,0.026595223820942815
1927-12-31,0.02720789370848009,0.01742920046408236,0.02720789370848009,0.02720789370848009,0.02361644351035297,0.02720789370848009
1928-01-31,0.007716208476517439,0.005733444992084946,0.007716208476517439,0.007716208476517439,0.007048346400903682,0.007716208476517439
1928-02-29,-0.008255847119224002,-0.0046088583331544974,-0.008255847119224002,-0.008255847119224002,-0.006265740835502576,-0.008255847119224002
1928-03-31,0.05749615088529647,0.034843909316729205,0.05749615088529647,0.05749615088529647,0.04961599026201036,0.05749615088529647
1928-04-30,0.06665159817351585,0.04027722365547093,0.06665159817351585,0.06665159817351585,0.05736842682582477,0.06665159817351585
1928-05-31,0.03437843642611682,0.02091066820475551,0.03437843642611682,0.03437843642611682,0.029930755877625836,0.03437843642611682
1928-06-30,-0.045624999999999916,-0.027036087940656817,-0.045624999999999916,-0.045624999999999916,-0.03804721684126566,-0.045624999999999916
1928-07-31,0.01093892393971263,0.006887025824198645,0.01093892393971263,0.01093892393971263,0.010012394817374481,0.01093892393971263
1928-08-31,0.035939892136395146,0.021950779693624245,0.035939892136395146,0.035939892136395146,0.031299295483408596,0.035939892136395146
1928-09-30,0.07376980114593845,0.0446201461225193,0.07376980114593845,0.07376980114593845,0.06343495026141133,0.07376980114593845
1928-10-31,0.02360533774208795,0.014479453380844998,0.02360533774208795,0.02360533774208795,0.02076906202882789,0.02360533774208795
1928-11-30,0.07084606481481481,0.042900525456000205,0.07084606481481481,0.07084606481481481,0.060959388639649115,0.07084606481481481
1928-12-31,0.006974559121133206,0.004522517736200049,0.006974559121133206,0.006974559121133206,0.006635604786004334,0.006974559121133206
1929-01-31,0.0769618430525556,0.046611138897909576,0.0769618430525556,0.0769618430525556,0.06617099379497104,0.0769618430525556
1929-02-28,0.008145615446500498,0.00684401328669626,0.008145615446500498,0.008145615446500498,0.007823006580335079,0.008145615446500498
1929-03-31,0.020541549953314586,0.0143747600013715,0.020541549953314586,0.020541549953314586,0.018410173029238752,0.020541549953314586
1929-04-30,-0.002982042207366531,0.00023550447389686369,-0.002982042207366531,-0.002982042207366531,-0.001594135492500759,-0.002982042207366531
1929-05-31,0.01799841772151889,0.012826286089009376,0.01799841772151889,0.01799841772151889,0.01624264504175832,0.01799841772151889
1929-06-30,0.022051182125227387,0.015243571751910379,0.022051182125227387,0.022051182125227387,0.019685807180709114,0.022051182125227387
1929-07-31,0.0920331421287448,0.057218360213322494,0.0920331421287448,0.0920331421287448,0.07916670198062548,0.0920331421287448
1929-08-31,0.059603230337078594,0.03765537200808278,0.059603230337078594,0.059603230337078594,0.051550116266502855,0.059603230337078594
1929-09-30,0.042469545957918076,0.027412751603107965,0.042469545957918076,0.042469545957918076,0.037010183257026874,0.042469545957918076
1929-10-31,-0.10322151224707143,-0.05998098168902288,-0.10322151224707143,-0.10322151224707143,-0.0868113729022093,-0.10322151224707143
1929-11-30,-0.261879242586638,-0.15527389562150828,-0.261879242586638,-0.261879242586638,-0.22171754447914493,-0.261879242586638
1929-12-31,0.04377227081308699,0.027781829591863483,0.04377227081308699,0.04377227081308699,0.037884001957553926,0.04377227081308699
1930-01-31,0.01826635514018693,0.012883377448006383,0.00030361677726098435,0.008571625916272474,0.008211265527933831,0.008571625916272474
1930-02-28,0.0663737908797788,0.0407604004411235,0.002450000047683698,0.03436125795177736,0.029572584989945083,0.03436125795177736
1930-03-31,0.041224172807398096,0.025600952376568342,0.002450000047683698,0.021713839474352126,0.018812031648007155,0.021713839474352126
1930-04-30,0.06688004734057351,0.04102993920842968,0.002450000047683698,0.03457937924262988,0.029752580167998754,0.03457937924262988
1930-05-31,-0.056512830583922535,-0.03303386784861462,0.002450000047683698,-0.027147268548621706,-0.022720079182568687,-0.027147268548621706
1930-06-30,-0.09769214703425233,-0.057736455757648186,-0.1031059941520468,-0.10048102451033669,-0.08509110703029688,-0.10048102451033669
1930-07-31,-0.017596809169764582,-0.009746658049686996,-0.003564699952602446,-0.010571974773412318,-0.008622520670603095,-0.010571974773412318
1930-08-31,-0.008955761316872368,-0.004438080570300262,0.002450000047683698,-0.003302601296525376,-0.0024435506116184946,-0.003302601296525376
1930-09-30,0.0034371492704827755,0.00301154888294608,0.002450000047683698,0.0029086055753906326,0.002837627927988029,0.0029086055753906326
1930-10-31,-0.13370909528392672,-0.0792596431388427,0.002450000047683698,-0.06564701940861783,-0.05543265126079944,-0.06564701940861783
1930-11-30,-0.06799107142857153,-0.04003047823142836,0.002450000047683698,-0.032996179367487,-0.027705097516449673,-0.032996179367487
1930-12-31,-0.06187324508624159,-0.036255729849378304,0.002450000047683698,-0.029830076787759396,-0.02500153470435096,-0.029830076787759396
1931-01-31,0.03549699118848082,0.022171408441456153,0.002450000047683698,0.01886147804524585,0.016387561795955907,0.01886147804524585
1931-02-28,0.08131675010429662,0.04890020048372956,0.0014500000079473718,0.040806471257307075,0.0348967099671611,0.040806471257307075
1931-03-31,0.02374031007751931,0.014301227757314683,0.0014500000079473718,0.011964293030315432,0.01037201808104471,0.011964293030315432
1931-04-30,-0.09085995436394745,-0.05436682824887107,0.0014500000079473718,-0.04523741662914316,-0.03823842516424547,-0.04523741662914316
1931-05-31,-0.09167034468263957,-0.05494247212732428,0.0014500000079473718,-0.045733137111796385,-0.038673513142767124,-0.045733137111796385
1931-06-30,-0.026866713189113822,-0.016056314748330913,0.0014500000079473718,-0.013323940094598141,-0.011125736503603934,-0.013323940094598141
1931-07-31,0.03849254986782036,0.023267118663053976,0.0014500000079473718,0.019469575947470563,0.016761061552160728,0.019469575947470563
1931-08-31,-0.02492847173761359,-0.014786434679136762,0.0014500000079473718,-0.012240306932549294,-0.010193708852223482,-0.012240306932549294
1931-09-30,-0.14376498800959236,-0.08605905457902441,0.0014500000079473718,-0.07162594562072155,-0.06066979973168363,-0.07162594562072155
1931-10-31,-0.12759439278670037,-0.07652202422089549,0.0014500000079473718,-0.06370975459583617,-0.05396367720912831,-0.06370975459583617
1931-11-30,0.020433333333333525,0.012313012387479949,0.0014500000079473718,0.010328385028280263,0.008972186637981716,0.010328385028280263
1931-12-31,-0.18110362528071877,-0.10842119651253901,0.0014500000079473718,-0.09024594531451413,-0.07649510851092445,-0.09024594531451413
1932-01-31,-0.008754936808846758,-0.005268296693441976,0.0014500000079473718,-0.004329984635446205,-0.003497260697873039,-0.004329984635446205
1932-02-29,-0.0007359437751003339,0.0017963137093053305,0.0017083332935969864,0.0024322359467661148,0.002321553548748412,0.0024322359467661148
1932-03-31,0.011138112596192906,0.008916418391254233,0.0017083332935969864,0.00836292924073323,0.007364463273150212,0.00836292924073323
1932-04-30,-0.23251311541565778,-0.13728069049646607,0.0017083332935969864,-0.11347136516365419,-0.09619682449451916,-0.11347136516365419
1932-05-31,-0.1134992038216559,-0.06624555833353285,0.0017083332935969864,-0.0543492167306614,-0.04598371564906101,-0.0543492167306614
1932-06-30,-0.1243194192377497,-0.07254549333155835,0.0017083332935969864,-0.05956676126576521,-0.05039682745015994,-0.05956676126576521
1932-07-31,0.06137840670859518,0.03882521761173585,0.0017083332935969864,0.03323472648907444,0.02848304134224411,0.03323472648907444
1932-08-31,0.5130854956753168,0.3099487308959006,0.0017083332935969864,0.2591892128584359,0.22055494798554176,0.2591892128584359
1932-09-30,0.10336432049579414,0.0636149042502181,0.0017083332935969864,0.05378223899170087,0.04587372311528726,0.05378223899170087
1932-10-31,-0.13243240516545585,-0.07740036184530374,-0.13763781073446313,-0.13491429443172376,-0.11448613577751299,-0.13491429443172376
1932-11-30,-0.0036669007490637284,-0.00024278890237849904,-0.0036669007490637284,-0.0036669007490637284,-0.002975885910921683,-0.0036669007490637284
1932-12-31,-0.02671394799054372,-0.013877526806332918,-0.02671394799054372,-0.02671394799054372,-0.02245463706576878,-0.02671394799054372
1933-01-31,0.045637829912023475,0.029489401724506425,0.045637829912023475,0.045637829912023475,0.03902529448843639,0.045637829912023475
1933-02-28,-0.11271744240714643,-0.06604454904743495,-0.11271744240714643,-0.11271744240714643,-0.09569407506925354,-0.11271744240714643
1933-03-31,0.003266666666666529,0.003412877151339533,0.003266666666666529,0.003266666666666529,0.00282521742725228,0.003266666666666529
1933-04-30,0.11235955056179758,0.06904322014988695,-0.005039133360981829,0.05504105767966516,0.04694995533961177,0.05504105767966516
1933-05-31,0.2931180454765363,0.17732294075092603,0.0009666666388512546,0.14841255261253772,0.12627385603822794,0.14841255261253772
1933-06-30,0.1757797820368283,0.10669550439074071,0.16872510334460733,0.1726962947217454,0.14694492954973093,0.1726962947217454
1933-07-31,0.08457651588065462,0.05212495350495305,0.08457651588065462,0.08457651588065462,0.07191032495357041,0.08457651588065462
1933-08-31,-0.046452953398634755,-0.026369848297148724,-0.046452953398634755,-0.046452953398634755,-0.03939732688456754,-0.046452953398634755
1933-09-30,-0.004881287097782017,-0.0013989563949817763,-0.004881287097782017,-0.004881287097782017,-0.004041704385554845,-0.004881287097782017
1933-10-31,-0.09380907372400749,-0.05469807679863459,-0.09380907372400749,-0.09380907372400749,-0.07959684683508106,-0.09380907372400749
1933-11-30,0.027966841186736202,0.01822298963993574,0.027966841186736202,0.027966841186736202,0.02383615778487025,0.027966841186736202
1933-12-31,0.023176550783912786,0.015461235919693284,0.023176550783912786,0.023176550783912786,0.019824495166619993,0.023176550783912786
1934-01-31,0.06085590103644267,0.038070139819092796,0.06085590103644267,0.06085590103644267,0.051854991739958445,0.06085590103644267
1934-02-28,0.07749604680581945,0.04839328218040251,0.07749604680581945,0.07749604680581945,0.0659152108560237,0.07749604680581945
1934-03-31,-0.04797924028268574,-0.026914057438380934,-0.04797924028268574,-0.04797924028268574,-0.04075779328731988,-0.04797924028268574
1934-04-30,0.020199410304158727,0.014002775741321694,0.020199410304158727,0.020199410304158727,0.017160160021618465,0.020199410304158727
1934-05-31,-0.09825854700854697,-0.05702103084620824,-0.09825854700854697,-0.09825854700854697,-0.08351479988444954,-0.09825854700854697
1934-06-30,0.017031940197077766,0.012006379957672397,0.017031940197077766,0.017031940197077766,0.014413838089555986,0.017031940197077766
1934-07-31,-0.04354627766599595,-0.024205951494877254,-0.005875750000000068,-0.04354627766599595,-0.037007857293798185,-0.005875750000000068
1934-08-31,-0.035139915522703236,-0.01922322351603134,0.00012499999999993072,-0.035139915522703236,-0.029883834610039184,0.00012499999999993072
1934-09-30,-0.020077838827838757,-0.010181944317865455,0.00015833333333326038,-0.01061246201061905,-0.00899982379983022,-0.013589555906274087
1934-10-31,0.012089902402402153,0.009132321617590922,0.00017500000000003624,0.008400660302908758,0.007163866686519915,0.008400660302908758
1934-11-30,0.032115456238361206,0.02116561984974985,0.0002249999999999197,0.018430399284732335,0.01569641554921697,0.018430399284732335
1934-12-31,0.010597826086956808,0.008218876075013037,0.0002083333333333659,0.007632153980115408,0.006511621521405386,0.007632153980115408
1935-01-31,0.004049676025917881,0.004312556171284454,0.00019166666666659005,0.0043800187399636314,0.003748915112778528,0.0043800187399636314
1935-02-28,-0.026187904967602815,-0.014379608684424228,0.0001666666666666483,-0.029110327552045456,-0.024730426790303572,-0.005834333333333386
1935-03-31,-0.05929844097995551,-0.034290292461369054,0.00015833333333326038,-0.030902226458641935,-0.026253907768113538,-0.033818267903600874
1935-04-30,0.0793367717003568,0.04883088107575362,0.00012499999999993072,0.07599445277745143,0.0646339174013233,-0.005875750000000068
1935-05-31,0.08262659476401146,0.05078938291827484,0.00012499999999993072,0.08262659476401146,0.07019059980161924,0.00012499999999993072
1935-06-30,0.04170940170940174,0.02623352707392823,0.00012499999999993072,0.04170940170940174,0.03541067871925763,0.00012499999999993072
1935-07-31,0.05599472990777343,0.03485683752004154,0.04965876152832682,0.05599472990777343,0.04758208530795427,0.04965876152832682
1935-08-31,0.07104851330203465,0.04386465964977204,0.07104851330203465,0.07104851330203465,0.060366723926464694,0.07104851330203465
1935-09-30,0.02433304016417459,0.01581330445277418,0.02433304016417459,0.02433304016417459,0.020650859278390277,0.02433304016417459
1935-10-31,0.02993109388458226,0.019233010025009767,0.02993109388458226,0.02993109388458226,0.025447830632044255,0.02993109388458226
1935-11-30,0.0971756152125276,0.059566565636485214,0.0971756152125276,0.0971756152125276,0.08260023399267236,0.0971756152125276
1935-12-31,0.0030035787321063268,0.002971568303157035,0.0030035787321063268,0.0030035787321063268,0.002504317437085568,0.0030035787321063268
1936-01-31,0.058282208588957385,0.03626276278842,0.058282208588957385,0.058282208588957385,0.04955632865963544,0.058282208588957385
1936-02-29,0.06038032945736416,0.036945091761701576,0.06038032945736416,0.06038032945736416,0.05130371391170563,0.06038032945736416
1936-03-31,0.02416953035509728,0.01521646320323966,0.02416953035509728,0.02416953035509728,0.020524385899344466,0.02416953035509728
1936-04-30,0.004243309780170623,0.0033123356932285297,0.004243309780170623,0.004243309780170623,0.003613755859949608,0.004243309780170623
1936-05-31,-0.05010454189068114,-0.02926710558539103,-0.05010454189068114,-0.05010454189068114,-0.042566835693086835,-0.05010454189068114
1936-06-30,0.04583629051336602,0.02822189509787565,0.04583629051336602,0.04583629051336602,0.038944113843031314,0.04583629051336602
1936-07-31,0.06245745405037484,0.03821117411419195,0.06245745405037484,0.06245745405037484,0.053078423608409864,0.06245745405037484
1936-08-31,0.02308269065981139,0.014565821442181992,0.02308269065981139,0.02308269065981139,0.01959289931298369,0.02308269065981139
1936-09-30,0.014545263600084235,0.00949908401445998,0.014545263600084235,0.014545263600084235,0.012371036313049144,0.014545263600084235
1936-10-31,0.05569401349948078,0.03420087974834707,0.05569401349948078,0.05569401349948078,0.047348531882343003,0.05569401349948078
1936-11-30,0.03119860371028249,0.019446766625656586,0.03119860371028249,0.03119860371028249,0.026493404346620286,0.03119860371028249
1936-12-31,-0.013824884792627112,-0.007531191219547817,-0.013824884792627112,-0.013824884792627112,-0.011760299385908723,-0.013824884792627112
1937-01-31,0.034632669011332995,0.0215616306836679,0.034632669011332995,0.034632669011332995,0.02944167877235837,0.034632669011332995
1937-02-28,0.03306803107826384,0.021035362168945415,0.03306803107826384,0.03306803107826384,0.028102692892902903,0.03306803107826384
1937-03-31,0.0023467697404750965,0.002604016780464624,0.0023467697404750965,0.0023467697404750965,0.001988955429608419,0.0023467697404750965
1937-04-30,-0.056108347153123184,-0.0324308917666567,-0.056108347153123184,-0.056108347153123184,-0.047646210502027775,-0.056108347153123184
1937-05-31,-0.04071134626690176,-0.023280873490338805,-0.04071134626690176,-0.04071134626690176,-0.03457840366581977,-0.04071134626690176
1937-06-30,-0.033230769230769286,-0.01877298697449148,-0.033230769230769286,-0.033230769230769286,-0.028226611878944707,-0.033230769230769286
1937-07-31,0.06381429560954843,0.03945885642971869,-0.00570180000000009,0.06381429560954843,0.05425928851479589,-0.00570180000000009
1937-08-31,0.014249311003821985,0.009687099591000115,0.00023333333333330764,0.014249311003821985,0.012100268014388904,0.00023333333333330764
1937-09-30,-0.13774392672242164,-0.08144169460351647,0.00024166666666669556,-0.13774392672242164,-0.11705544132521861,0.00024166666666669556
1937-10-31,-0.14091858037578242,-0.08353731059191627,0.00025833333333324937,-0.07173227622908507,-0.06096015281048983,-0.07452545894855622
1937-11-30,-0.08258686210640642,-0.04855434134357106,0.0001666666666666483,-0.03999989414579397,-0.03400115564616535,-0.03999989414579397
1937-12-31,-0.010119047619047472,-0.004990528262351357,7.500000000004725e-05,-0.0036805174669818363,-0.0031323140232421,-0.0036805174669818363
1938-01-31,0.03231498033877789,0.02057623601399161,9.166666666660106e-05,0.017645678525358033,0.015011219814385912,0.017645678525358033
1938-02-28,-0.01807642941349863,-0.009449688374711829,8.333333333343518e-05,-0.007284688398360384,-0.006186202109823347,-0.007284688398360384
1938-03-31,-0.06023550724637661,-0.034739682553169504,6.666666666665932e-05,-0.02835953145040815,-0.024098441571681284,-0.02835953145040815
1938-04-30,-0.03454035725832527,-0.019390637003948386,6.666666666665932e-05,-0.015583493303421236,-0.013246786348767414,-0.015583493303421236
1938-05-31,0.015447699696663042,0.010633916735295346,7.500000000004725e-05,0.009442549955084534,0.008031527719945197,0.009442549955084534
1938-06-30,0.029225116900467585,0.018934565594260988,4.166666666671759e-05,0.016365549051999162,0.013913355740881483,0.016365549051999162
1938-07-31,0.20464685765589263,0.12415898416971394,4.166666666671759e-05,0.1040461715194767,0.08843920349908951,0.1040461715194767
1938-08-31,0.010393974673202688,0.007383388004405189,5.83333333332714e-05,0.006680083495035571,0.00564693234486513,0.006680083495035571
1938-09-30,-0.0410235580828594,-0.02322223616650332,-0.0467774167343622,-0.04389066268707187,-0.0373177427282011,-0.04389066268707187
1938-10-31,0.11581560283687908,0.07081547805414301,0.11581560283687908,0.11581560283687908,0.09841750087525947,0.11581560283687908
1938-11-30,0.004338948443083801,0.0038430516037333273,0.004338948443083801,0.004338948443083801,0.0036134468955197896,0.004338948443083801
1938-12-31,-0.025822494261668272,-0.014108472302862496,-0.025822494261668272,-0.025822494261668272,-0.021947323568753507,-0.025822494261668272
1939-01-31,-0.011601438140268039,-0.005622246226982264,-0.011601438140268039,-0.011601438140268039,-0.00987749656159631,-0.011601438140268039
1939-02-28,-0.00455555333333324,-0.0015264668409332716,-0.00455555333333324,-0.00455555333333324,-0.0038774183563544673,-0.00455555333333324
1939-03-31,0.0026881720430107503,0.002826603161136143,0.0026881720430107503,0.0026881720430107503,0.0022851704540001183,0.0026881720430107503
1939-04-30,-0.1223881288673665,-0.07221254558102808,-0.1223881288673665,-0.1223881288673665,-0.10402798076038466,-0.1223881288673665
1939-05-31,0.04098697291474296,0.025609394332295032,0.04098697291474296,0.04098697291474296,0.03473451654019066,0.04098697291474296
1939-06-30,0.021742356782428196,0.014204416740793313,-0.00597515000000004,0.009350300648009124,0.007925634398333159,0.009350300648009124
1939-07-31,0.028433945756780377,0.01824244594869473,2.4999999999941735e-05,0.01570022450206987,0.013344210581873517,0.01570022450206987
1939-08-31,-0.010603472815257753,-0.005192607102233016,3.333333333332966e-05,-0.003832586981643682,-0.0032586993444359003,-0.003832586981643682
1939-09-30,0.11062969381860177,0.06755810151746955,4.166666666671759e-05,0.05679483768895999,0.0482804808678865,0.05679483768895999
1939-10-31,0.013965022187418796,0.009429878371192801,0.00011666666666676484,0.00832523891662662,0.007072188019577652,0.00832523891662662
1939-11-30,-0.013953488372093314,-0.007194102716196027,-0.019869767441860753,-0.016895536800193733,-0.014363401352305738,-0.016895536800193733
1939-12-31,-0.019600105235464182,-0.010594742017641878,-0.019600105235464182,-0.019600105235464182,-0.016664493741111452,-0.019600105235464182
1940-01-31,-0.001459626785233037,0.0002770879082190092,-0.001459626785233037,-0.001459626785233037,-0.001250944319069358,-0.001459626785233037
1940-02-29,-0.0022583536585367714,0.00014724048204195483,-0.0022583536585367714,-0.0022583536585367714,-0.0019194919435975288,-0.0022583536585367714
1940-03-31,-0.001432078559738148,0.0006342709403084346,-0.001432078559738148,-0.001432078559738148,-0.0012165020136964966,-0.001432078559738148
1940-04-30,0.014243257887517125,0.01003420420709733,0.014243257887517125,0.014243257887517125,0.012108146129434116,0.014243257887517125
1940-05-31,-0.13336502988318377,-0.07854344171173322,-0.005983433333333177,-0.06762633342487168,-0.057514844424699785,-0.06762633342487168
1940-06-30,-0.08089161940768741,-0.04725616053017401,5.0000000000105516e-05,-0.03880350723784798,-0.03300008946297539,-0.03880350723784798
1940-07-31,0.03875100827300937,0.02459615612310051,8.333333333343518e-05,0.02108639798819567,0.017921420887623718,0.02108639798819567
1940-08-31,0.02655432932932933,0.017352611413591346,4.166666666671759e-05,0.015062563210515911,0.012801345658167929,0.015062563210515911
1940-09-30,0.04763071895424864,0.030008805338293643,3.333333333332966e-05,0.04452324455070977,0.03786190263868283,-0.005966866666666681
1940-10-31,0.0146597679523357,0.01019107874498415,4.166666666671759e-05,0.006124079767096724,0.005179934875316317,0.003096625163986122
1940-11-30,0.02850264057160623,0.0185365031104614,1.6666666666775853e-05,0.016048323381216312,0.013640084419444198,0.016048323381216312
1940-12-31,-0.035898603521554606,-0.020129117029250243,1.6666666666775853e-05,-0.016179798930197276,-0.013756450550232335,-0.016179798930197276
1941-01-31,0.0072280231085792845,0.00571651891659819,0.001184654969927701,0.004145666388213121,0.003522950939888414,0.004145666388213121
1941-02-28,-0.057214320695102905,-0.03521219322742131,-0.005983433333333177,-0.0326162726508169,-0.02773804499747501,-0.0326162726508169
1941-03-31,0.01179642736771136,0.006133945721249479,3.333333333332966e-05,0.004736146015671405,0.004019397054036311,0.004736146015671405
1941-04-30,-0.02543272194304813,-0.016123267828692334,9.166666666660106e-05,-0.013791889211664632,-0.011711207854906536,-0.013791889211664632
1941-05-31,-0.01584831431535305,-0.010369481121894397,8.333333333343518e-05,-0.008992700653694619,-0.007636598038206599,-0.008992700653694619
1941-06-30,0.041092258748674615,0.023825386656720404,9.166666666660106e-05,0.019513065569356947,0.016596389542353318,0.019513065569356947
1941-07-31,0.057149359631147645,0.0334347703956166,9.999999999998899e-05,0.05404497142714648,0.04596707716143733,-0.005900600000000034
1941-08-31,0.0007851445743989327,-0.0003861928373641854,9.999999999998899e-05,0.0007851445743989327,0.0006407241415389286,9.999999999998899e-05
1941-09-30,0.008651648710414683,0.004429380043077025,0.0025997388181522307,0.008651648710414683,0.0073696237653404495,0.0025997388181522307
1941-10-31,-0.03431532389322922,-0.02134442253914326,-0.03431532389322922,-0.03431532389322922,-0.029161823973490653,-0.03431532389322922
1941-11-30,-0.04080478975924051,-0.025252638931900995,-0.04080478975924051,-0.04080478975924051,-0.0346989867204992,-0.04080478975924051
1941-12-31,-0.05878690857346114,-0.036033660254080724,-0.005768066666666738,-0.05878690857346114,-0.0499646509248588,-0.005768066666666738
1942-01-31,0.02609715563165871,0.014883074868687007,0.0002750000000000252,0.02609715563165871,0.022175252613853447,0.0002750000000000252
1942-02-28,-0.02485379805897725,-0.014160494842104021,0.0002249999999999197,-0.02485379805897725,-0.021110895243458327,0.0002249999999999197
1942-03-31,-0.047687861271676346,-0.02785984161371613,0.0002083333333333659,-0.047687861271676346,-0.0405222369230569,0.0002083333333333659
1942-04-30,-0.03463732681336584,-0.02006323700356749,0.0002083333333333659,-0.03463732681336584,-0.029447541990271775,0.0002083333333333659
1942-05-31,0.018601190476190466,0.011897801526054907,0.0002666666666666373,0.018601190476190466,0.015823111882448115,0.0002666666666666373
1942-06-30,0.05737704918032782,0.03519355405431912,0.0003083333333333549,0.05737704918032782,0.04880226073292104,0.0003083333333333549
1942-07-31,0.04368414365746309,0.02692343684440579,0.0003083333333333549,0.04368414365746309,0.03713459901966787,0.0003083333333333549
1942-08-31,0.00032149884259258243,0.0009267359721998325,0.0003166666666667428,0.00032149884259258243,0.00028877068960642127,0.0003166666666667428
1942-09-30,0.016492045013581702,0.010685462178682048,0.0003166666666667428,0.006209121887980951,0.005328661843552407,0.003181411390825506
1942-10-31,0.07958909370199696,0.04852470536957165,0.07311155913978507,0.07637360930606163,0.06499158322189214,0.07637360930606163
1942-11-30,0.02145922746781115,0.013560705767064807,0.02145922746781115,0.02145922746781115,0.018230006365157925,0.02145922746781115
1942-12-31,0.01047166490672291,0.007048620331931987,0.01047166490672291,0.01047166490672291,0.008932389455279965,0.01047166490672291
1943-01-31,0.06503851540616234,0.03980425291826695,0.06503851540616234,0.06503851540616234,0.055322112396678724,0.06503851540616234
1943-02-28,0.0643376280145358,0.03930585822875643,0.0643376280145358,0.0643376280145358,0.05468499954867001,0.0643376280145358
1943-03-31,0.040146554412223256,0.024793720413320175,0.040146554412223256,0.040146554412223256,0.03412405001966223,0.040146554412223256
1943-04-30,0.037865100873230695,0.023458782952455737,0.037865100873230695,0.037865100873230695,0.03220242301391485,0.037865100873230695
1943-05-31,0.04363344988344986,0.026923109502078546,0.04363344988344986,0.04363344988344986,0.03710707140740066,0.04363344988344986
1943-06-30,0.021797028315110767,0.013814169880285387,0.021797028315110767,0.021797028315110767,0.018542429766444712,0.021797028315110767
1943-07-31,0.024747472451790653,0.015615345874268938,0.024747472451790653,0.024747472451790653,0.02106637864824923,0.024747472451790653
1943-08-31,-0.04536661943319842,-0.02645567067654142,-0.04536661943319842,-0.04536661943319842,-0.038531725241056636,-0.04536661943319842
1943-09-30,0.025553662691652823,0.01605701984793817,0.025553662691652823,0.025553662691652823,0.021730974458676222,0.025553662691652823
1943-10-31,-0.0049810050041703136,-0.0022256487085734467,-0.0049810050041703136,-0.0049810050041703136,-0.004205170146005743,-0.0049810050041703136
1943-11-30,-0.042040775813692366,-0.024437727852032465,-0.042040775813692366,-0.042040775813692366,-0.0356910839598672,-0.042040775813692366
1943-12-31,0.01772580170638416,0.011366576114411053,0.01772580170638416,0.01772580170638416,0.01508032094008227,0.01772580170638416
1944-01-31,0.03668215011614384,0.022783489769411025,-0.005685233333333262,0.01627945147091414,0.013878973244065174,0.01627945147091414
1944-02-29,-0.0024144374120956824,-0.00034862232548360517,0.0003166666666667428,0.00017780309312276366,0.00019135103815215437,0.00017780309312276366
1944-03-31,0.03242707448314919,0.020594423059815625,0.02623251203625032,0.02932160809221318,0.0249831471543851,0.02932160809221318
1944-04-30,-0.013062444903581105,-0.006735861732667492,-0.005685233333333262,-0.00808711988658306,-0.006852426615252427,-0.00808711988658306
1944-05-31,0.02205401597981438,0.014349120824367345,0.01592169188393555,0.01896332205548079,0.01617260091919981,0.01896332205548079
1944-06-30,0.05144628099173576,0.03197684302224024,0.05144628099173576,0.05144628099173576,0.043759801983286106,0.05144628099173576
1944-07-31,0.03021134569850048,0.019191977691792594,0.03021134569850048,0.03021134569850048,0.025688706077187096,0.03021134569850048
1944-08-31,-0.010534185897436044,-0.005227605750471764,-0.010534185897436044,-0.010534185897436044,-0.008928655255440288,-0.010534185897436044
1944-09-30,-0.012230028623471334,-0.006228772192460097,-0.012230028623471334,-0.012230028623471334,-0.0103563131591623,-0.012230028623471334
1944-10-31,0.02883597883597866,0.018404930215625503,0.02883597883597866,0.02883597883597866,0.02454814524891291,0.02883597883597866
1944-11-30,-0.0028401755744899004,-0.0006182372321807961,-0.0028401755744899004,-0.0028401755744899004,-0.002387893168121158,-0.0028401755744899004
1944-12-31,0.026001040041601753,0.016712079097072063,0.026001040041601753,0.026001040041601753,0.02214590970718011,0.026001040041601753
1945-01-31,0.03386344147582676,0.021401313438421443,0.03386344147582676,0.03386344147582676,0.028811648242110577,0.03386344147582676
1945-02-28,0.03735277365950096,0.02368698860080376,0.03735277365950096,0.03735277365950096,0.03177162034530845,0.03735277365950096
1945-03-31,0.003168340506934486,0.0031685011624946746,0.003168340506934486,0.003168340506934486,0.0027130546928724186,0.003168340506934486
1945-04-30,0.029014118210097806,0.018719226393867583,0.029014118210097806,0.029014118210097806,0.024707271153232124,0.029014118210097806
1945-05-31,0.04160830999066323,0.02623396450060622,0.04160830999066323,0.04160830999066323,0.03539238059454419,0.04160830999066323
1945-06-30,0.02187359424201496,0.014371277692766471,0.02187359424201496,0.02187359424201496,0.018608978750081606,0.02187359424201496
1945-07-31,-0.016935426330903613,-0.008890371738335734,-0.016935426330903613,-0.016935426330903613,-0.014363569384260755,-0.016935426330903613
1945-08-31,0.0070854025710422874,0.005514226646335274,0.0070854025710422874,0.0070854025710422874,0.0060566209418899675,0.0070854025710422874
1945-09-30,0.07181389076196876,0.04437041802061059,0.07181389076196876,0.07181389076196876,0.061083845889546184,0.07181389076196876
1945-10-31,0.04513888888888862,0.028269304156183006,0.04513888888888862,0.04513888888888862,0.03836202893030127,0.04513888888888862
1945-11-30,0.036060606060606126,0.022854920540429813,0.036060606060606126,0.036060606060606126,0.030664980955531274,0.036060606060606126
1945-12-31,0.020246478873239493,0.013375004596042572,0.020246478873239493,0.020246478873239493,0.017230019540772412,0.020246478873239493
1946-01-31,0.04302109540296217,0.027057145424973728,0.04302109540296217,0.04302109540296217,0.036599894648622344,0.04302109540296217
1946-02-28,0.005888517388087378,0.004028928201195603,0.005888517388087378,0.005888517388087378,0.005021065588666662,0.005888517388087378
1946-03-31,-0.026747832503228097,-0.015501442404445398,-0.026747832503228097,-0.026747832503228097,-0.022692302443375056,-0.026747832503228097
1946-04-30,0.06769347784749935,0.041128577657185916,0.06769347784749935,0.06769347784749935,0.05756455120100523,0.06769347784749935
1946-05-31,0.005180421579135341,0.0035732550232112636,0.005180421579135341,0.005180421579135341,0.004401904757878938,0.005180421579135341
1946-06-30,-0.0033868092691622387,-0.0014787605982856666,-0.0033868092691622387,-0.0033868092691622387,-0.00283498167614904,-0.0033868092691622387
1946-07-31,-0.025460472730534534,-0.01472261985293899,-0.025460472730534534,-0.025460472730534534,-0.021596681671643636,-0.025460472730534534
1946-08-31,-0.01622037396121867,-0.009208952461219333,-0.01622037396121867,-0.01622037396121867,-0.013759695675623407,-0.01622037396121867
1946-09-30,-0.1442090395480229,-0.08598495799244987,-0.1442090395480229,-0.1442090395480229,-0.12254143898941516,-0.1442090395480229
1946-10-31,-0.018684189308592725,-0.010871893873507843,-0.005685233333333262,-0.018684189308592725,-0.015958066906770263,-0.005685233333333262
1946-11-30,-9.416384180804815e-05,0.00048153259558536554,0.0003166666666667428,-9.416384180804815e-05,-4.730830118848672e-05,0.0003166666666667428
1946-12-31,0.03398003176764286,0.020954804650404224,0.0003166666666667428,0.03398003176764286,0.028930203614194072,0.0003166666666667428
1947-01-31,0.009216418814716576,0.006054368017504919,0.0003166666666667428,0.009216418814716576,0.007856230342560888,0.0003166666666667428
1947-02-28,0.04271678172255111,0.02580660932281864,0.0003166666666667428,0.04271678172255111,0.036349763801056145,0.0003166666666667428
1947-03-31,-0.036708860759493867,-0.021889643701038297,0.0003166666666667428,-0.036708860759493867,-0.031185354736754767,0.0003166666666667428
1947-04-30,-0.03290823988566427,-0.019599240003493112,0.0003166666666667428,-0.03290823988566427,-0.0279529228769273,0.0003166666666667428
1947-05-31,-0.013546421232876416,-0.007971437253479707,0.0003166666666667428,-0.013546421232876416,-0.011492805420219132,0.0003166666666667428
1947-06-30,0.03928405392840495,0.023760335471659566,0.0003166666666667428,0.03928405392840495,0.033427858813655176,0.0003166666666667428
1947-07-31,0.06699236298292921,0.04035519969407608,0.0003166666666667428,0.06699236298292921,0.056960519113480323,0.0003166666666667428
1947-08-31,-0.01553582752060878,-0.009190430785525616,0.0005500000000000504,-0.01046769121388802,-0.008866066351020163,-0.013445220728791063
1947-09-30,-0.021614920224234502,-0.012764134317284959,-0.027485230702889107,-0.024573868958879252,-0.020805627954769257,-0.024573868958879252
1947-10-31,0.030360043160690298,0.018416676940306242,0.030360043160690298,0.030360043160690298,0.02588825740802303,0.030360043160690298
1947-11-30,-0.007209638619201542,-0.00412840396319103,-0.0052959166666667334,-0.006295767379766004,-0.005268769598419265,-0.006295767379766004
1947-12-31,-0.011132940406025194,-0.006445972018112589,-0.017066142763589087,-0.014111161471576428,-0.011885575837476403,-0.014111161471576428
1948-01-31,-0.008630888223552624,-0.004944762190094765,-0.008630888223552624,-0.008630888223552624,-0.00722662776675409,-0.008630888223552624
1948-02-29,-0.04446691953247939,-0.025498334237598064,-0.005196516666666651,-0.023677648777190696,-0.020012993647768318,-0.023677648777190696
1948-03-31,0.0192080378250592,0.012645270179114654,0.0008333333333332416,0.0110198489959219,0.009483702727988819,0.0110198489959219
1948-04-30,0.08187645687645673,0.0502896834492661,0.0008333333333332416,0.04239818912267168,0.03615952812558687,0.04239818912267168
1948-05-31,0.05330086580086579,0.03305338411577452,0.0008333333333332416,0.05026055778060856,0.04285034073885052,-0.0051716666666667965
1948-06-30,0.04587203302373588,0.028632266234958514,0.03959680082559336,0.04587203302373588,0.03907633284339629,0.03959680082559336
1948-07-31,-0.019536925287356177,-0.010603790888870535,-0.019536925287356177,-0.019536925287356177,-0.01651399761578276,-0.019536925287356177
1948-08-31,-0.024851131749898503,-0.013768550589112527,-0.024851131749898503,-0.024851131749898503,-0.02101397366497415,-0.024851131749898503
1948-09-30,-0.006744040150564623,-0.002915893006803061,-0.006744040150564623,-0.006744040150564623,-0.005619891793086529,-0.006744040150564623
1948-10-31,0.03199027072758076,0.02034748409655207,0.03199027072758076,0.03199027072758076,0.027321951963312996,0.03199027072758076
1948-11-30,-0.05090590899732372,-0.02941920605121129,-0.05090590899732372,-0.05090590899732372,-0.043152169567286514,-0.05090590899732372
1948-12-31,-0.0014715500327010522,0.00019795624138785328,-0.0014715500327010522,-0.0014715500327010522,-0.0011497161177295157,-0.0014715500327010522
1949-01-31,0.016385050471801943,0.010982003166784438,-0.00503913333333339,0.00661028020224852,0.005767055415067945,0.00661028020224852
1949-02-28,-0.03318504231770847,-0.0191893901613297,0.0009749999999999481,-0.01568664681680121,-0.013190710499245029,-0.01568664681680121
1949-03-31,0.01500789889415488,0.009693562425215019,0.0009749999999999481,0.00837606187411799,0.007259571325510361,0.00837606187411799
1949-04-30,0.00421044600938969,0.0032484861613790716,0.0009749999999999481,0.0030118967099312943,0.00270351030810545,0.0030118967099312943
1949-05-31,-0.0017535818222521593,-0.0003142116757112179,0.0009749999999999481,4.633359049210917e-05,0.0001848475811505601,4.633359049210917e-05
1949-06-30,-0.04905277401894437,-0.02869511131891378,0.0009749999999999481,-0.02360466994153143,-0.019918082530039127,-0.02360466994153143
1949-07-31,0.06267400381770472,0.03826791575405619,0.0009749999999999481,0.032183621030394294,0.02749304166908373,0.032183621030394294
1949-08-31,0.041741926377597105,0.025700792792135108,0.0008500000000000174,0.021708356004748408,0.018567624794759263,0.021708356004748408
1949-09-30,0.01874863745367339,0.011934954758246574,0.0008666666666665712,0.010243207618731542,0.008828706009413212,0.010243207618731542
1949-10-31,0.03159742844846147,0.019676661880813073,0.02540784387777073,0.02852850907207083,0.024390986269260173,0.02852850907207083
1949-11-30,0.019648993077407084,0.012489864758761238,0.019648993077407084,0.019648993077407084,0.01680963656264134,0.019648993077407084
1949-12-31,0.03258845437616409,0.02027052971631771,0.03258845437616409,0.03258845437616409,0.027820668714799712,0.03258845437616409
1950-01-31,0.026350261991132662,0.016509620195297225,0.026350261991132662,0.026350261991132662,0.022511106025405736,0.026350261991132662
1950-02-28,0.02527646129541883,0.015167144437941982,0.02527646129541883,0.02527646129541883,0.02159930283938616,0.02527646129541883
1950-03-31,0.01380011621150512,0.00828821771853594,0.01380011621150512,0.01380011621150512,0.01185162241839044,0.01380011621150512
1950-04-30,0.03390970220941414,0.02037772080267275,0.03390970220941414,0.03390970220941414,0.028953237513432484,0.03390970220941414
1950-05-31,0.03919095665171879,0.02352530657212859,0.03919095665171879,0.03919095665171879,0.033430726082135154,0.03919095665171879
1950-06-30,0.02169197396963085,0.013026744928331002,0.02169197396963085,0.02169197396963085,0.018554350836554878,0.02169197396963085
1950-07-31,-0.06704317858413389,-0.04018039142306207,-0.06704317858413389,-0.06704317858413389,-0.05685763260350518,-0.06704317858413389
1950-08-31,0.06658357307249729,0.03992780187540568,0.06658357307249729,0.06658357307249729,0.05668275106997167,0.06658357307249729
1950-09-30,0.0412823295351783,0.02476544091009103,0.0412823295351783,0.0412823295351783,0.035190804506992635,0.0412823295351783
1950-10-31,0.047417321802934786,0.02848896406884549,0.047417321802934786,0.047417321802934786,0.04043625195107725,0.047417321802934786
1950-11-30,0.003956257339372549,0.0024131257296764463,0.003956257339372549,0.003956257339372549,0.0034923816911756056,0.003956257339372549
1950-12-31,0.0021432173474531524,0.0013938689854391395,0.0021432173474531524,0.0021432173474531524,0.0019895466851040933,0.0021432173474531524
1951-01-31,0.08019691983122379,0.04823626850351648,0.08019691983122379,0.08019691983122379,0.06833405814300497,0.08019691983122379
1951-02-28,0.04315311173974523,0.026315346972116682,0.04315311173974523,0.04315311173974523,0.03678893160681307,0.04315311173974523
1951-03-31,-0.011060606060605993,-0.006155335854509669,-0.011060606060605993,-0.011060606060605993,-0.009262243884588184,-0.011060606060605993
1951-04-30,0.019314724919093917,0.01211316446882127,0.019314724919093917,0.019314724919093917,0.016582944677083322,0.019314724919093917
1951-05-31,0.006336184610705509,0.004321771391762486,0.006336184610705509,0.006336184610705509,0.005555774192093521,0.006336184610705509
1951-06-30,-0.011399908800729608,-0.0062981114238209734,-0.011399908800729608,-0.011399908800729608,-0.009500023955463233,-0.011399908800729608
1951-07-31,0.02361434648105165,0.014701940138536651,0.02361434648105165,0.02361434648105165,0.020243443843809494,0.02361434648105165
1951-08-31,0.049602257181942555,0.030284153785208545,0.049602257181942555,0.049602257181942555,0.04233940665881475,0.049602257181942555
1951-09-30,0.03130915974952675,0.019275311145906304,0.03130915974952675,0.03130915974952675,0.02677888550637597,0.03130915974952675
1951-10-31,0.00015378336172600093,0.0006116846049131208,0.00015378336172600093,0.00015378336172600093,0.00031213815834973957,0.00015378336172600093
1951-11-30,-0.022664561929223725,-0.013035618568290164,-0.022664561929223725,-0.022664561929223725,-0.019073281243515483,-0.022664561929223725
1951-12-31,0.03599735799207404,0.022130597467642454,0.03599735799207404,0.03599735799207404,0.030773502855122814,0.03599735799207404
1952-01-31,0.03835017086715098,0.023531527407142816,0.03835017086715098,0.03835017086715098,0.032787299712726314,0.03835017086715098
1952-02-29,-0.013308977538928124,-0.00757833601255431,-0.013308977538928124,-0.013308977538928124,-0.01114341495048865,-0.013308977538928124
1952-03-31,0.007508771929824576,0.004947213204807843,0.007508771929824576,0.007508771929824576,0.006563573844845072,0.007508771929824576
1952-04-30,0.002064958700826125,0.0016973126975836639,0.002064958700826125,0.002064958700826125,0.0019492242987124708,0.002064958700826125
1952-05-31,0.004633529907329459,0.003250704067917054,0.004633529907329459,0.004633529907329459,0.004134183120757751,0.004633529907329459
1952-06-30,0.03248349487287561,0.01996134445515274,0.03248349487287561,0.03248349487287561,0.027817116865410885,0.03248349487287561
1952-07-31,0.03366830735575577,0.020636620059726996,0.03366830735575577,0.03366830735575577,0.028806752611487463,0.03366830735575577
1952-08-31,0.00880515683147265,0.005722178914359555,0.00880515683147265,0.00880515683147265,0.0076864672810685875,0.00880515683147265
1952-09-30,-0.011086841408525228,-0.0061733301236523985,-0.011086841408525228,-0.011086841408525228,-0.00920055362050598,-0.011086841408525228
1952-10-31,-0.016153248587570723,-0.009215620392578283,-0.016153248587570723,-0.016153248587570723,-0.013526117277614103,-0.016153248587570723
1952-11-30,0.03662864111019548,0.022449771320721013,0.03662864111019548,0.03662864111019548,0.031337785955472874,0.03662864111019548
1952-12-31,0.045045944866160426,0.027479214125820217,-0.004467583333333192,0.02008208032922254,0.017282670951255685,0.02008208032922254
1953-01-31,0.009888632872503411,0.006378691650684054,0.0038293010752683543,0.0069237987655383915,0.006141528757865888,0.0069237987655383915
1953-02-28,-0.0077349121466769866,-0.0027007646613340652,-0.0077349121466769866,-0.0077349121466769866,-0.006335815093721497,-0.0077349121466769866
1953-03-31,0.009570765661252922,0.007668266800753942,0.009570765661252922,0.009570765661252922,0.00837412800270032,0.009570765661252922
1953-04-30,-0.04471806464024619,-0.02792899404227478,-0.04471806464024619,-0.04471806464024619,-0.037764893153938495,-0.04471806464024619
1953-05-31,0.010038682045055758,-0.0006179531681946848,0.010038682045055758,0.010038682045055758,0.008769421542263567,0.010038682045055758
1953-06-30,-0.03106548577563073,-0.019705758276278296,-0.004210799999999959,-0.019768605803142658,-0.016546577974132615,-0.019768605803142658
1953-07-31,0.01913709116214335,0.018666054264837584,0.0017583333333333062,-0.004252216666666753,-0.0033361625567644992,-0.004252216666666753
1953-08-31,0.008988609853163076,0.005681210758663013,0.0017000000000000348,0.0017000000000000348,0.0017000000000000348,0.0017000000000000348
1953-09-30,-0.04106874402077376,-0.020910637293494405,0.0017000000000000348,-0.02176148761079444,-0.01825569528911719,-0.02176148761079444
1953-10-31,0.03520269302392198,0.029316755774983383,0.001491666666666669,0.02786169482030809,0.023899659747443458,0.02786169482030809
1953-11-30,0.027117229870671666,0.016440368282287343,0.0011499999999999844,0.013775481410271295,0.011871625275329034,0.013775481410271295
1953-12-31,0.018401360544217704,0.015041255525834574,0.0012000000000000899,0.01420913843422178,0.012252930327263378,0.01420913843422178
1954-01-31,0.030261343804537377,0.02287276478814304,0.0013333333333334085,0.021028142908205316,0.018068911931433673,0.021028142908205316
1954-02-28,0.026784924063891324,0.017222714305892728,0.02062421451950791,0.02373238689664614,0.02032230341855823,0.02373238689664614
1954-03-31,0.025845503458877817,0.019828128164983916,0.025845503458877817,0.025845503458877817,0.022070205637702678,0.025845503458877817
1954-04-30,0.04448416133483879,0.030295136351441654,0.04448416133483879,0.04448416133483879,0.03792083667195634,0.04448416133483879
1954-05-31,0.044205181565930785,0.02441020213001366,0.044205181565930785,0.044205181565930785,0.03766228843850228,0.044205181565930785
1954-06-30,0.012211393433112505,0.0076938935554800025,0.012211393433112505,0.012211393433112505,0.01044235669903082,0.012211393433112505
1954-07-31,0.04459216735727445,0.030367300046195256,0.04459216735727445,0.04459216735727445,0.03797424391328552,0.04459216735727445
1954-08-31,0.023960974665339085,0.012972799974483307,0.023960974665339085,0.023960974665339085,0.020423692571930108,0.023960974665339085
1954-09-30,0.02741620566221936,0.016490834098325857,0.02741620566221936,0.02741620566221936,0.023400851795034372,0.02741620566221936
1954-10-31,0.02716833598304169,0.015294309485117452,0.02716833598304169,0.02716833598304169,0.023198952661160233,0.02716833598304169
1954-11-30,0.04308232338926876,0.024859716184846503,0.04308232338926876,0.04308232338926876,0.03672206880454154,0.04308232338926876
1954-12-31,0.04959130781499166,0.029463219204589608,0.04959130781499166,0.04959130781499166,0.04223635606211462,0.04959130781499166
1955-01-31,0.021701148603564757,0.010294906454713981,0.021701148603564757,0.021701148603564757,0.018553230260565323,0.021701148603564757
1955-02-28,0.03706303838951319,0.02167259442038283,0.03706303838951319,0.03706303838951319,0.031640010821201825,0.03706303838951319
1955-03-31,-0.004349007882576972,-0.002823981039107859,-0.004349007882576972,-0.004349007882576972,-0.0035770411287385784,-0.004349007882576972
1955-04-30,0.03808979452054806,0.02131355810589919,0.03808979452054806,0.03808979452054806,0.03253210497632497,0.03808979452054806
1955-05-31,-0.0007797713629941194,4.3016851223764974e-05,-0.0007797713629941194,-0.0007797713629941194,-0.0004914731438262487,-0.0007797713629941194
1955-06-30,0.06145833333333339,0.03709903232285816,0.06145833333333339,0.06145833333333339,0.052419137991097875,0.06145833333333339
1955-07-31,0.07647618149823998,0.04259182511080262,0.07647618149823998,0.07647618149823998,0.06513435418600255,0.07647618149823998
1955-08-31,-0.00296062700085864,-0.003328586630264585,-0.00296062700085864,-0.00296062700085864,-0.002370488061456899,-0.00296062700085864
1955-09-30,0.04819703040301704,0.02990728220629868,0.04819703040301704,0.04819703040301704,0.04120154766804274,0.04819703040301704
1955-10-31,-0.04723599834611336,-0.02431173142747667,-0.04723599834611336,-0.04723599834611336,-0.03992473064580493,-0.04723599834611336
1955-11-30,0.0706746813900101,0.04293182176181709,0.0706746813900101,0.0706746813900101,0.06031086335589575,0.0706746813900101
1955-12-31,0.012384130515387337,0.005894084033598812,0.012384130515387337,0.012384130515387337,0.010756326284120377,0.012384130515387337
1956-01-31,-0.023822643450150616,-0.011263344997134106,-0.023822643450150616,-0.023822643450150616,-0.019939548120804562,-0.023822643450150616
1956-02-29,0.009550773876934482,0.008723020144653537,0.009550773876934482,0.009550773876934482,0.008398990193555278,0.009550773876934482
1956-03-31,0.07211718808612821,0.04009343926563691,0.07211718808612821,0.07211718808612821,0.06158353567730801,0.07211718808612821
1956-04-30,0.014868621464167786,0.0023205535250687692,0.014868621464167786,0.014868621464167786,0.012868349117091338,0.014868621464167786
1956-05-31,-0.028344311481096063,-0.012233104599462252,-0.028344311481096063,-0.028344311481096063,-0.02377724485509991,-0.028344311481096063
1956-06-30,-0.0025784271594326835,0.00181643846706403,-0.0025784271594326835,-0.0025784271594326835,-0.0018892776483119267,-0.0025784271594326835
1956-07-31,0.057512661191556624,0.03174059291396181,0.057512661191556624,0.057512661191556624,0.04919318961206387,0.057512661191556624
1956-08-31,-0.00282446699466965,-0.008170580006978678,-0.00282446699466965,-0.00282446699466965,-0.0021523827821285924,-0.00282446699466965
1956-09-30,-0.03086547054375477,-0.019111168866921324,-0.03086547054375477,-0.03086547054375477,-0.025914196652960575,-0.03086547054375477
1956-10-31,-0.009595306717904872,-0.003324505625200036,-0.009595306717904872,-0.009595306717904872,-0.007826750090966894,-0.009595306717904872
1956-11-30,-0.007184742647059039,-0.008243572353407447,-0.007184742647059039,-0.007184742647059039,-0.005753701126255839,-0.007184742647059039
1956-12-31,0.018028846153846034,0.008643578786430739,-0.0035232833333334046,-0.0035232833333334046,-0.0026136349101649747,-0.0035232833333334046
1957-01-31,-0.018632159776055257,-0.00565612786585501,0.002674999999999983,0.002674999999999983,0.002674999999999983,0.002674999999999983
1957-02-28,-0.03996380879007988,-0.0188239326706382,0.00259166666666677,-0.045724025937339374,-0.038509226985462885,0.00259166666666677
1957-03-31,0.016198911126447335,0.008401178129641584,0.002583333333333382,0.016198911126447335,0.014122411441615634,0.002583333333333382
1957-04-30,0.026440305852070356,0.014627514561132093,0.002566666666666606,0.026440305852070356,0.022848754676128458,0.002566666666666606
1957-05-31,0.041601923788383344,0.022080371012926037,0.00255833333333344,0.041601923788383344,0.03572689180209143,0.00255833333333344
1957-06-30,0.019541826991591904,0.006254771844431906,0.0025500000000000522,0.019541826991591904,0.016963725367245885,0.0025500000000000522
1957-07-31,0.02323869610935847,0.010897214109656828,0.017099263932702335,0.02323869610935847,0.02015110241387652,0.017099263932702335
1957-08-31,-0.05203394489108748,-0.029952835606969153,-0.05203394489108748,-0.05203394489108748,-0.04384854971665464,-0.05203394489108748
1957-09-30,-0.03737638161721957,-0.020868003093048704,-0.03737638161721957,-0.03737638161721957,-0.031391040914956925,-0.03737638161721957
1957-10-31,-0.05894724874943125,-0.035757769907244996,-0.0030759833333333653,-0.0030759833333333653,-0.0021415062814611474,-0.0030759833333333653
1957-11-30,-0.017984157775622567,-0.001271303623964548,0.002983333333333338,0.002983333333333338,0.002983333333333338,0.002983333333333338
1957-12-31,0.0032011565468814673,0.020405504869413837,0.002758333333333418,0.002758333333333418,0.002758333333333418,0.002758333333333418
1958-01-31,0.023273266385651636,0.019067204733472787,0.0025333333333332764,0.011984725354401204,0.010578919914315588,0.011984725354401204
1958-02-28,0.007005248865110003,0.006586110601735529,0.0020333333333333314,0.006484381741691303,0.005810809685830698,0.006484381741691303
1958-03-31,0.024175957343674392,0.01792219482867119,0.001274999999999915,0.016359063115191974,0.014094310421349121,0.016359063115191974
1958-04-30,0.008938237156653095,0.00978088597638882,0.001083333333333325,0.005934697309836645,0.005204284026158357,-0.004923166666666701
1958-05-31,0.03555213745866803,0.020911976683570588,0.0009416666666666185,0.014204104105504545,0.012214927641952977,0.01115233649034253
1958-06-30,0.027326468344774923,0.015600674290606076,0.0007583333333334163,0.024299921123285717,0.02077248301622392,-0.005246216666666581
1958-07-31,0.03070763500931073,0.011564097797609918,0.024523389199254897,0.03070763500931073,0.02618485825277239,0.024523389199254897
1958-08-31,0.040542989705669275,0.013963781330436964,0.040542989705669275,0.040542989705669275,0.034552141747009824,0.040542989705669275
1958-09-30,0.029437456324248767,0.011472259254293071,0.029437456324248767,0.029437456324248767,0.025202927443565226,0.029437456324248767
1958-10-31,0.04360135825163414,0.02602863557704449,0.04360135825163414,0.04360135825163414,0.037344458477285736,0.04360135825163414
1958-11-30,0.03327335623159944,0.02315378146475222,0.03327335623159944,0.03327335623159944,0.028579571636139667,0.03327335623159944
1958-12-31,0.02163492063492045,0.010242190362257153,0.02163492063492045,0.02163492063492045,0.018699883611687618,0.02163492063492045
1959-01-31,0.04255728485075072,0.021552597061748058,0.04255728485075072,0.04255728485075072,0.036504834137579545,0.04255728485075072
1959-02-28,-0.012640342203044108,-0.004352113524800694,-0.012640342203044108,-0.012640342203044108,-0.010421187779272034,-0.012640342203044108
1959-03-31,0.02807193719189338,0.01715095991369253,0.02807193719189338,0.02807193719189338,0.024186778166221057,0.02807193719189338
1959-04-30,0.01937421355650537,0.00868834447527611,0.01937421355650537,0.01937421355650537,0.016798470090488182,0.01937421355650537
1959-05-31,0.017663937536485763,0.0058093357424178205,0.017663937536485763,0.017663937536485763,0.01537007903008436,0.017663937536485763
1959-06-30,-0.006053025074764129,-0.0032029335418892746,-0.006053025074764129,-0.006053025074764129,-0.004801472495788328,-0.006053025074764129
1959-07-31,0.04228545945005213,0.024881336789859265,0.04228545945005213,0.04228545945005213,0.036337183246652804,0.04228545945005213
1959-08-31,-0.0031758034817545022,-0.0014614409961062336,-0.0031758034817545022,-0.0031758034817545022,-0.002328605056065247,-0.0031758034817545022
1959-09-30,-0.03702300785634116,-0.028664969596893797,-0.03702300785634116,-0.03702300785634116,-0.031051397384217805,-0.03702300785634116
1959-10-31,0.0017771983640082478,0.007381017359216591,0.0017771983640082478,0.0017771983640082478,0.001984101308245556,0.0017771983640082478
1959-11-30,0.00670077485380105,0.00551021663094553,0.00670077485380105,0.00670077485380105,0.006200687602427868,0.00670077485380105
1959-12-31,0.03464092259304552,0.01722278975346314,-0.002562416666666678,-0.002562416666666678,-0.0016618414472009402,-0.002562416666666678
1960-01-31,-0.01480603059036023,-0.008330250333247413,0.003741666666666754,-0.012595097515831877,-0.010152520967279588,-0.012595097515831877
1960-02-29,-0.03603979263599277,-0.01272198803987079,-0.04182355388017678,-0.038955461001644376,-0.032587525866202505,-0.038955461001644376
1960-03-31,-0.010726664276323516,0.002732615679740258,-0.010726664276323516,-0.010726664276323516,-0.008653679807681836,-0.010726664276323516
1960-04-30,0.01584776747849226,0.009907904862539896,-0.0032582166666665913,0.0054588709753349285,0.005055980520444203,0.0054588709753349285
1960-05-31,-0.006240400143549096,-0.004590562448600566,0.002691666666666759,-0.004173789449481546,-0.0031461727893562497,-0.004173789449481546
1960-06-30,0.03988591090184701,0.03186979772464005,0.0027416666666666423,0.029867083685325202,0.025795604886905243,0.029867083685325202
1960-07-31,-0.0219612294795668,-0.0036080950996096872,0.0020500000000001073,0.0009857990630484093,0.0011351981485754337,0.0009857990630484093
1960-08-31,0.01490866762177645,0.013478533987544727,0.008819215616045817,0.011794056245806317,0.010317139954766352,0.011794056245806317
1960-09-30,-0.02720757388072914,-0.015062645371824002,-0.004094833333333492,-0.014984392246210065,-0.012464278650617833,-0.014984392246210065
1960-10-31,-0.016739646049990897,-0.011779123084729615,0.002066666666666661,-0.010529766481576996,-0.00864563134918872,-0.010529766481576996
1960-11-30,0.03540852410199147,0.021210897589925004,0.0019166666666665666,0.0176654612116407,0.01529829472456301,0.0176654612116407
1960-12-31,0.026906435911303594,0.020367887857439815,0.00197500000000006,0.01874377634250135,0.016222429848639752,0.01874377634250135
1961-01-31,0.05426448063380285,0.033815026071567056,0.001875000000000071,0.028707674778663206,0.02467631590014374,0.028707674778663206
1961-02-28,0.04373650647465932,0.029430917568419757,0.037474087435811265,0.04068301085473158,0.03486603435390512,0.04068301085473158
1961-03-31,0.0339660071846013,0.022912660782359318,0.0339660071846013,0.0339660071846013,0.029141831391108264,0.0339660071846013
1961-04-30,0.029190060303597498,0.01739981582482364,0.029190060303597498,0.029190060303597498,0.02508595650962553,0.029190060303597498
1961-05-31,0.012633551065876825,0.011118287956664696,0.012633551065876825,0.012633551065876825,0.011004247530398192,0.012633551065876825
1961-06-30,-0.010802005012531368,-0.010839885164878438,-0.010802005012531368,-0.010802005012531368,-0.008903497393195403,-0.010802005012531368
1961-07-31,-0.0002709158793051669,-0.00018221411757657346,-0.0002709158793051669,-0.0002709158793051669,5.116022513518281e-05,-0.0002709158793051669
1961-08-31,0.038398189180929077,0.020428579317143036,0.038398189180929077,0.038398189180929077,0.03291671256610362,0.038398189180929077
1961-09-30,-0.0054088606972513276,1.7689575340096297e-06,-0.0054088606972513276,-0.0054088606972513276,-0.004325721258655046,-0.0054088606972513276
1961-10-31,0.01345524829021727,0.011349204839856464,0.01345524829021727,0.01345524829021727,0.011716208551781682,0.01345524829021727
1961-11-30,0.04774509803921578,0.029290254908605817,0.04774509803921578,0.04774509803921578,0.040861738884605536,0.04774509803921578
1961-12-31,0.011653535921965608,0.004327621182703689,0.011653535921965608,0.011653535921965608,0.010181479320503506,0.011653535921965608
1962-01-31,-0.03486354660347524,-0.020241859429219744,-0.03486354660347524,-0.03486354660347524,-0.029316061628118284,-0.03486354660347524
1962-02-28,0.019102999372617058,0.014072779616141728,0.019102999372617058,0.019102999372617058,0.016547882225262045,0.019102999372617058
1962-03-31,0.003417829678154627,0.006988311433474337,0.003417829678154627,0.003417829678154627,0.003233694334321857,0.003417829678154627
1962-04-30,-0.029441516099966925,-0.013402535560436801,-0.029441516099966925,-0.029441516099966925,-0.024686138609001262,-0.029441516099966925
1962-05-31,-0.07184260347783489,-0.042868584290587264,-0.07184260347783489,-0.07184260347783489,-0.0607483233840409,-0.07184260347783489
1962-06-30,-0.11411864317087339,-0.06859638175411942,-0.0037717833333332784,-0.059917420031861734,-0.05061625088701205,-0.059917420031861734
1962-07-31,0.02718357900413393,0.014166170275276002,0.002275000000000027,0.010951915142278335,0.009627962440998727,0.010951915142278335
1962-08-31,0.03024008249956145,0.02041612720777075,0.0024333333333332874,0.017969788014772003,0.015635951511401514,0.017969788014772003
1962-09-30,-0.005923900660742887,-0.0022620899205020306,0.0023500000000000743,-0.0013395865569478804,-0.0007921005284927674,-0.0013395865569478804
1962-10-31,-0.02853926724137923,-0.014169707606192405,0.0023166666666667446,-0.010574615902525064,-0.008642326387094279,-0.010574615902525064
1962-11-30,0.07203330662868668,0.04480332644328078,0.002283333333333415,0.03800784223349818,0.03264437681809129,0.03800784223349818
1962-12-31,0.04626082611592275,0.030941467096626596,0.00235833333333324,0.027131454571055924,0.023401789458815436,0.027131454571055924
1963-01-31,0.0414759871221797,0.027106468124778793,0.00239166666666657,0.02352545074318435,0.020345872069357673,0.02352545074318435
1963-02-28,0.015963892304539762,0.007850456951690843,0.00986810895071244,0.01296928204543324,0.011384814599846083,0.01296928204543324
1963-03-31,-0.0010745347896441437,0.0003050707121738938,-0.0010745347896441437,-0.0010745347896441437,-0.0005585638972273044,-0.0010745347896441437
1963-04-30,0.04980289071620714,0.02987669265451154,0.04980289071620714,0.04980289071620714,0.04269090748509652,0.04980289071620714
1963-05-31,0.02271588375024236,0.016194362986290622,0.02271588375024236,0.02271588375024236,0.019635544903259472,0.02271588375024236
1963-06-30,0.0021861039825110673,0.0006358939151940302,0.0021861039825110673,0.0021861039825110673,0.002209175183440548,0.0021861039825110673
1963-07-31,-0.012214936052869496,-0.006984498868663147,-0.012214936052869496,-0.012214936052869496,-0.010009138764007552,-0.012214936052869496
1963-08-31,0.030315464987211493,0.020163910246940198,0.030315464987211493,0.030315464987211493,0.026153983589301655,0.030315464987211493
1963-09-30,0.028940077017000077,0.016054788936523456,0.028940077017000077,0.028940077017000077,0.024992925134410315,0.028940077017000077
1963-10-31,0.005025543353923911,0.0033536621162411073,0.005025543353923911,0.005025543353923911,0.0046745861206149986,0.005025543353923911
1963-11-30,-0.0030390821123740253,-0.0007844565058556796,-0.0030390821123740253,-0.0030390821123740253,-0.00215364807162155,-0.0030390821123740253
1963-12-31,0.023960341503717508,0.01541624244426587,0.023960341503717508,0.023960341503717508,0.020801661911906022,0.023960341503717508
1964-01-31,0.03332060356837929,0.020040467986769617,0.03332060356837929,0.03332060356837929,0.028746301999305945,0.03332060356837929
1964-02-29,0.014817233485938441,0.010882518788344786,0.014817233485938441,0.014817233485938441,0.01301175759340456,0.014817233485938441
1964-03-31,0.02072834560882142,0.011540641957266784,0.02072834560882142,0.02072834560882142,0.018051207482246534,0.02072834560882142
1964-04-30,0.01694867808798617,0.01121933743038328,0.01694867808798617,0.01694867808798617,0.014835312488024943,0.01694867808798617
1964-05-31,0.01222096780919002,0.009694018949386818,0.01222096780919002,0.01222096780919002,0.010810906146387245,0.01222096780919002
1964-06-30,-0.003489428477039924,0.0002706723334824357,-0.003489428477039924,-0.003489428477039924,-0.0025380568447910257,-0.003489428477039924
1964-07-31,0.03963110667996039,0.0245065232594166,0.03963110667996039,0.03963110667996039,0.03411637315658678,0.03963110667996039
1964-08-31,-0.012236641832892636,-0.005998099278126112,-0.012236641832892636,-0.012236641832892636,-0.00999554683240056,-0.012236641832892636
1964-09-30,0.01967479674796735,0.012854495803222843,0.01967479674796735,0.01967479674796735,0.01714919349151356,0.01967479674796735
1964-10-31,0.01972185589257891,0.013532748804109263,0.01972185589257891,0.01972185589257891,0.017192006987765573,0.01972185589257891
1964-11-30,0.009389118051463363,0.008306956550752087,0.009389118051463363,0.009389118051463363,0.008414274272747324,0.009389118051463363
1964-12-31,-0.014883739076155145,-0.008523479240563292,-0.014883739076155145,-0.014883739076155145,-0.012200984666856485,-0.014883739076155145
1965-01-31,0.028224422343973377,0.01798034171389684,0.028224422343973377,0.028224422343973377,0.024456543649189255,0.028224422343973377
1965-02-28,0.009766730531042045,0.006572680883016879,0.009766730531042045,0.009766730531042045,0.008759120510201557,0.009766730531042045
1965-03-31,0.003371757925072272,0.0034150564272654726,0.003371757925072272,0.003371757925072272,0.0033522286595546458,0.003371757925072272
1965-04-30,0.01559560827670925,0.011084471412776464,0.01559560827670925,0.01559560827670925,0.013747442248877473,0.01559560827670925
1965-05-31,0.017344928195218268,0.011466890167120214,0.017344928195218268,0.017344928195218268,0.01522499987602366,0.017344928195218268
1965-06-30,-0.04505488351254494,-0.025649924947770852,-0.04505488351254494,-0.04505488351254494,-0.03782060210040805,-0.04505488351254494
1965-07-31,0.0010452630134836216,0.002282522962789635,0.0010452630134836216,0.0010452630134836216,0.0013250224734500105,0.0010452630134836216
1965-08-31,0.021202184666117008,0.012500446491201078,-0.0028191999999999107,0.007299970117402799,0.0066877021931424085,0.007299970117402799
1965-09-30,0.03597718426022278,0.021680895542220968,0.0032000000000000917,0.01811344970411266,0.015873718674525916,0.01811344970411266
1965-10-31,0.02498694711717775,0.014440817716550702,0.01883702543447474,0.021965838283048322,0.01916347600169188,0.021965838283048322
1965-11-30,0.010777984462195134,0.0046769478933750275,0.010777984462195134,0.010777984462195134,0.009648616968728874,0.010777984462195134
1965-12-31,-0.0020980285765960227,-0.005198694078288213,-0.0020980285765960227,-0.0020980285765960227,-0.0012776888380718887,-0.0020980285765960227
1966-01-31,0.01982266797485366,0.013740192632335724,0.01982266797485366,0.01982266797485366,0.017392476671589385,0.01982266797485366
1966-02-28,-0.004286326618088365,-0.007979662623079697,-0.004286326618088365,-0.004286326618088365,-0.003081750834018071,-0.004286326618088365
1966-03-31,-0.0386053871327362,-0.022822699939348823,-0.0386053871327362,-0.0386053871327362,-0.032239352704905744,-0.0386053871327362
1966-04-30,0.033225200645064845,0.025288943892709304,0.033225200645064845,0.033225200645064845,0.028780623050385534,0.033225200645064845
1966-05-31,-0.050060653202329,-0.029426134701028728,-0.00217310000000015,-0.050060653202329,-0.04199499883672364,-0.00217310000000015
1966-06-30,-0.005579242529000661,-0.0027755712985431114,-0.011545767073826707,-0.005579242529000661,-0.004205225539033353,-0.011545767073826707
1966-07-31,0.00020334650244002717,-0.004836203935882688,-0.0022725000000001216,0.00020334650244002717,0.0007280828672366901,-0.0022725000000001216
1966-08-31,-0.05767513202858032,-0.039131776035008614,0.0040000000000000036,-0.05767513202858032,-0.0484264421339613,0.0040000000000000036
1966-09-30,-0.032227733002686554,-0.016426275580130545,0.004133333333333322,-0.0018914666666667301,-0.0009379592761589173,0.004133333333333322
1966-10-31,-0.005651233774579101,0.0035834103110305993,0.004475000000000007,0.004475000000000007,0.004475000000000007,0.004475000000000007
1966-11-30,0.05315340982756389,0.028878139619199272,0.004458333333333231,0.046834489368598575,0.040515317696826925,0.004458333333333231
1966-12-31,0.007151088611762502,0.01598988498381848,0.004433333333333289,0.007151088611762502,0.006707566479494886,0.004433333333333289
1967-01-31,0.04131316857248257,0.03464502029386951,0.004133333333333322,0.04131316857248257,0.03573405432921728,0.004133333333333322
1967-02-28,0.03731004539175031,0.022301118275138032,0.003933333333333344,0.03731004539175031,0.03227519027389758,0.003933333333333344
1967-03-31,0.026346916971917045,0.020167879719583004,0.02018883547008543,0.026346916971917045,0.0229395772255101,0.02018883547008543
1967-04-30,0.019924699917990063,0.01185538090499172,0.019924699917990063,0.019924699917990063,0.01745133921431763,0.019924699917990063
1967-05-31,0.020576810319554273,0.005672896342195699,0.020576810319554273,0.020576810319554273,0.017957755948308396,0.020576810319554273
1967-06-30,-0.00991827771177578,-0.009690385133337864,-0.00991827771177578,-0.00991827771177578,-0.007993490433639172,-0.00991827771177578
1967-07-31,0.01993024718363756,0.009290816686508219,0.01993024718363756,0.01993024718363756,0.017373074950398193,0.01993024718363756
1967-08-31,0.018522497580905295,0.00909579626235324,0.018522497580905295,0.018522497580905295,0.016257397263313544,0.018522497580905295
1967-09-30,0.016544960666031505,0.011037105662988989,0.016544960666031505,0.016544960666031505,0.014585499643230415,0.016544960666031505
1967-10-31,0.0009741502278817205,-0.0031672094892726266,0.0009741502278817205,0.0009741502278817205,0.001370722337028507,0.0009741502278817205
1967-11-30,-0.028817339187399926,-0.02362657785793898,-0.028817339187399926,-0.028817339187399926,-0.023926758460870334,-0.028817339187399926
1967-12-31,0.031117346571695625,0.0220798126558992,0.031117346571695625,0.031117346571695625,0.027014739439916502,0.031117346571695625
1968-01-31,-0.00016614200769460297,0.006950017683190923,-0.00016614200769460297,-0.00016614200769460297,0.000459777546201634,-0.00016614200769460297
1968-02-29,-0.042561026936027146,-0.024631383000814466,-0.042561026936027146,-0.042561026936027146,-0.03555504968404766,-0.042561026936027146
1968-03-31,-0.01558310376492189,-0.01299659468698311,-0.01558310376492189,-0.01558310376492189,-0.012659734725451788,-0.01558310376492189
1968-04-30,0.07662974707224923,0.05091393555370782,-0.0017175166666666408,0.07662974707224923,0.0657652404723128,-0.0017175166666666408
1968-05-31,0.025588542211072873,0.010240438965654741,0.004483333333333395,0.025588542211072873,0.022369685799141115,0.004483333333333395
1968-06-30,0.029418275944279593,0.02408491726761719,0.023241766288613963,0.029418275944279593,0.025696837109824955,0.023241766288613963
1968-07-31,0.0005002736318409085,0.008902946721544458,0.0005002736318409085,0.0005002736318409085,0.001096789021749256,0.0005002736318409085
1968-08-31,-0.019328123961448895,-0.007342737681723666,-0.019328123961448895,-0.019328123961448895,-0.015768238775076604,-0.019328123961448895
1968-09-30,0.03508816634389933,0.021591955593355916,0.03508816634389933,0.03508816634389933,0.030442166812458593,0.03508816634389933
1968-10-31,0.027182732806844356,0.01443216127367708,0.027182732806844356,0.027182732806844356,0.023730628906649898,0.027182732806844356
1968-11-30,0.017868232177263854,0.008905808988479258,0.017868232177263854,0.017868232177263854,0.015839396074837975,0.017868232177263854
1968-12-31,0.0128636938646427,-0.0002479612531409714,0.0128636938646427,0.0128636938646427,0.011605174043443078,0.0128636938646427
1969-01-31,-0.03984350547730853,-0.022240033097824075,-0.03984350547730853,-0.03984350547730853,-0.03312806446296879,-0.03984350547730853
1969-02-28,-0.002377450980392104,-0.003916101635568325,-0.002377450980392104,-0.002377450980392104,-0.0012887429889224533,-0.002377450980392104
1969-03-31,-0.019129720853858778,-0.012658501004962908,-0.019129720853858778,-0.019129720853858778,-0.01550091397433695,-0.019129720853858778
1969-04-30,0.022750923128566525,0.019576390629261864,-0.001013433333333369,-0.001013433333333369,-8.999640908136097e-05,-0.001013433333333369
1969-05-31,0.035143139190523476,0.018718692422202254,0.0050916666666667165,0.0050916666666667165,0.0050916666666667165,0.0050916666666667165
1969-06-30,-0.04970522625876361,-0.03504523530862247,0.005033333333333223,-0.05540699490121104,-0.04638282066411725,0.005033333333333223
1969-07-31,-0.04204771871427593,-0.027426762286840156,-0.047795432401990245,-0.04204771871427593,-0.034977722448314985,-0.047795432401990245
1969-08-31,-0.0028302801534509925,0.001355541269467242,-0.00020166666666665556,-0.0028302801534509925,-0.0015682656575169984,-0.00020166666666665556
1969-09-30,0.006291144616691335,-0.007331500608601549,0.005816666666666581,0.006291144616691335,0.00621329381200586,0.005816666666666581
1969-10-31,0.013467119881493739,0.012122041561881458,0.005908333333333404,-0.000127116666666649,0.0007778379701199878,0.005908333333333404
1969-11-30,0.009977552694026226,0.007213854928091568,0.005833333333333357,0.0039176873778621335,0.004208204598993737,0.005833333333333357
1969-12-31,-0.050271974500225136,-0.04194092841622521,0.006033333333333335,-0.050271974500225136,-0.041829187893030584,0.006033333333333335
1970-01-31,-0.005887269966707076,-0.004873828876012731,0.006516666666666726,-0.005887269966707076,-0.00407145226354777,0.006516666666666726
1970-02-28,-0.03195782120843005,-0.0010479865109679354,0.006558333333333444,-0.03195782120843005,-0.02618967597190114,0.006558333333333444
1970-03-31,0.02012582224261905,0.019212629072613563,0.005941666666666734,0.02012582224261905,0.01796739733626107,0.005941666666666734
1970-04-30,-0.02747383906749412,-0.023109056014036344,0.005525000000000002,-0.02747383906749412,-0.022534432158685114,0.005525000000000002
1970-05-31,-0.11198694008144272,-0.07900740818372776,0.005425000000000013,-0.11198694008144272,-0.09439853756712613,0.005425000000000013
1970-06-30,-0.002695240599526749,0.0028161311373793296,0.005700000000000038,0.0013425908437876277,0.0019956880063347615,-0.001670476129663978
1970-07-31,0.005229230056885914,0.016359873127093083,0.00556666666666672,-0.00046673333333324685,0.0004393061217726757,-0.00046673333333324685
1970-08-31,0.0325614874977993,0.02003116353627088,0.005374999999999908,0.005374999999999908,0.005374999999999908,0.005374999999999908
1970-09-30,0.063216546885694,0.04432205694903435,0.005341666666666578,0.056837247604379915,0.04915718474709041,0.005341666666666578
1970-10-31,0.024878229191894752,0.01901198550460892,0.0051000000000001044,0.014575304151999813,0.013116154709064354,0.011522419585845212
1970-11-30,0.0020511536486114146,0.017738315879568534,0.004925000000000068,0.02166433594657291,0.019148638793690997,0.02166433594657291
1970-12-31,0.07156699889258022,0.05835770205779367,0.06513759689922471,0.0682905169720549,0.058726318855141235,0.0682905169720549
1971-01-31,0.041097538404590184,0.031170719180958484,0.041097538404590184,0.041097538404590184,0.03549153104382996,0.041097538404590184
1971-02-28,0.04150176489464119,0.030805773636010336,0.04150176489464119,0.04150176489464119,0.0358031572377544,0.04150176489464119
1971-03-31,0.028309820478495507,0.03138546591423652,0.028309820478495507,0.028309820478495507,0.0244972446878593,0.028309820478495507
1971-04-30,0.03673583500669353,0.02002127728297487,0.03673583500669353,0.03673583500669353,0.03162852733887278,0.03673583500669353
1971-05-31,-0.011081448220064849,-0.02118531704477522,-0.011081448220064849,-0.011081448220064849,-0.008961658358623725,-0.011081448220064849
1971-06-30,-0.015961286089238857,-0.011273570280405765,-0.015961286089238857,-0.015961286089238857,-0.013060485841357217,-0.015961286089238857
1971-07-31,-0.004632412421446408,-0.0066891420286967485,-0.004632412421446408,-0.004632412421446408,-0.0033587962252275005,-0.004632412421446408
1971-08-31,-0.01517396464646481,-0.0025066801111451875,-0.01517396464646481,-0.01517396464646481,-0.012229383321685439,-0.01517396464646481
1971-09-30,0.024861168243521137,0.030110902010699547,0.024861168243521137,0.024861168243521137,0.02173392479323777,0.024861168243521137
1971-10-31,-0.01864241281019463,-0.0028708314059736617,-0.01864241281019463,-0.01864241281019463,-0.0152750956137776,-0.01864241281019463
1971-11-30,-0.043720945969095926,-0.02070004400939751,-0.043720945969095926,-0.043720945969095926,-0.03662218145009055,-0.043720945969095926
1971-12-31,0.07163002083782422,0.04123411374253316,-0.002504433333333389,0.03064431619418051,0.026586731314019563,0.03064431619418051
1972-01-31,0.04422540418809451,0.027806039381380376,0.003341666666666576,0.023723262203723783,0.020654422268900907,0.023723262203723783
1972-02-29,0.02086963536624742,0.010581913086608496,0.014744417554049871,0.017868017980325668,0.015609419692806492,0.017868017980325668
1972-03-31,0.02619613434727497,0.01800472649628082,0.02619613434727497,0.02619613434727497,0.022652842567203013,0.02619613434727497
1972-04-30,0.012588981739399374,0.005997125991781482,0.012588981739399374,0.012588981739399374,0.01114908684518312,0.012588981739399374
1972-05-31,-0.007758884803921284,-0.0008353947343245904,-0.007758884803921284,-0.007758884803921284,-0.006138430706383424,-0.007758884803921284
1972-06-30,0.005160940885174714,0.005708613026443654,0.005160940885174714,0.005160940885174714,0.00483965738229708,0.005160940885174714
1972-07-31,-0.00503601080246896,-0.0009869882802293617,-0.00503601080246896,-0.00503601080246896,-0.0037934412063040934,-0.00503601080246896
1972-08-31,0.03783945118159204,0.02176924429442506,0.03783945118159204,0.03783945118159204,0.032654456150774225,0.03783945118159204
1972-09-30,-0.012102102102102164,-0.015146769010416672,-0.012102102102102164,-0.012102102102102164,-0.009809611193319911,-0.012102102102102164
1972-10-31,0.004192055149299101,0.00673211534919016,0.004192055149299101,0.004192055149299101,0.004133759726796082,0.004192055149299101
1972-11-30,0.05255981599756687,0.039580290876504165,0.05255981599756687,0.05255981599756687,0.04526809775382623,0.05255981599756687
1972-12-31,0.023132059079061573,0.013577891952099241,0.023132059079061573,0.023132059079061573,0.020223453414702774,0.023132059079061573
1973-01-31,0.009898347517730777,0.005101680481548021,0.009898347517730777,0.009898347517730777,0.009032857601328104,0.009898347517730777
1973-02-28,-0.03324653012387402,-0.02303141452246904,-0.03324653012387402,-0.03324653012387402,-0.027587483160539716,-0.03324653012387402
1973-03-31,-0.013448628137770036,-0.007917021581085093,-0.013448628137770036,-0.013448628137770036,-0.010760716920426905,-0.013448628137770036
1973-04-30,-0.016320677639383163,-0.0064173243907499344,-0.016320677639383163,-0.016320677639383163,-0.013125150853808831,-0.016320677639383163
1973-05-31,-0.025685003022061115,-0.018394810759744917,-0.025685003022061115,-0.025685003022061115,-0.02106598860217712,-0.025685003022061115
1973-06-30,-0.01988495024875636,-0.011107659115773605,-0.0007317999999999492,-0.01988495024875636,-0.01613096684176596,-0.0007317999999999492
1973-07-31,0.01211567270992342,0.003009842167456034,0.005991666666666617,0.01211567270992342,0.011177270646915982,0.005991666666666617
1973-08-31,-0.01634110743541284,-0.015032507100378845,0.0066749999999999865,-0.01634110743541284,-0.012893264595655318,0.0066749999999999865
1973-09-30,0.019966281310212164,0.023254731597347034,0.007225000000000037,0.019966281310212164,0.018036929840453908,0.007225000000000037
1973-10-31,0.042382157512626195,0.03642326449428568,0.006908333333333294,0.042382157512626195,0.037051154838014355,0.006908333333333294
1973-11-30,-0.0685008120825743,-0.03712391734421672,0.006016666666666559,-0.0685008120825743,-0.05734785792884722,0.006016666666666559
1973-12-31,-0.0680228758169934,-0.03897194104729873,-0.07361473856209144,-0.0680228758169934,-0.05689772949333849,-0.07361473856209144
1974-01-31,0.017021875219806804,0.005211100868230734,0.0001710833333332662,0.017021875219806804,0.015338446711272935,0.0001710833333332662
1974-02-28,-0.024711268338362236,-0.011680374932421134,0.0064750000000000085,-0.024711268338362236,-0.02004131177669244,0.0064750000000000085
1974-03-31,0.045764223292313,0.022659711883658673,0.005933333333333346,0.045764223292313,0.039764275901636115,0.005933333333333346
1974-04-30,-0.04814928845101285,-0.03493803983365673,0.006633333333333269,-0.04814928845101285,-0.03996002960696898,0.006633333333333269
1974-05-31,-0.027038719446246584,-0.015716545630346523,0.006941666666666624,-0.027038719446246584,-0.021984355541145306,0.006941666666666624
1974-06-30,0.004590907401211819,0.006354360326194408,0.006858333333333411,0.004590907401211819,0.00490431206907016,0.006858333333333411
1974-07-31,-0.11344062070757677,-0.07299538819648077,0.0065833333333333854,-0.11344062070757677,-0.09543858894004509,0.0065833333333333854
1974-08-31,-0.0376161055772708,-0.026392881051791828,0.006291666666666584,-0.0376161055772708,-0.031128295753991675,0.006291666666666584
1974-09-30,-0.100103029505897,-0.05742146223484401,0.0074666666666667325,-0.100103029505897,-0.08399932943726174,0.0074666666666667325
1974-10-31,0.02377340232922287,0.0206193967585786,0.006716666666666704,0.02377340232922287,0.021123152205032802,0.006716666666666704
1974-11-30,0.03743840005760357,0.0311807321869344,0.006216666666666759,0.03743840005760357,0.032741944192588024,0.006216666666666759
1974-12-31,-0.06091441315862833,-0.027007548380449387,0.006224999999999925,-0.06091441315862833,-0.05086545241717588,0.006224999999999925
1975-01-31,0.08635670443814925,0.0522039279747033,0.005958333333333288,0.08635670443814925,0.0742388154033844,0.005958333333333288
1975-02-28,0.10810211089672928,0.07032309870950249,0.005216666666666647,0.10810211089672928,0.09260673767010696,0.005216666666666647
1975-03-31,0.04976071577195196,0.022790794890622967,0.004583333333333384,0.04976071577195196,0.04290897997419019,0.004583333333333384
1975-04-30,0.014883554149757394,-0.002114377929880784,0.008794252824858795,0.014883554149757394,0.013303692718023674,0.008794252824858795
1975-05-31,0.06713946923197978,0.04759612332044716,0.06713946923197978,0.06713946923197978,0.057761567018220994,0.06713946923197978
1975-06-30,0.028958564557899136,0.025491118782575706,0.028958564557899136,0.028958564557899136,0.025222212817539447,0.028958564557899136
1975-07-31,0.004319985569985141,-0.00025051412474530466,0.004319985569985141,0.004319985569985141,0.004321052717783491,0.004319985569985141
1975-08-31,-0.0699625184704653,-0.048437787029373625,-0.0699625184704653,-0.0699625184704653,-0.058701983917865186,-0.0699625184704653
1975-09-30,-0.008526815229650153,-0.0032019946055767967,-0.008526815229650153,-0.008526815229650153,-0.006503410507918472,-0.008526815229650153
1975-10-31,0.049702767607574305,0.040487440993335344,0.049702767607574305,0.049702767607574305,0.04303869450842979,0.049702767607574305
1975-11-30,0.020407587219149148,0.01737933811238368,0.020407587219149148,0.020407587219149148,0.018058331152888796,0.020407587219149148
1975-12-31,-0.011805632656082365,-0.003044432075700043,-0.011805632656082365,-0.011805632656082365,-0.009361281677685906,-0.011805632656082365
1976-01-31,0.09545596580232996,0.06709112207045775,0.09545596580232996,0.09545596580232996,0.08180389349239414,0.09545596580232996
1976-02-29,0.041784250464588,0.026173792117987427,0.041784250464588,0.041784250464588,0.0360587448764913,0.041784250464588
1976-03-31,0.008026838966202376,0.009016584511136516,0.008026838966202376,0.008026838966202376,0.00740475199946089,0.008026838966202376
1976-04-30,0.010973730629739942,0.01389175420363098,0.010973730629739942,0.010973730629739942,0.009949633925803392,0.010973730629739942
1976-05-31,-0.003813649002289754,-0.009108811209059375,-0.003813649002289754,-0.003813649002289754,-0.002639244157381815,-0.003813649002289754
1976-06-30,0.009025032938076327,0.009128569212723647,0.009025032938076327,0.009025032938076327,0.008315196227637323,0.009025032938076327
1976-07-31,0.026678127046496414,0.019452197009142802,0.026678127046496414,0.026678127046496414,0.02334901533467093,0.026678127046496414
1976-08-31,-0.00558221369161882,0.000890975676847372,-0.00558221369161882,-0.00558221369161882,-0.004107636707665119,-0.00558221369161882
1976-09-30,0.024403033236527927,0.02221450955001103,0.024403033236527927,0.024403033236527927,0.021377279202417387,0.024403033236527927
1976-10-31,-0.031029486571879872,-0.011049150510846428,-0.031029486571879872,-0.031029486571879872,-0.025754745013058078,-0.031029486571879872
1976-11-30,-0.0036119316323192097,0.003611586489853602,-0.0036119316323192097,-0.0036119316323192097,-0.002482762675490635,-0.0036119316323192097
1976-12-31,0.03791996047430812,0.03721181658726236,0.03791996047430812,0.03791996047430812,0.032819608119253996,0.03791996047430812
1977-01-31,-0.0053353470232410105,-0.010528918755303263,-0.0023967500000000586,-0.0053353470232410105,-0.004016349485666981,-0.0023967500000000586
1977-02-28,-0.023648578998072933,-0.016854879799610423,-0.029506687524084474,-0.023648578998072933,-0.019530539917106182,-0.029506687524084474
1977-03-31,-0.0005033003300334293,0.0001783233377794513,-0.0005033003300334293,-0.0005033003300334293,0.00013448607184463057,-0.0005033003300334293
1977-04-30,-0.011889769715042964,-0.002122273883157111,-0.0021896666666666453,-0.0026781960487520795,-0.0017028094310468367,-0.0026781960487520795
1977-05-31,0.0006926888776712659,0.0003194884630834949,0.0037833333333332497,-0.002346040363404356,-0.0014291577158471735,-0.0022393666666667977
1977-06-30,0.009045497502362387,0.01298761715134722,0.004133333333333322,0.009045497502362387,0.008306291642833585,0.004133333333333322
1977-07-31,0.012863556249370633,0.00872405894899031,0.004183333333333428,0.012863556249370633,0.011557752883522898,0.004183333333333428
1977-08-31,-0.020747396872920487,-0.011982874246048603,0.004324999999999912,-0.020747396872920487,-0.016992990309480205,0.004324999999999912
1977-09-30,-0.011713554987212604,-0.0029061749181048535,0.004574999999999996,-0.011713554987212604,-0.009289602681138653,0.004574999999999996
1977-10-31,-0.021929517821885236,-0.01576434561452189,0.004841666666666633,-0.01714123740585305,-0.01385107903168048,-0.020098686039536462
1977-11-30,0.009861789702012791,0.006731334452739546,0.005133333333333434,0.005953529918584222,0.0058231574422045185,0.005953529918584222
1977-12-31,-0.0007513081600906135,-0.0009815059999574993,0.005083333333333329,-0.0010367509110100759,-0.00011906941843964347,-0.0010367509110100759
1978-01-31,-0.033865087401407035,-0.025146652226244126,0.005058333333333387,-0.02296688492348664,-0.01876700498832784,-0.02296688492348664
1978-02-28,-0.009679898430285827,-0.005096818053351604,0.005366666666666742,-0.012684000383096805,-0.009992942095048973,-0.0006655333333333013
1978-03-31,0.0026972353337824106,0.004005477237014166,0.005374999999999908,0.0026972353337824106,0.0030872673930608663,0.005374999999999908
1978-04-30,0.04833433723635849,0.028689519283211284,0.005241666666666589,0.04833433723635849,0.041868308983195046,0.005241666666666589
1978-05-31,0.055076160428576326,0.030308632862367846,0.005241666666666589,-0.0007897833333334603,8.312724707049135e-05,0.005241666666666589
1978-06-30,0.006766930157752427,0.003810210195366981,0.005341666666666578,0.005341666666666578,0.005341666666666578,0.005341666666666578
1978-07-31,-0.0005916188818346768,-0.0023300435360543714,-0.006588069168543709,-0.006588069168543709,-0.004763351756706724,-0.006588069168543709
1978-08-31,0.07331286655005642,0.05303557432520889,0.07331286655005642,0.07331286655005642,0.06318714559160732,0.07331286655005642
1978-09-30,0.004026307346807867,0.0048811378753672585,0.004026307346807867,0.004026307346807867,0.004258604495976925,0.004026307346807867
1978-10-31,-0.027721631376323552,-0.019677652291963055,-0.027721631376323552,-0.027721631376323552,-0.022583531667329293,-0.027721631376323552
1978-11-30,-0.05436271537442017,-0.03425250215305087,-0.05436271537442017,-0.05436271537442017,-0.0452351626915114,-0.05436271537442017
1978-12-31,0.01924295216978167,0.009173312043119886,0.01924295216978167,0.01924295216978167,0.01738676538412043,0.01924295216978167
1979-01-31,0.041890654805257777,0.025755111596273306,0.001521266666666632,0.041890654805257777,0.036732668914882805,0.001521266666666632
1979-02-28,-0.010533321632734904,-0.003342973058111265,0.007791666666666641,-0.010533321632734904,-0.007809703500559095,0.007791666666666641
1979-03-31,0.023448369473005215,0.016554844528094526,0.017307679256167274,0.023448369473005215,0.02108168739229077,0.017307679256167274
1979-04-30,0.024347877122877115,0.01606527173548833,0.001852600000000093,0.024347877122877115,0.021868689834023902,0.001852600000000093
1979-05-31,-0.018892156382630976,-0.01011742183580755,-0.02477880344433514,-0.018892156382630976,-0.014887962960582701,-0.02477880344433514
1979-06-30,0.02421538153013114,0.02651427040604526,0.02421538153013114,0.02421538153013114,0.021763078792598423,0.02421538153013114
1979-07-31,0.014254891838741734,0.010465330637821957,0.0015046999999999144,0.014254891838741734,0.013236863237275465,0.0015046999999999144
1979-08-31,0.050189329763064006,0.030991471694135297,0.04388819378448572,0.050189329763064006,0.04381064632206688,0.04388819378448572
1979-09-30,0.015448479205462329,0.004467275312273644,0.015448479205462329,0.015448479205462329,0.01428962145048196,0.015448479205462329
1979-10-31,-0.03348935696746458,-0.04106742706240518,-0.03348935696746458,-0.03348935696746458,-0.0271889672640393,-0.03348935696746458
1979-11-30,-0.003187137161084652,-0.007059215462131063,-0.003187137161084652,-0.003187137161084652,-0.0012795841363014704,-0.003187137161084652
1979-12-31,0.0440774670523949,0.03640349807991816,0.0440774670523949,0.0440774670523949,0.038929301869364163,0.0440774670523949
1980-01-31,0.03316326530612268,0.013377575471514191,0.03316326530612268,0.03316326530612268,0.02966780556214399,0.03316326530612268
1980-02-29,0.043996092575893986,-0.006711458558237071,0.043996092575893986,0.043996092575893986,0.03887882614761029,0.043996092575893986
1980-03-31,-0.0877421220005784,-0.056315891073598134,-0.0877421220005784,-0.0877421220005784,-0.07299651023663345,-0.0877421220005784
1980-04-30,-0.011583357211078837,0.027424095270446758,-0.011583357211078837,-0.011583357211078837,-0.008026458086871524,-0.011583357211078837
1980-05-31,0.05039913430420717,0.06605513168134625,0.004933999999999994,0.05039913430420717,0.04446973236123242,0.004933999999999994
1980-06-30,0.06866295264623878,0.05466762034538686,0.00714999999999999,0.06866295264623878,0.05940543810031973,0.00714999999999999
1980-07-31,0.04972609802210615,0.021371615982830106,0.04342774143397343,0.04972609802210615,0.043104599251011955,0.04342774143397343
1980-08-31,0.03507698247078461,0.00397214391551981,0.03507698247078461,0.03507698247078461,0.030789798058493467,0.03507698247078461
1980-09-30,0.02838731443994602,0.010946856081241352,0.02838731443994602,0.02838731443994602,0.025248888494676436,0.02838731443994602
1980-10-31,0.033267457180500726,0.01812653287279886,0.033267457180500726,0.033267457180500726,0.029545126160553492,0.033267457180500726
1980-11-30,0.046166154633896506,0.01062325843944878,0.046166154633896506,0.046166154633896506,0.04067462456657789,0.046166154633896506
1980-12-31,-0.012429378531073287,-0.006936292956634116,-0.012429378531073287,-0.012429378531073287,-0.008875302478588254,-0.012429378531073287
1981-01-31,0.00012484394506850904,0.010439960264563508,0.00012484394506850904,0.00012484394506850904,0.0020239053421480246,0.00012484394506850904
1981-02-28,-0.030676691729323302,-0.027934223860826335,-0.030676691729323302,-0.030676691729323302,-0.024207211251139338,-0.030676691729323302
1981-03-31,0.04145898234683276,0.030810476828584177,0.04145898234683276,0.04145898234683276,0.03705376677077865,0.04145898234683276
1981-04-30,0.012960879629629662,-1.2127525412242157e-05,0.012960879629629662,0.012960879629629662,0.012664984601358675,0.012960879629629662
1981-05-31,-0.01614996899801635,-0.014123375602861477,-0.01614996899801635,-0.01614996899801635,-0.012017587617342729,-0.01614996899801635
1981-06-30,0.008599088838268765,0.02360379130942336,0.008599088838268765,0.008599088838268765,0.00932518755774936,0.008599088838268765
1981-07-31,-0.020135216679264212,-0.02477978216102561,-0.020135216679264212,-0.020135216679264212,-0.01527740411740608,-0.020135216679264212
1981-08-31,0.008053621223857776,-0.0040422080638774505,0.008053621223857776,0.008053621223857776,0.008688930245174253,0.008053621223857776
1981-09-30,-0.0829989711934156,-0.052589784364910575,0.006847449999999977,0.006847449999999977,0.0077624661704907005,0.006847449999999977
1981-10-31,0.01729830233868679,0.018847627238736786,0.012250000000000094,0.011194512524654643,0.011356697597245446,0.012250000000000094
1981-11-30,0.030462806065665093,0.061859779418461436,0.011283333333333312,0.030462806065665093,0.027581981244009235,0.011283333333333312
1981-12-31,0.011818551668022703,0.0043135935893936495,0.009050000000000002,0.011818551668022703,0.01138882768327254,0.009050000000000002
1982-01-31,-0.04802100161550893,-0.04245476901905665,0.009041666666666615,-0.04390837817209936,-0.0359870482908764,-0.046785283754329776
1982-02-28,-0.019117647058823684,-0.003262442979979574,0.010233333333333317,0.0007056684130979374,0.002113697709205997,0.0007056684130979374
1982-03-31,-0.027423580786026136,0.0005542291696538637,0.011233333333333428,0.007560454875937372,0.008107774012382274,0.007560454875937372
1982-04-30,0.054715703971119245,0.037129871510994894,0.010566666666666613,0.032756423385651656,0.029426894359066536,0.032756423385651656
1982-05-31,0.005717970765261926,0.013418100519924314,0.010583333333333389,0.015355549419565406,0.014631172319372832,0.015355549419565406
1982-06-30,-0.05268470790377966,-0.04147299574230334,0.010075000000000056,-0.038664589897888346,-0.03135561242425988,-0.038664589897888346
1982-07-31,0.0024485946520815816,0.013692425512652262,0.010391666666666577,0.016512303607320034,0.01557499231239956,0.016512303607320034
1982-08-31,0.007949931444241276,0.029119840031600397,0.009458333333333346,0.03442080943606585,0.030674144343887377,0.03442080943606585
1982-09-30,0.12097386812518973,0.09328749540799208,0.007233333333333425,0.11752475276234575,0.10101515423774088,0.0011899333333333928
1982-10-31,0.08881853894335512,0.09187638585185676,0.006599999999999939,0.08948661819447468,0.07700146946271236,0.08620832345567497
1982-11-30,0.045003347148957706,0.03946062685530327,0.038733327066063916,0.04185701543901721,0.036525189888581,0.04185701543901721
1982-12-31,0.01355901520637226,0.011878145047248267,0.01355901520637226,0.01355901520637226,0.012505158244238146,0.01355901520637226
1983-01-31,0.03926550095647974,0.029036684160743897,0.03926550095647974,0.03926550095647974,0.03436283505441162,0.03926550095647974
1983-02-28,0.02130784823284837,0.009900465581737627,0.02130784823284837,0.02130784823284837,0.019069563453255833,0.02130784823284837
1983-03-31,0.03866371480472308,0.031890681707544166,0.03866371480472308,0.03866371480472308,0.033866454052565276,0.03866371480472308
1983-04-30,0.041979372394119085,0.03138238706223451,0.041979372394119085,0.041979372394119085,0.036701741675774,0.041979372394119085
1983-05-31,0.04424540266328458,0.03047004217344451,0.04424540266328458,0.04424540266328458,0.038608001846174966,0.04424540266328458
1983-06-30,0.01754011781434084,0.002545468352190605,0.01754011781434084,0.01754011781434084,0.015904861712410012,0.01754011781434084
1983-07-31,0.007091346153846434,-0.004752207473004422,0.007091346153846434,0.007091346153846434,0.00711826822062589,0.007091346153846434
1983-08-31,-0.02406187624750511,-0.021623382156545468,-0.02406187624750511,-0.02406187624750511,-0.01931776886228198,-0.02406187624750511
1983-09-30,0.03314860426929411,0.02852178999921695,0.03314860426929411,0.03314860426929411,0.029318417197516933,0.03314860426929411
1983-10-31,0.006494218500797455,0.010355623356139265,0.006494218500797455,0.006494218500797455,0.006626109193130558,0.006494218500797455
1983-11-30,-0.011399324190021987,-0.006519997222728557,-0.011399324190021987,-0.011399324190021987,-0.008610183324675669,-0.011399324190021987
1983-12-31,-0.0012661420500402754,-0.00014145229877327026,-0.0012661420500402754,-0.0012661420500402754,4.4269420689246886e-06,-0.0012661420500402754
1984-01-31,0.015774533657745282,0.017154456136031948,0.015774533657745282,0.015774533657745282,0.014526705396763484,0.015774533657745282
1984-02-29,-0.05110677083333337,-0.03073664886612415,-0.05110677083333337,-0.05110677083333337,-0.04233423044768725,-0.05110677083333337
1984-03-31,0.004439499894045351,-0.004427674250403912,0.004439499894045351,0.004439499894045351,0.004862846135736287,0.004439499894045351
1984-04-30,0.005094943879712099,0.00013829091491768253,0.001885733333333306,0.005094943879712099,0.005518302182047741,0.001885733333333306
1984-05-31,-0.002502818316412858,-0.014375359256405207,0.008075000000000054,-0.002502818316412858,-0.0009183030368558054,0.008075000000000054
1984-06-30,-0.01845998297147733,-0.009911735956425916,0.008191666666666597,-0.01845998297147733,-0.01447021784087199,0.008191666666666597
1984-07-31,-0.00907177770520351,0.003430069832221383,0.008224999999999927,-0.00907177770520351,-0.0064978147521718155,0.008224999999999927
1984-08-31,0.09207846348996251,0.07403915811195372,0.008433333333333293,0.0023827333333332756,0.003303753952062616,0.008433333333333293
1984-09-30,0.0140815085158148,0.01715922380910695,0.008725000000000094,0.008725000000000094,0.008725000000000094,0.008725000000000094
1984-10-31,-0.004098936383704399,0.009977362054767402,-0.0100743427654022,-0.0100743427654022,-0.0072766879119253725,-0.0100743427654022
1984-11-30,0.012884304207119612,0.02561859742593886,0.012884304207119612,0.012884304207119612,0.01215927177647358,0.012884304207119612
1984-12-31,-0.007050511124473968,0.0012336050576304824,-0.007050511124473968,-0.007050511124473968,-0.004920270131523297,-0.007050511124473968
1985-01-31,0.046997634245187214,0.03484702100827075,0.046997634245187214,0.046997634245187214,0.040944104921176505,0.046997634245187214
1985-02-28,0.05789465326340304,0.03541937710646392,0.05789465326340304,0.05789465326340304,0.050149367251143495,0.05789465326340304
1985-03-31,-0.004763220932375023,-0.007240644508022087,-0.004763220932375023,-0.004763220932375023,-0.0030523373667413756,-0.004763220932375023
1985-04-30,0.010259508547008522,0.020278043842639537,0.010259508547008522,0.010259508547008522,0.009776551801061517,0.010259508547008522
1985-05-31,0.027368646179402267,0.03425094002148321,0.027368646179402267,0.027368646179402267,0.024254647589412315,0.027368646179402267
1985-06-30,0.02512168739859355,0.03586935645045508,0.02512168739859355,0.02512168739859355,0.022272595900145964,0.02512168739859355
1985-07-31,0.022486911064055093,0.013123920495102581,0.022486911064055093,0.022486911064055093,0.019968207405180793,0.022486911064055093
1985-08-31,-0.018438670995670647,-0.008154586081707826,-0.018438670995670647,-0.018438670995670647,-0.014800206824436613,-0.018438670995670647
1985-09-30,-0.018835192069392992,-0.008883629679117266,-0.018835192069392992,-0.018835192069392992,-0.015136026114411671,-0.018835192069392992
1985-10-31,0.014964693101575,0.015629350924314833,0.014964693101575,0.014964693101575,0.013587975460973567,0.014964693101575
1985-11-30,0.06421410669530991,0.053591887097119706,0.06421410669530991,0.06421410669530991,0.05546978303161976,0.06421410669530991
1985-12-31,0.052953586497890504,0.04845764990498003,0.052953586497890504,0.052953586497890504,0.04587139288897757,0.052953586497890504
1986-01-31,0.007533365492844002,0.009409003400927984,0.007533365492844002,0.007533365492844002,0.007256292207029169,0.007533365492844002
1986-02-28,0.05698847262247875,0.05024130678368688,0.05698847262247875,0.05698847262247875,0.04932266334532076,0.05698847262247875
1986-03-31,0.06184290489213007,0.06535969240394679,0.06184290489213007,0.06184290489213007,0.05340972643801756,0.06184290489213007
1986-04-30,0.027423830535227456,0.032556441549897785,0.027423830535227456,0.027423830535227456,0.024088638309099686,0.027423830535227456
1986-05-31,0.004927636554621806,-0.005972382745307869,0.004927636554621806,0.004927636554621806,0.004929508491002155,0.004927636554621806
1986-06-30,0.031341719077568,0.018854345592819843,0.031341719077568,0.031341719077568,0.027409115515508065,0.031341719077568
1986-07-31,-0.01802441568147839,0.005825661591866371,-0.01802441568147839,-0.01802441568147839,-0.014563740151715243,-0.01802441568147839
1986-08-31,0.022823574104912536,0.019723195060618703,0.022823574104912536,0.022823574104912536,0.020110415987812713,0.022823574104912536
1986-09-30,-0.02454761904761882,-0.020184738818672776,-0.02454761904761882,-0.02454761904761882,-0.02018742662820827,-0.02454761904761882
1986-10-31,-0.0008928976080569972,0.0024916719628689243,-0.0008928976080569972,-0.0008928976080569972,-0.00013047405530397516,-0.0008928976080569972
1986-11-30,0.035335344706543204,0.028746874752682006,0.035335344706543204,0.035335344706543204,0.03067841524782522,0.035335344706543204
1986-12-31,0.017095063239493946,0.016627014613538993,0.017095063239493946,0.017095063239493946,0.015176180927995997,0.017095063239493946
1987-01-31,0.06674041297935118,0.0432658814417084,0.06674041297935118,0.06674041297935118,0.05741053188994405,0.06674041297935118
1987-02-28,0.06462507876496537,0.03625185115808294,0.06462507876496537,0.06462507876496537,0.055562617292772565,0.06462507876496537
1987-03-31,0.04377002491990023,0.02857759265614357,0.04377002491990023,0.04377002491990023,0.03785806583215523,0.04377002491990023
1987-04-30,-0.008547008547008517,-0.023784126150075746,-0.008547008547008517,-0.008547008547008517,-0.006594845752812328,-0.008547008547008517
1987-05-31,0.0017455928102316776,-0.012038280221216113,0.0017455928102316776,0.0017455928102316776,0.002178562774207249,0.0017455928102316776
1987-06-30,0.04500172950536108,0.035459173778980446,0.04500172950536108,0.04500172950536108,0.03895662703439995,0.04500172950536108
1987-07-31,0.03123387248396403,0.020166697497283836,0.03123387248396403,0.03123387248396403,0.027227070631386185,0.03123387248396403
1987-08-31,0.06455265237020336,0.03330961987130632,0.06455265237020336,0.06455265237020336,0.05556016608832848,0.06455265237020336
1987-09-30,-0.03029245092086652,-0.03233414883250052,-0.03029245092086652,-0.03029245092086652,-0.02503584608622611,-0.03029245092086652
1987-10-31,-0.11852578182198525,-0.07054311227794452,-0.11852578182198525,-0.11852578182198525,-0.0999718612943038,-0.11852578182198525
1987-11-30,-0.12301927194860829,-0.05343370354019494,-0.12301927194860829,-0.12301927194860829,-0.10389447773573768,-0.12301927194860829
1987-12-31,-0.013329931972788756,-0.008712227491873059,-0.001286783333333319,-0.013329931972788756,-0.010727401018993055,-0.001286783333333319
1988-01-31,0.042481559474412345,0.036962652501224325,0.004808333333333303,0.042481559474412345,0.03681608775725653,0.004808333333333303
1988-02-29,0.03330117431803048,0.03530641250350253,0.004841666666666633,0.03330117431803048,0.029003644916706817,0.004841666666666633
1988-03-31,0.03233565801368954,0.017828263787819765,0.004716666666666702,0.03233565801368954,0.028171055548525725,0.004716666666666702
1988-04-30,-0.008830971647220909,-0.01183133048460372,0.004750000000000032,-0.015480513584319344,-0.012472886762190716,-0.018442959380956303
1988-05-31,-0.02185304963188628,-0.01986464055423065,0.004925000000000068,-0.019365357891138357,-0.015728380810304476,-0.019365357891138357
1988-06-30,0.06001236496160334,0.04349514670574273,0.005216666666666647,0.03936747387329542,0.034232089453446246,0.03936747387329542
1988-07-31,-0.0030456009112175275,-0.0025664367145806777,0.0053833333333332956,-0.002435052470217469,-0.0012752217652430842,-0.002435052470217469
1988-08-31,-0.01716111420785349,-0.01245686478831265,-0.023058147522606376,-0.020111610993945206,-0.016265263098969696,-0.020111610993945206
1988-09-30,0.019295917077487124,0.02198272461311679,0.019295917077487124,0.019295917077487124,0.017266062860219478,0.019295917077487124
1988-10-31,0.03804415422885543,0.030562266846147157,0.03804415422885543,0.03804415422885543,0.033232109505812124,0.03804415422885543
1988-11-30,-0.020175438596490847,-0.013393266655834957,-0.020175438596490847,-0.020175438596490847,-0.01625368855659104,-0.020175438596490847
1988-12-31,0.02329335793357923,0.013029093660369417,0.02329335793357923,0.02329335793357923,0.02074847769790611,0.02329335793357923
1989-01-31,0.035145669077757624,0.024608350208301655,0.035145669077757624,0.035145669077757624,0.03086956876451552,0.035145669077757624
1989-02-28,0.03302285388927828,0.020726848871570835,0.03302285388927828,0.03302285388927828,0.029081471522299118,0.03302285388927828
1989-03-31,-0.0015844671201813432,-0.0028357915752075247,-0.0015844671201813432,-0.0015844671201813432,-0.0002999666307339499,-0.0015844671201813432
1989-04-30,0.03566982689898657,0.0291936438035445,0.03566982689898657,0.03566982689898657,0.03141499199191311,0.03566982689898657
1989-05-31,0.04118240710111376,0.03617289666002965,0.04118240710111376,0.04118240710111376,0.036064533393315834,0.04118240710111376
1989-06-30,0.03397313369438271,0.038976699864387676,0.03397313369438271,0.03397313369438271,0.029905077881213993,0.03397313369438271
1989-07-31,0.028015472144990117,0.02664942922812452,0.028015472144990117,0.028015472144990117,0.024811388063910478,0.028015472144990117
1989-08-31,0.04693851059556109,0.02838410741788877,0.04693851059556109,0.04693851059556109,0.04086624350483592,0.04693851059556109
1989-09-30,0.004599442200422965,0.00322981242661613,0.004599442200422965,0.004599442200422965,0.0048672091565316045,0.004599442200422965
1989-10-31,0.0028785632018428764,0.009368544546431767,0.0028785632018428764,0.0028785632018428764,0.0034140132823266,0.0028785632018428764
1989-11-30,-0.018105138169257406,-0.00436924215797263,-0.018105138169257406,-0.018105138169257406,-0.014437057252038477,-0.018105138169257406
1989-12-31,0.02740054869684494,0.019838334271951252,0.02740054869684494,0.02740054869684494,0.024232260615079104,0.02740054869684494
1990-01-31,-0.022093134442531914,-0.020687050334736945,-0.022093134442531914,-0.022093134442531914,-0.017840813601703753,-0.022093134442531914
1990-02-28,-0.025249776941102753,-0.019380205273196283,-0.025249776941102753,-0.025249776941102753,-0.020529016340919082,-0.025249776941102753
1990-03-31,0.02709436626822037,0.015861349993682383,0.02709436626822037,0.02709436626822037,0.023972425787653462,0.02709436626822037
1990-04-30,0.0019885904784417985,-0.001265729245460978,0.00054383333333341,0.0019885904784417985,0.00266233777976832,0.00054383333333341
1990-05-31,0.03853798273108966,0.02683428575692748,0.0064750000000000085,0.03853798273108966,0.03372491149197043,0.0064750000000000085
1990-06-30,0.031724958363074096,0.029406935480040808,0.006450000000000067,0.031724958363074096,0.027909323925606966,0.006450000000000067
1990-07-31,0.0017126585088376167,0.004114033584013521,-0.004297617442215462,0.0017126585088376167,0.0024031542622988677,-0.004297617442215462
1990-08-31,-0.07859916766195396,-0.051752527227685086,-0.07859916766195396,-0.07859916766195396,-0.06586016378909587,-0.07859916766195396
1990-09-30,-0.04339884101788871,-0.02690392961002297,-0.04339884101788871,-0.04339884101788871,-0.0360248309824549,-0.04339884101788871
1990-10-31,-0.023132140177335336,-0.006473366708626083,9.653333333337066e-05,-0.023132140177335336,-0.01878094632452343,9.653333333337066e-05
1990-11-30,0.029861644742554816,0.029627834516036344,0.005975000000000064,0.029861644742554816,0.026255232758762848,0.005975000000000064
1990-12-31,0.04588632687367178,0.038768941276185354,0.0058833333333332405,0.04588632687367178,0.03986736227747012,0.0058833333333332405
1991-01-31,-0.006847477820025372,-0.0017119519164359165,0.005616666666666603,-0.006847477820025372,-0.005007138164317415,0.005616666666666603
1991-02-28,0.11606943889725252,0.07891866694501704,0.005183333333333318,0.11606943889725252,0.09942598741292263,0.005183333333333318
1991-03-31,0.03044544434016072,0.01368786031421143,0.00495000000000001,0.006626500512234346,0.006298978990282533,0.0035975341114955484
1991-04-30,0.022592761720568788,0.018108209308798306,0.016457205150245402,0.019588152549417037,0.017393516445927792,0.019588152549417037
1991-05-31,-0.0017865922180082539,0.0007751550216237302,-0.0017865922180082539,-0.0017865922180082539,-0.0008255941874004691,-0.0017865922180082539
1991-06-30,0.003472314082383132,-0.000904963812071502,0.003472314082383132,0.003472314082383132,0.0036289762419501326,0.003472314082383132
1991-07-31,0.007814397243737226,0.007702850701574615,0.007814397243737226,0.007814397243737226,0.007337660184391082,0.007814397243737226
1991-08-31,0.026798845435657137,0.02898922951333449,0.026798845435657137,0.026798845435657137,0.023474052597523443,0.026798845435657137
1991-09-30,-0.003021742852251097,0.007748002834562673,-0.003021742852251097,-0.003021742852251097,-0.0019187551406831815,-0.003021742852251097
1991-10-31,0.0018107136707989913,0.00694412554510393,0.0018107136707989913,0.0018107136707989913,0.002185873693547613,0.0018107136707989913
1991-11-30,0.0001522220499035054,0.005665105114703417,0.0001522220499035054,0.0001522220499035054,0.0007511989765671689,0.0001522220499035054
1991-12-31,0.009345632946379023,0.017442477252250344,0.009345632946379023,0.009345632946379023,0.008510699563320623,0.009345632946379023
1992-01-31,0.07358883941211314,0.04819684543727165,0.07358883941211314,0.07358883941211314,0.06305479164035988,0.07358883941211314
1992-02-29,-0.006000448631673261,-0.010060301799361349,-0.006000448631673261,-0.006000448631673261,-0.004675663058869017,-0.006000448631673261
1992-03-31,-0.010115700342576472,-0.009212081175912767,-0.010115700342576472,-0.010115700342576472,-0.008125333524956813,-0.010115700342576472
1992-04-30,0.0026430348258705827,0.005772688924796654,0.0026430348258705827,0.0026430348258705827,0.0027412814583465117,0.0026430348258705827
1992-05-31,0.020683504741333625,0.017417274908088753,0.020683504741333625,0.020683504741333625,0.018049167006289446,0.020683504741333625
1992-06-30,-0.013291225701726916,-0.0018544880869308944,-0.013291225701726916,-0.013291225701726916,-0.010856842878415374,-0.013291225701726916
1992-07-31,0.019126088944407593,0.025926271491171216,0.019126088944407593,0.019126088944407593,0.01670184593673607,0.019126088944407593
1992-08-31,0.009421896960205567,0.015175100533486807,0.009421896960205567,0.009421896960205567,0.008397664663375881,0.009421896960205567
1992-09-30,0.0037885132278929756,0.009427705841577705,0.0037885132278929756,0.0037885132278929756,0.003606349427215383,0.0037885132278929756
1992-10-31,-0.011823205410055215,-0.009915017477562293,-0.011823205410055215,-0.011823205410055215,-0.009686865473919948,-0.011823205410055215
1992-11-30,0.027568343434343445,0.010692596236718588,0.027568343434343445,0.027568343434343445,0.02377932358270307,0.027568343434343445
1992-12-31,0.03271331945889644,0.024739849889051202,-0.0034073166666667154,0.019754980237685515,0.01717152421581969,0.019754980237685515
1993-01-31,0.001433389189851031,0.008027598331144414,-0.004575211145288027,-0.001541861844474024,-0.0009160771269345336,-0.001541861844474024
1993-02-28,0.01724886841440143,0.0225536980593235,0.01724886841440143,0.01724886841440143,0.01503556913758164,0.01724886841440143
1993-03-31,0.021507810731265842,0.02333521867432764,0.021507810731265842,0.021507810731265842,0.018636566094393237,0.021507810731265842
1993-04-30,-0.013414989485220019,-0.005763303956838106,-0.013414989485220019,-0.013414989485220019,-0.011048151660010608,-0.013414989485220019
1993-05-31,0.007249763022479039,0.0042268685934268024,0.007249763022479039,0.007249763022479039,0.0065086899263042675,0.007249763022479039
1993-06-30,0.00865431405577377,0.00958667712462713,0.00865431405577377,0.00865431405577377,0.007722446053957999,0.00865431405577377
1993-07-31,0.0006100373461888076,0.006863911216251406,0.0006100373461888076,0.0006100373461888076,0.00089758024756037,0.0006100373461888076
1993-08-31,0.01762465812634595,0.01642439555102726,0.01762465812634595,0.01762465812634595,0.01535944743050588,0.01762465812634595
1993-09-30,0.013549717775380055,0.01984818517510134,0.013549717775380055,0.013549717775380055,0.011883254657007125,0.013549717775380055
1993-10-31,0.012422698371221674,0.010140563194646512,0.012422698371221674,0.012422698371221674,0.010919611394889284,0.012422698371221674
1993-11-30,7.90400229935262e-05,-0.00996960107699596,7.90400229935262e-05,7.90400229935262e-05,0.00043714032836628114,7.90400229935262e-05
1993-12-31,0.008875398762845377,0.005687601597665681,0.008875398762845377,0.008875398762845377,0.007929710208778529,0.008875398762845377
1994-01-31,0.01736654505132873,0.012935413291347952,0.01736654505132873,0.01736654505132873,0.015139215420027163,0.01736654505132873
1994-02-28,-0.0007493639752780279,-0.005122510777980205,-0.0007493639752780279,-0.0007493639752780279,-0.0002756219910899915,-0.0007493639752780279
1994-03-31,-0.014230529991376306,-0.0214597378520347,-0.014230529991376306,-0.014230529991376306,-0.011692145243861862,-0.014230529991376306
1994-04-30,-0.033455994911709475,-0.03194382684466013,-0.033455994911709475,-0.033455994911709475,-0.028012840051650945,-0.033455994911709475
1994-05-31,0.010590505258293526,0.0027251678833430937,0.010590505258293526,0.010590505258293526,0.009433031971736172,0.010590505258293526
1994-06-30,0.011088933244622234,0.011291558648290012,-0.002570700000000037,-0.002570700000000037,-0.001673316457783569,-0.002570700000000037
1994-07-31,-0.005183255282193433,-0.006377923395512797,0.003449999999999953,0.003449999999999953,0.003449999999999953,0.003449999999999953
1994-08-31,0.03082631812139991,0.022619298855641068,0.0036083333333334355,0.0036083333333334355,0.0036083333333334355,0.0036083333333334355
1994-09-30,0.008178241139640274,0.0011374006978528417,0.0037333333333333663,0.0037333333333333663,0.0037333333333333663,0.0037333333333333663
1994-10-31,-0.004423415995659652,-0.007929741126712186,-0.01039687549968571,-0.01039687549968571,-0.008266173337969529,-0.01039687549968571
1994-11-30,-0.00368385402068383,-0.005664488260847533,-0.00368385402068383,-0.00368385402068383,-0.0025188593341187726,-0.00368385402068383
1994-12-31,-0.010243812498644478,0.0006323396427265759,-0.010243812498644478,-0.010243812498644478,-0.008051931258247325,-0.010243812498644478
1995-01-31,0.02451357308669655,0.018099174030148824,0.02451357308669655,0.02451357308669655,0.021524993955195804,0.02451357308669655
1995-02-28,0.03819093677234475,0.034152298098665934,-0.0012702166666666015,-0.0012702166666666015,-0.0003808676791521304,-0.0012702166666666015
1995-03-31,0.025579971779548183,0.02546273869401583,0.019426491948870916,0.019426491948870916,0.017249658459951744,0.019426491948870916
1995-04-30,0.032167917131366686,0.02568584243639993,0.032167917131366686,0.032167917131366686,0.0280430023091629,0.032167917131366686
1995-05-31,0.033488003123912424,0.034898517637737436,0.033488003123912424,0.033488003123912424,0.029150074405625226,0.033488003123912424
1995-06-30,0.03179269837027476,0.03490322810259183,0.03179269837027476,0.03179269837027476,0.027710557940516578,0.03179269837027476
1995-07-31,0.03548716047093725,0.020096270273148864,0.03548716047093725,0.03548716047093725,0.030827066844021367,0.03548716047093725
1995-08-31,0.00514170718433582,-0.0010067812105488683,0.00514170718433582,0.00514170718433582,0.0050248827262378,0.00514170718433582
1995-09-30,0.03718707708083646,0.03302964171418776,0.03718707708083646,0.03718707708083646,0.032283524405037234,0.03718707708083646
1995-10-31,0.009135753408089586,0.012299571949331956,0.009135753408089586,0.009135753408089586,0.008400962724212757,0.009135753408089586
1995-11-30,0.023593860792790133,0.01945100674606648,0.023593860792790133,0.023593860792790133,0.02071111467186304,0.023593860792790133
1995-12-31,0.03390117486384692,0.028953716033004673,0.03390117486384692,0.03390117486384692,0.029471189154045785,0.03390117486384692
1996-01-31,0.0016398050669572672,0.0046888070818189576,0.0016398050669572672,0.0016398050669572672,0.002014417300026272,0.0016398050669572672
1996-02-29,0.059057959810336014,0.03249118260487571,0.059057959810336014,0.059057959810336014,0.050822145076374836,0.059057959810336014
1996-03-31,-0.001993718631646768,-0.012912959226808796,-0.001993718631646768,-0.001993718631646768,-0.0011308281011521704,-0.001993718631646768
1996-04-30,0.001977722657517722,-0.003763234384257297,0.001977722657517722,0.001977722657517722,0.0022964443043427263,0.001977722657517722
1996-05-31,0.023555544395857053,0.00964181584850099,0.023555544395857053,0.023555544395857053,0.02063928352047739,0.023555544395857053
1996-06-30,0.012793077547399001,0.005001131208438148,0.012793077547399001,0.012793077547399001,0.011486884652048168,0.012793077547399001
1996-07-31,-0.034749439042632724,-0.01742529493789824,-0.034749439042632724,-0.034749439042632724,-0.028907096557946432,-0.034749439042632724
1996-08-31,0.030774346473726677,0.02735950321171643,0.030774346473726677,0.030774346473726677,0.026770405347170456,0.030774346473726677
1996-09-30,0.02025361662743208,0.008889661326263676,0.02025361662743208,0.02025361662743208,0.01782674157169417,0.02025361662743208
1996-10-31,0.04120485617196157,0.035700507379692326,0.04120485617196157,0.04120485617196157,0.03564788828333354,0.04120485617196157
1996-11-30,0.050530322470276445,0.04223481988745226,0.050530322470276445,0.050530322470276445,0.04354603117826139,0.050530322470276445
1996-12-31,0.011991336695348132,0.006288391923321868,0.011991336695348132,0.011991336695348132,0.010787025007535034,0.011991336695348132
1997-01-31,0.03258137683596818,0.01348634048709263,0.03258137683596818,0.03258137683596818,0.02830185034225763,0.03258137683596818
1997-02-28,0.04361744451115013,0.03297956102262356,0.04361744451115013,0.04361744451115013,0.037681584068508744,0.04361744451115013
1997-03-31,-0.006231290472075157,-0.009448158356598957,-0.006231290472075157,-0.006231290472075157,-0.004699276028682253,-0.006231290472075157
1997-04-30,-0.034048961068470995,-0.023947010577736405,-0.034048961068470995,-0.034048961068470995,-0.028306888733576563,-0.034048961068470995
1997-05-31,0.09218195166223775,0.06277018207662377,0.09218195166223775,0.09218195166223775,0.07896709662138002,0.09218195166223775
1997-06-30,0.05337158450267454,0.04057894198637069,0.05337158450267454,0.05337158450267454,0.045931923438996325,0.05337158450267454
1997-07-31,0.057364637658005035,0.0445143737593614,0.057364637658005035,0.057364637658005035,0.04933846062336311,0.057364637658005035
1997-08-31,0.0034829891169256832,0.001763468402962154,0.0034829891169256832,0.0034829891169256832,0.0035528272141662764,0.0034829891169256832
1997-09-30,0.011925175790517883,0.011909572653796996,0.011925175790517883,0.011925175790517883,0.010778340559844946,0.011925175790517883
1997-10-31,0.01645880023905577,0.01730944658359168,0.01645880023905577,0.01645880023905577,0.014602862043248344,0.01645880023905577
1997-11-30,-0.01151547408778042,-0.000401892904167922,-0.01151547408778042,-0.01151547408778042,-0.009176117230218273,-0.01151547408778042
1997-12-31,0.026351197830130735,0.019836704487139922,0.026351197830130735,0.026351197830130735,0.023028651096608677,0.026351197830130735
1998-01-31,0.002375212582825137,0.011564690721570958,0.002375212582825137,0.002375212582825137,0.0026473850356527606,0.002375212582825137
1998-02-28,0.06402590931738938,0.03931537588667333,0.06402590931738938,0.06402590931738938,0.05505047352286052,0.06402590931738938
1998-03-31,0.05313198012516196,0.03122246815925922,0.05313198012516196,0.05313198012516196,0.04575306769476706,0.05313198012516196
1998-04-30,0.03406526564081647,0.022547889197726212,0.03406526564081647,0.03406526564081647,0.029547404576701686,0.03406526564081647
1998-05-31,-0.0022110831385243612,0.00020991426805605506,-0.0022110831385243612,-0.0022110831385243612,-0.0012828393181137931,-0.0022110831385243612
1998-06-30,0.0011720887990713802,0.007155960098442105,0.0011720887990713802,0.0011720887990713802,0.0016164143888854898,0.0011720887990713802
1998-07-31,0.04468167792924893,0.029843374456922422,0.04468167792924893,0.04468167792924893,0.03859955080772015,0.04468167792924893
1998-08-31,-0.06970527330578102,-0.036363745409695225,-0.06970527330578102,-0.06970527330578102,-0.058657586267877315,-0.06970527330578102
1998-09-30,-0.048980104595112595,-0.01103764013961217,-0.048980104595112595,-0.048980104595112595,-0.041078132054019445,-0.048980104595112595
1998-10-31,0.012910747178241033,0.018142431268761916,0.012910747178241033,0.012910747178241033,0.011507566245912537,0.012910747178241033
1998-11-30,0.1097451822651827,0.05789636213673055,-0.002719799999999939,0.04182439774527014,0.03605454862949631,0.04182439774527014
1998-12-31,0.041042265581992865,0.031764798391772375,0.003675000000000095,0.029481421033830557,0.025594362577148422,0.029481421033830557
1999-01-31,0.05048270614189909,0.029592978117295,0.04417980990504766,0.047366055338676105,0.040817605631420895,0.047366055338676105
1999-02-28,-0.0006615398438730713,-0.007638888078358663,-0.0006615398438730713,-0.0006615398438730713,-5.413693759304117e-05,-0.0006615398438730713
1999-03-31,0.029240669137426734,0.012079024101298685,0.029240669137426734,0.029240669137426734,0.025406212711204912,0.029240669137426734
1999-04-30,0.04250022106746987,0.028729215277759623,0.04250022106746987,0.04250022106746987,0.036660434540048525,0.04250022106746987
1999-05-31,-0.000988317500274949,-0.009881837198305488,-0.000988317500274949,-0.000988317500274949,-0.0003324431203095557,-0.000988317500274949
1999-06-30,-0.0061176714937398735,-0.012646939480330799,-0.0061176714937398735,-0.0061176714937398735,-0.004640996574288181,-0.0061176714937398735
1999-07-31,0.045227863680851854,0.03239262531604514,0.045227863680851854,0.045227863680851854,0.0390070543024601,0.045227863680851854
1999-08-31,-0.03774003512777879,-0.025245838780167618,-0.03774003512777879,-0.03774003512777879,-0.031539815052812004,-0.03774003512777879
1999-09-30,-0.005976190655547553,-0.0010529958786910099,-0.005976190655547553,-0.005976190655547553,-0.004522420229634672,-0.005976190655547553
1999-10-31,-0.012723658135479154,-0.01132050354723313,-0.012723658135479154,-0.012723658135479154,-0.010237646488405527,-0.012723658135479154
1999-11-30,0.07106056449138398,0.047051677607906406,0.07106056449138398,0.07106056449138398,0.06099534740088308,0.07106056449138398
1999-12-31,0.028088305775221922,0.011412149913945013,-0.0018003500000001171,0.028088305775221922,0.024459310347706875,-0.0018003500000001171
2000-01-31,-0.001187965270195046,-0.009688505864006158,-0.007180837478573898,-0.001187965270195046,-0.0003775827824757938,-0.007180837478573898
2000-02-29,-0.02477940907117615,-0.008596243478730226,-0.02477940907117615,-0.02477940907117615,-0.02040163683825058,-0.02477940907117615
2000-03-31,0.0394109359887298,0.03342794929673443,0.0394109359887298,0.0394109359887298,0.03416945246417824,0.0394109359887298
2000-04-30,0.014245498228413034,0.018673713708718065,0.014245498228413034,0.014245498228413034,0.012793862213599683,0.014245498228413034
2000-05-31,-0.028389080491231566,-0.028219007388791795,-0.028389080491231566,-0.028389080491231566,-0.023430228680756837,-0.028389080491231566
2000-06-30,0.03163362660500435,0.03122675647539208,0.03163362660500435,0.03163362660500435,0.027585683195440414,0.03163362660500435
2000-07-31,0.008496774497553927,0.00861868723359982,0.008496774497553927,0.008496774497553927,0.007913392464206082,0.008496774497553927
2000-08-31,0.009390510673606522,0.014265989123131595,0.009390510673606522,0.009390510673606522,0.0087240591537745,0.009390510673606522
2000-09-30,-0.01080305090678979,-0.00365241205937461,-0.01080305090678979,-0.01080305090678979,-0.008424669979615551,-0.01080305090678979
2000-10-31,-0.05214381132946555,-0.027566586830267914,-0.05214381132946555,-0.05214381132946555,-0.04358395574510332,-0.05214381132946555
2000-11-30,-0.00772723930283592,-0.002209498508033647,-0.00772723930283592,-0.00772723930283592,-0.005849844660667625,-0.00772723930283592
2000-12-31,-0.03320235019786566,-0.003210305261984625,-0.000889183333333432,0.0012999789296528341,0.0018759150937184277,0.0012999789296528341
2001-01-31,0.004543815226946801,0.006843604099803224,0.004808333333333303,0.007442071395852734,0.0070467439531038956,0.007442071395852734
2001-02-28,-0.021368817212351954,-0.009244880679040612,0.004291666666666583,-0.02431348493275287,-0.020033584590038345,-0.0017340833333334693
2001-03-31,-0.09080541195992065,-0.04623499504069761,0.004066666666666663,-0.03793471170203355,-0.031649463182160886,-0.04082959220844662
2001-04-30,0.004480377413294434,-0.003605998889616102,0.0036833333333332607,0.001292787854755506,0.0016371115401843106,-0.0023387666666667695
2001-05-31,0.06878679299550994,0.03528713001406136,0.0032250000000000334,0.06878679299550994,0.058951881165314024,0.0032250000000000334
2001-06-30,-0.023892645449750782,-0.009263112044880284,0.0030166666666666675,-0.008445197320386622,-0.00677632483575441,-0.01142881257418693
2001-07-31,-0.026601150480023983,-0.01301818327742521,0.0029083333333332906,-0.009611410820253963,-0.007736709209001713,-0.009611410820253963
2001-08-31,-0.020457239588378417,-0.0021350511600752853,0.0029250000000000664,-0.023446439496129345,-0.01950446314224974,-0.0030925499999999717
2001-09-30,-0.11247206901428375,-0.05830170686697855,0.0027999999999999137,-0.11247206901428375,-0.09519772259092218,0.0027999999999999137
2001-10-31,0.03184031500484985,0.02556378169272544,0.0021999999999999797,0.021187686270146333,0.018347971458509305,0.01811490486712697
2001-11-30,0.050531461992649795,0.02928188673800114,0.0018000000000000238,0.023974140518572717,0.020639584063091077,0.023974140518572717
2001-12-31,0.014660493827160614,-0.0034101897613026955,0.0015583333333333282,-0.007912494475083798,-0.006500442506772952,-0.007912494475083798
2002-01-31,-0.002977134943718096,0.0014036691571315263,0.0014083333333332337,0.002512049655237991,0.0023429595378556822,0.002512049655237991
2002-02-28,-0.03352793686153355,-0.014376542019930105,0.001374999999999904,-0.009585473079155693,-0.00794187141643643,-0.009585473079155693
2002-03-31,0.04945245471697546,0.01983022489914421,0.0014333333333333975,0.012440438484979444,0.010785313098199856,0.012440438484979444
2002-04-30,-0.03513685814191081,-0.017259754258482918,0.001491666666666669,-0.0127703916037053,-0.010635580358365426,-0.0127703916037053
2002-05-31,-0.028195969570426693,-0.013696004152171648,-0.0340267937530041,-0.031177744476584612,-0.026304140743976134,-0.031177744476584612
2002-06-30,-0.059201606053586375,-0.026647975642666077,-0.004566983333333496,-0.004566983333333496,-0.003642440992775331,-0.004566983333333496
2002-07-31,-0.10759156624129718,-0.054141212291473506,0.0014166666666666217,-0.04639221815724215,-0.039253055749943866,-0.04639221815724215
2002-08-31,0.011380530255240773,0.02076996050262303,0.0014000000000000679,0.023163200380675653,0.01988350143194051,0.023163200380675653
2002-09-30,-0.047584607236133114,-0.014333646861248162,0.0013499999999999623,-0.006014168499312689,-0.004917872908120624,-0.006014168499312689
2002-10-31,-0.013661784645640385,-0.009322910068110368,0.0013583333333333503,-0.008212188810247434,-0.0067794429663402545,-0.008212188810247434
2002-11-30,0.06626454333064191,0.03746663501490155,0.0013166666666666327,0.03027080099893742,0.025924032384630147,0.03027080099893742
2002-12-31,-0.010342370658548705,-0.004301788217600966,0.0010250000000000536,-0.0027718083618970546,-0.0022134913549659574,-0.0027718083618970546
2003-01-31,-0.0022205416787146603,-0.0006636501626919866,0.000991666666666724,-0.005236915485943183,-0.004305268262623563,-0.005014283333333314
2003-02-28,-0.06414370869798192,-0.03221383792632304,0.0009749999999999481,-0.06414370869798192,-0.05437823015993448,0.0009749999999999481
2003-03-31,0.013083959555412195,0.011999332254297723,0.0009749999999999481,0.013083959555412195,0.011214341686183626,0.0009749999999999481
2003-04-30,0.052856947873070714,0.02806652078299532,0.0009416666666666185,0.052856947873070714,0.04506008270659345,0.0009416666666666185
2003-05-31,0.05312055648561165,0.04611348300167539,0.0009416666666666185,0.05312055648561165,0.04525399930754359,0.0009416666666666185
2003-06-30,0.05704036497286191,0.04348766805983728,0.05069812278302477,0.05704036497286191,0.048578016429058346,0.05069812278302477
2003-07-31,0.005970816464237583,-0.016628091991642502,0.005970816464237583,0.005970816464237583,0.005149019143472655,0.005970816464237583
2003-08-31,-0.001651486757880516,-0.014796965117812921,-0.001651486757880516,-0.001651486757880516,-0.0012952192482139635,-0.001651486757880516
2003-09-30,0.031623599082392984,0.026221085934318156,0.031623599082392984,0.031623599082392984,0.0269969200427167,0.031623599082392984
2003-10-31,0.02030008850174836,0.012939119805362331,0.02030008850174836,0.02030008850174836,0.017349209877780325,0.02030008850174836
2003-11-30,0.012127255826291927,0.008357569324144443,0.012127255826291927,0.012127255826291927,0.010408339119766019,0.012127255826291927
2003-12-31,0.030659269136743328,0.02078401616927872,0.030659269136743328,0.030659269136743328,0.026167802416869446,0.030659269136743328
2004-01-31,0.04936580791629641,0.034903516087676945,0.04936580791629641,0.04936580791629641,0.04205022110918155,0.04936580791629641
2004-02-29,0.010882074194421776,0.010142363393009557,0.010882074194421776,0.010882074194421776,0.009323739507271167,0.010882074194421776
2004-03-31,-0.015636661535590735,0.00021559108715552,-0.015636661535590735,-0.015636661535590735,-0.013182502759943704,-0.015636661535590735
2004-04-30,0.009695704352192802,-0.009692217024915628,0.009695704352192802,0.009695704352192802,0.00834601981416605,0.009695704352192802
2004-05-31,-0.025628318549367535,-0.025697902491792268,-0.025628318549367535,-0.025628318549367535,-0.021673185715541776,-0.025628318549367535
2004-06-30,0.028591378153394187,0.018412019167290516,0.028591378153394187,0.028591378153394187,0.024409014509260807,0.028591378153394187
2004-07-31,-0.022374063742049866,-0.0045350039853990776,-0.022374063742049866,-0.022374063742049866,-0.018879529549837515,-0.022374063742049866
2004-08-31,-0.013861634840971915,0.0002193333397861874,-0.013861634840971915,-0.013861634840971915,-0.011634197731898777,-0.013861634840971915
2004-09-30,0.02784052993430919,0.022954296476591418,0.02784052993430919,0.02784052993430919,0.02383758749228604,0.02784052993430919
2004-10-31,0.0010329120165741834,0.002955791013672826,-0.004633250000000144,0.0010329120165741834,0.001064323289778013,-0.004633250000000144
2004-11-30,0.047745922630680226,0.027089973246142707,0.04145944709489613,0.047745922630680226,0.040803762155461776,0.04145944709489613
2004-12-31,0.02728112649066694,0.01639769338112318,-0.004285350000000077,0.010727487010363745,0.00934729815201818,0.010727487010363745
2005-01-31,-0.013473916624740845,-0.006388721002386855,-0.019393073124992388,-0.01639404721440174,-0.013671405376382006,-0.01639404721440174
2005-02-28,0.016830642104678883,0.013101019613935838,0.016830642104678883,0.016830642104678883,0.014585287028929805,0.016830642104678883
2005-03-31,-0.002537587978515554,-0.010689199539532512,-0.002537587978515554,-0.002537587978515554,-0.0018506553258516023,-0.002537587978515554
2005-04-30,-0.024072911726690238,-0.007823119781768084,-0.024072911726690238,-0.024072911726690238,-0.02012297026642962,-0.024072911726690238
2005-05-31,0.013375404465894913,0.015909404718743803,0.013375404465894913,0.013375404465894913,0.011695776193155982,0.013375404465894913
2005-06-30,0.021823477158796623,0.019042691938202072,0.021823477158796623,0.021823477158796623,0.01889643554176179,0.021823477158796623
2005-07-31,0.018090386081652365,0.006340812648030658,0.018090386081652365,0.018090386081652365,0.015733239825961975,0.018090386081652365
2005-08-31,0.003112454727931313,0.0006342145618465356,0.003112454727931313,0.003112454727931313,0.0030362901074547644,0.003112454727931313
2005-09-30,0.0028091570214634487,0.005040513207538844,0.0028091570214634487,0.0028091570214634487,0.0028174552657507235,0.0028091570214634487
2005-10-31,-0.02622520229705083,-0.022665421581578804,-0.02622520229705083,-0.02622520229705083,-0.02186396486455422,-0.02622520229705083
2005-11-30,0.039632901551506006,0.02270165021633974,0.039632901551506006,0.039632901551506006,0.034128200009710286,0.039632901551506006
2005-12-31,0.021458146445014092,0.016567306656460445,-0.0027860666666665868,0.021458146445014092,0.018696887447054555,-0.0027860666666665868
2006-01-31,0.01468002743288599,0.011884141897265055,0.008591947268288713,0.01468002743288599,0.012950410167765769,0.008591947268288713
2006-02-28,-0.00015423288905580534,-0.0034061656845429944,-0.00015423288905580534,-0.00015423288905580534,0.00039026024246635593,-0.00015423288905580534
2006-03-31,0.01487356231804604,0.005691459348525774,0.01487356231804604,0.01487356231804604,0.013193420895328156,0.01487356231804604
2006-04-30,0.007997485326779019,-0.002095467952666019,0.007997485326779019,0.007997485326779019,0.007353107638137457,0.007997485326779019
2006-05-31,-0.007852277352419668,-0.006812261209849568,-0.007852277352419668,-0.007852277352419668,-0.006102635366319942,-0.007852277352419668
2006-06-30,-0.027043718007353723,-0.014526741079495475,-0.027043718007353723,-0.027043718007353723,-0.022405953210943186,-0.027043718007353723
2006-07-31,0.007215036002032216,0.006608242705814504,0.007215036002032216,0.007215036002032216,0.0067071270675127526,0.007215036002032216
2006-08-31,0.022932139909858318,0.02204722216122268,-0.0018997500000000889,0.022932139909858318,0.020108570274138815,-0.0018997500000000889
2006-09-30,0.025325978583174757,0.021879591546255073,0.004133333333333322,0.025325978583174757,0.022132665618110225,0.004133333333333322
2006-10-31,0.03617557333009547,0.022950131816871444,0.029958519890114887,0.03617557333009547,0.03133412898086063,0.029958519890114887
2006-11-30,0.0200323216320224,0.017683175720198063,0.0200323216320224,0.0200323216320224,0.0176181925207175,0.0200323216320224
2006-12-31,0.02149825248684567,0.015698497557256275,0.02149825248684567,0.02149825248684567,0.018878811434087428,0.02149825248684567
2007-01-31,0.006940228024016726,-0.0006504042133863575,0.006940228024016726,0.006940228024016726,0.006492308543645686,0.006940228024016726
2007-02-28,0.015972378259621278,0.012407613800703654,0.015972378259621278,0.015972378259621278,0.014196787171768532,0.015972378259621278
2007-03-31,-0.024727182539682313,-0.008177519596630267,-0.024727182539682313,-0.024727182539682313,-0.020398090836263316,-0.024727182539682313
2007-04-30,0.041816024418461994,0.022430802891731716,0.041816024418461994,0.041816024418461994,0.036137720735151646,0.041816024418461994
2007-05-31,0.033930436749777915,0.01995711905170139,0.033930436749777915,0.033930436749777915,0.02942096803327021,0.033930436749777915
2007-06-30,0.003461514706336599,-0.00726730554627153,0.003461514706336599,0.003461514706336599,0.003511260637486302,0.003461514706336599
2007-07-31,0.005761055966115869,0.00824005799111105,0.005761055966115869,0.005761055966115869,0.005472779545007134,0.005761055966115869
2007-08-31,-0.04199628243824716,-0.013078632227841891,-0.04199628243824716,-0.04199628243824716,-0.03509574916299296,-0.04199628243824716
2007-09-30,0.030762902567909922,0.024694413104516588,0.030762902567909922,0.030762902567909922,0.026636013977601403,0.030762902567909922
2007-10-31,0.0299302438459621,0.01912441227088313,0.0299302438459621,0.0299302438459621,0.025906116313406002,0.0299302438459621
2007-11-30,-0.04804956938544891,-0.015017742268156886,-0.04804956938544891,-0.04804956938544891,-0.040373731682847636,-0.04804956938544891
2007-12-31,0.012396444784598337,0.010326476014787866,0.012396444784598337,0.012396444784598337,0.010904385996177046,0.012396444784598337
2008-01-31,-0.06634126994857659,-0.026529143737496486,-0.003515000000000046,-0.06634126994857659,-0.056021988055638294,-0.003515000000000046
2008-02-29,-0.015628173141083335,-0.008276293501157994,0.002291666666666581,-0.015628173141083335,-0.012995263827639936,0.002291666666666581
2008-03-31,-0.02625467141989002,-0.006837790119554099,0.0017666666666666941,-0.02625467141989002,-0.022065052843384114,0.0017666666666666941
2008-04-30,0.04244667351756504,0.020923353131229394,0.0010499999999999954,0.04244667351756504,0.0362144584976003,0.0010499999999999954
2008-05-31,0.025634352529505744,0.009954223092750958,0.0010749999999999371,0.003111296140674291,0.002777059968102069,9.290708508546963e-05
2008-06-30,-0.04245770442268504,-0.0313957165575276,0.0014416666666665634,-0.02861937534958059,-0.024112354730501107,-0.02861937534958059
2008-07-31,-0.06078181629905777,-0.032200794538401634,0.0015499999999999403,-0.025047397139281946,-0.021069280675387825,-0.025047397139281946
2008-08-31,0.02110844231647846,0.017837516326875136,0.0013583333333333503,0.017932711925997324,0.015444210488027466,-0.00464981666666664
2008-09-30,-0.04847232735322193,-0.021162324337273608,0.0014333333333333975,-0.04847232735322193,-0.04100070958499347,0.0014333333333333975
2008-10-31,-0.20194635039328757,-0.12398476138479242,0.0009416666666666185,-0.20194635039328757,-0.17154612946576686,0.0009416666666666185
2008-11-30,-0.08606666896045512,-0.0413180804874651,0.0005583333333334384,-0.08606666896045512,-0.07324656981400368,0.0005583333333334384
2008-12-31,-0.003526642809687619,0.03799541458502098,0.00015833333333326038,0.04544963615710951,0.0386744679201203,0.04230384988983649
2009-01-31,-0.010991334558953625,-0.009438004939947509,2.4999999999941735e-05,-0.009018408961502189,-0.007680602221816546,-0.009018408961502189
2009-02-28,-0.06706132817815158,-0.05147266748794865,0.00010833333333337691,-0.047574306465481664,-0.04042523232058515,-0.047574306465481664
2009-03-31,-0.056913345669353355,-0.031520270547212736,0.0002500000000000835,-0.025160205467680385,-0.021367092044454417,-0.025160205467680385
2009-04-30,0.12315623179345403,0.07094978355751436,0.00017500000000003624,0.057921243657323984,0.049249972008345466,0.057921243657323984
2009-05-31,0.06654352283073606,0.02855224851350857,0.00013333333333331865,0.019091399825082123,0.016225388319889067,0.019091399825082123
2009-06-30,0.028637204818209083,0.003900156695293866,0.0001500000000000945,-0.0022568556061624,-0.0019033934352091775,-0.0022568556061624
2009-07-31,0.012725732686428959,0.014126711355299193,0.0001500000000000945,-0.005850899999999881,-0.004949026598109363,-0.005850899999999881
2009-08-31,0.0811572857078402,0.0488755085436805,0.07467034199359324,0.07467034199359324,0.06355426126812058,0.07467034199359324
2009-09-30,0.036456940634295165,0.029346817751912502,0.036456940634295165,0.036456940634295165,0.03094988163531487,0.036456940634295165
2009-10-31,0.02399145831006444,0.015839830842637292,0.02399145831006444,0.02399145831006444,0.020380244053907814,0.02399145831006444
2009-11-30,0.020904491026065175,0.013307193686211694,0.020904491026065175,0.020904491026065175,0.01775933751670311,0.020904491026065175
2009-12-31,0.022220537281608888,0.008105340396037608,0.022220537281608888,0.022220537281608888,0.018877741890215516,0.022220537281608888
2010-01-31,0.013556920453658083,0.0046442191866689075,0.013556920453658083,0.013556920453658083,0.011512788177729938,0.013556920453658083
2010-02-28,-0.02899734182998359,-0.014859284925525573,-0.02899734182998359,-0.02899734182998359,-0.02465021002074863,-0.02899734182998359
2010-03-31,0.059417349149803345,0.0355022038164039,0.059417349149803345,0.059417349149803345,0.05049456325052093,0.059417349149803345
2010-04-30,0.04088267773871701,0.021736650415331793,0.04088267773871701,0.04088267773871701,0.0347243223341509,0.04088267773871701
2010-05-31,-0.058820718122325255,-0.0196269037431821,-0.058820718122325255,-0.058820718122325255,-0.050006236444811836,-0.058820718122325255
2010-06-30,-0.03543218435757489,-0.012792520586942802,-0.03543218435757489,-0.03543218435757489,-0.03014340031679341,-0.03543218435757489
2010-07-31,-0.0015827815520437216,0.006542268735971524,-0.0015827815520437216,-0.0015827815520437216,-0.0013583789093335463,-0.0015827815520437216
2010-08-31,0.008644090469428267,0.016937407356246048,-0.00586746666666671,0.01599091089840554,0.013619509144706443,0.01599091089840554
2010-09-30,0.033719465087189926,0.022843995317981536,0.00013333333333331865,0.020131553657877443,0.01712458326655497,0.020131553657877443
2010-10-31,0.045783772596923455,0.03216779407224535,0.00012499999999993072,0.028772033892600524,0.024467305441595588,0.028772033892600524
2010-11-30,0.024918154211501564,0.008123131713991816,0.018768645286232566,0.02189411917643791,0.01862482724829695,0.02189411917643791
2010-12-31,0.0371461657588823,0.0052300998873235915,0.0371461657588823,0.0371461657588823,0.03157256818406218,0.0371461657588823
2011-01-31,0.03463759322055138,0.01839827480730616,0.03463759322055138,0.03463759322055138,0.029431185223373735,0.03463759322055138
2011-02-28,0.031523799375930306,0.013650327218535763,0.031523799375930306,0.031523799375930306,0.026787638824539828,0.031523799375930306
2011-03-31,-0.011109891607121058,0.0001788174528956077,-0.011109891607121058,-0.011109891607121058,-0.009450330164928689,-0.011109891607121058
2011-04-30,0.02222920664610517,0.012755965574238415,0.02222920664610517,0.02222920664610517,0.018898498228043792,0.02222920664610517
2011-05-31,0.006611332664084868,0.014945737330877673,0.006611332664084868,0.006611332664084868,0.005610411984035224,0.006611332664084868
2011-06-30,-0.03660711394719196,-0.015110331877219885,-0.03660711394719196,-0.03660711394719196,-0.031115882902127634,-0.03660711394719196
2011-07-31,0.031035482810141124,0.019541065635611643,0.031035482810141124,0.031035482810141124,0.026355467082079587,0.031035482810141124
2011-08-31,-0.1039888619745093,-0.036625569626992927,-0.1039888619745093,-0.1039888619745093,-0.08840659732047706,-0.1039888619745093
2011-09-30,-0.007872764649472619,0.00730552077097113,-0.007872764649472619,-0.007872764649472619,-0.00677605838415829,-0.007872764649472619
2011-10-31,0.030218638664561315,0.012667274353410862,-0.005991716666666647,0.030218638664561315,0.025680860728716004,-0.005991716666666647
2011-11-30,0.017699986562331294,0.016304526813635256,1.6666666666775853e-05,0.017699986562331294,0.01502461742702521,1.6666666666775853e-05
2011-12-31,0.015575822312095644,0.011090373350220561,8.333333333387927e-06,0.015575822312095644,0.013227195305005601,8.333333333387927e-06
2012-01-31,0.04784613418553163,0.029711310425932114,8.333333333387927e-06,0.022122544685896806,0.018803042823098526,0.01904695026858705
2012-02-29,0.04164573583409825,0.025579140611381446,2.4999999999941735e-05,0.021575992831962987,0.018333707736159166,0.021575992831962987
2012-03-31,0.028857268199148578,0.010782219796910075,0.022684124589953614,0.025831126186175224,0.021970344805404496,0.025831126186175224
2012-04-30,-0.0003627083073397541,0.004745266595592712,-0.0003627083073397541,-0.0003627083073397541,-0.0003197866968560614,-0.0003627083073397541
2012-05-31,-0.03089008781146152,-0.008793307448413668,-0.03089008781146152,-0.03089008781146152,-0.026246894585777003,-0.03089008781146152
2012-06-30,-0.011504022307216477,0.00020913990431137286,-0.011504022307216477,-0.011504022307216477,-0.009791251661413813,-0.011504022307216477
2012-07-31,0.029237523632981377,0.021349571801901224,0.029237523632981377,0.029237523632981377,0.0248539773566403,0.029237523632981377
2012-08-31,0.033902951621259225,0.015346439527560873,0.033902951621259225,0.033902951621259225,0.028807613196375925,0.033902951621259225
2012-09-30,0.030236797415891914,0.01717748444062117,0.030236797415891914,0.030236797415891914,0.025687984159440402,0.030236797415891914
2012-10-31,-0.002139401945071784,-0.0018479416816892247,-0.002139401945071784,-0.002139401945071784,-0.0018271901860534845,-0.002139401945071784
2012-11-30,-0.028342869374779034,-0.0127667601152055,-0.028342869374779034,-0.028342869374779034,-0.024080607650439623,-0.028342869374779034
2012-12-31,0.02178841791501429,0.011014522976903418,0.02178841791501429,0.02178841791501429,0.018508709714027072,0.02178841791501429
2013-01-31,0.042704410180452346,0.019296121918269238,0.042704410180452346,0.042704410180452346,0.03629059798646961,0.042704410180452346
2013-02-28,0.023346355339397773,0.012041759015031461,0.023346355339397773,0.023346355339397773,0.019821045792993708,0.023346355339397773
2013-03-31,0.027240336527122766,0.01768404582336003,0.027240336527122766,0.027240336527122766,0.023148912826900014,0.027240336527122766
2013-04-30,0.014558691510710986,0.01662904328262904,0.014558691510710986,0.014558691510710986,0.012365581574624862,0.014558691510710986
2013-05-31,0.04576321243889825,0.02190415571091897,0.04576321243889825,0.04576321243889825,0.038894860300847434,0.04576321243889825
2013-06-30,-0.01115810079032109,-0.019245986977495466,-0.01115810079032109,-0.01115810079032109,-0.009512727571764135,-0.01115810079032109
2013-07-31,0.032564162227424864,0.010485056269329274,0.032564162227424864,0.032564162227424864,0.027676905213449787,0.032564162227424864
2013-08-31,0.002544093401836811,-0.003243818523619435,0.002544093401836811,0.002544093401836811,0.0021432174667059822,0.002544093401836811
2013-09-30,0.011943468116489164,0.005637773768626841,0.011943468116489164,0.011943468116489164,0.010155011855129237,0.011943468116489164
2013-10-31,0.021185212844915036,0.020255653736552803,0.021185212844915036,0.021185212844915036,0.018000748833980396,0.021185212844915036
2013-11-30,0.038609468697897276,0.02056245865864592,0.038609468697897276,0.038609468697897276,0.03280786879663844,0.038609468697897276
2013-12-31,0.015225805607574694,0.003779660996338974,0.015225805607574694,0.015225805607574694,0.012921748121186516,0.015225805607574694
2014-01-31,0.009697130058844428,0.008123879387433197,0.009697130058844428,0.009697130058844428,0.008239761263974854,0.009697130058844428
2014-02-28,-0.0012814579873229315,0.005391379232001947,-0.0012814579873229315,-0.0012814579873229315,-0.0010915446947171725,-0.0012814579873229315
2014-03-31,0.027241649422504288,0.016876676754010278,0.027241649422504288,0.027241649422504288,0.023160621780408563,0.027241649422504288
2014-04-30,0.0020343817673600384,0.0024380922165638808,0.0020343817673600384,0.0020343817673600384,0.0017151022585368825,0.0020343817673600384
2014-05-31,0.015337482730710894,0.015354098932439442,0.015337482730710894,0.015337482730710894,0.013039068690054556,0.015337482730710894
2014-06-30,0.03198008223222937,0.018644021872251892,0.03198008223222937,0.03198008223222937,0.027174942271844138,0.03198008223222937
2014-07-31,0.014974055299618039,0.011905367413119317,0.014974055299618039,0.014974055299618039,0.01270884534912442,0.014974055299618039
2014-08-31,-0.004253881371107826,0.0025117072288229902,-0.004253881371107826,-0.004253881371107826,-0.0036232943489540315,-0.004253881371107826
2014-09-30,0.01779605715946242,0.007604341715476526,0.01779605715946242,0.01779605715946242,0.015127063668406215,0.01779605715946242
2014-10-31,-0.026452597598426553,-0.00691356891577577,-0.026452597598426553,-0.026452597598426553,-0.022495299100750765,-0.026452597598426553
2014-11-30,0.057070143954006,0.03387377721245577,0.057070143954006,0.057070143954006,0.0484904027475348,0.057070143954006
2014-12-31,0.006351783830666813,0.008777505278513509,0.006351783830666813,0.006351783830666813,0.005359664890420168,0.006351783830666813
2015-01-31,-0.01108193069936203,0.006012223485216461,-0.01108193069936203,-0.01108193069936203,-0.009420666034331227,-0.01108193069936203
2015-02-28,0.028292744124179148,0.013941415986202133,0.028292744124179148,0.028292744124179148,0.02404379862547823,0.028292744124179148
2015-03-31,0.00057191111964916,-0.0012005829986490024,0.00057191111964916,0.00057191111964916,0.0004674972253828624,0.00057191111964916
2015-04-30,0.008796516649919761,0.009557444380001279,0.008796516649919761,0.008796516649919761,0.007480361421869697,0.008796516649919761
2015-05-31,0.009801370974671375,-0.002733506263000174,0.009801370974671375,0.009801370974671375,0.008326949437749587,0.009801370974671375
2015-06-30,-0.004342768576127476,-0.007570993871266363,-0.004342768576127476,-0.004342768576127476,-0.0036962493401260232,-0.004342768576127476
2015-07-31,-0.0007861123416860183,0.0017195901988482643,-0.0007861123416860183,-0.0007861123416860183,-0.0006690405778575492,-0.0007861123416860183
2015-08-31,-0.02423376130005095,-0.008426868702846368,-0.02423376130005095,-0.02423376130005095,-0.02059554898376137,-0.02423376130005095
2015-09-30,-0.045060469539725534,-0.02636885795501709,-0.045060469539725534,-0.045060469539725534,-0.038310871721752626,-0.045060469539725534
2015-10-31,0.04318376496955101,0.030145422305297043,-0.005983433333333177,0.023894173138204966,0.020322858767625185,0.023894173138204966
2015-11-30,0.02933677179038474,0.011500063343628186,1.6666666666775853e-05,0.007050495062783657,0.005985162207854167,0.007050495062783657
2015-12-31,-0.011017949777790914,-0.005209621131966213,9.999999999998899e-05,-0.0037448030206933547,-0.003170857801939486,-0.0037448030206933547
2016-01-31,-0.06418959123089407,-0.03241796715112777,-0.06980445368350874,-0.06701770269063845,-0.05696246525703197,-0.06701770269063845
2016-02-29,-0.005491996478914185,0.008547041427030555,-0.005784633333333233,0.00916931938981147,0.007831007377319343,0.00916931938981147
2016-03-31,0.06363442237881745,0.034745715375102515,0.00025833333333324937,0.027535001103117906,0.023438957229816815,0.027535001103117906
2016-04-30,0.02832057062626525,0.020422806279260408,0.00024166666666669556,0.01846915111198233,0.015724534820085845,0.01846915111198233
2016-05-31,-0.0030358899906099968,-0.0012456661267744584,-0.009017674650666385,-0.005998169888014493,-0.005077737394444282,-0.005998169888014493
2016-06-30,0.010672702185858363,0.013219947370598284,0.010672702185858363,0.010672702185858363,0.009103048920677814,0.010672702185858363
2016-07-31,0.03298198721301682,0.025483609010727104,0.03298198721301682,0.03298198721301682,0.02806029644571506,0.03298198721301682
2016-08-31,0.011999937952750894,0.005469808030268641,0.011999937952750894,0.011999937952750894,0.01021282279378144,0.011999937952750894
2016-09-30,-0.004379419148299091,-0.004693097461337392,-0.004379419148299091,-0.004379419148299091,-0.0036938711019750547,-0.004379419148299091
2016-10-31,-0.005051183853513885,-0.007216985336557125,-0.005051183853513885,-0.005051183853513885,-0.00426079574701288,-0.005051183853513885
2016-11-30,0.012020290161651292,-0.005779415881867589,0.012020290161651292,0.012020290161651292,0.010254388580738238,0.012020290161651292
2016-12-31,0.03946823464927496,0.0120382615329091,0.03946823464927496,0.03946823464927496,0.033595056669912804,0.03946823464927496
2017-01-31,0.01438475504298542,0.011475450381587926,0.01438475504298542,0.01438475504298542,0.012261502146009962,0.01438475504298542
2017-02-28,0.025772755332075237,0.016615828927880383,0.025772755332075237,0.025772755332075237,0.02195981070211661,0.025772755332075237
2017-03-31,0.01750067599177685,0.009166379629194754,0.01750067599177685,0.01750067599177685,0.014921316948852237,0.01750067599177685
2017-04-30,-0.0015301825515535716,0.006257590742112962,-0.0015301825515535716,-0.0015301825515535716,-0.0012210039435778253,-0.0015301825515535716
2017-05-31,0.01693362324860548,0.010898567600077458,0.01693362324860548,0.01693362324860548,0.014491911602887653,0.01693362324860548
2017-06-30,0.017774020498048326,0.015328204310350424,0.017774020498048326,0.017774020498048326,0.01520671430118048,0.017774020498048326
2017-07-31,0.009889682738585037,0.002052684240679392,0.009889682738585037,0.009889682738585037,0.008515786445005835,0.009889682738585037
2017-08-31,0.0024888055815892596,0.006153393922682326,0.0024888055815892596,0.0024888055815892596,0.002242337103556702,0.0024888055815892596
2017-09-30,0.016543374236292818,0.01100542010842509,0.016543374236292818,0.016543374236292818,0.014186881735253065,0.016543374236292818
2017-10-31,0.027356460012586625,0.011473544199162022,0.027356460012586625,0.027356460012586625,0.023369620317293727,0.027356460012586625
2017-11-30,0.01590394559596775,0.010625502975841528,0.01590394559596775,0.01590394559596775,0.013632025413570226,0.01590394559596775
2017-12-31,0.028843002610261292,0.016306816771663568,0.028843002610261292,0.028843002610261292,0.024658692992249875,0.028843002610261292
2018-01-31,0.04863013812885075,0.023638855531876946,0.04863013812885075,0.04863013812885075,0.041478987098655606,0.04863013812885075
2018-02-28,-0.028856210321727693,-0.02619977303936738,-0.028856210321727693,-0.028856210321727693,-0.02438559031885612,-0.028856210321727693
2018-03-31,0.0006567695318080435,0.002027939212045915,0.0006567695318080435,0.0006567695318080435,0.0007309390471450516,0.0006567695318080435
2018-04-30,-0.01662954425768126,-0.010070545984620871,-0.01662954425768126,-0.01662954425768126,-0.013923103755098198,-0.01662954425768126
2018-05-31,0.019626574415674725,0.009071388551860515,0.019626574415674725,0.019626574415674725,0.016888351340778485,0.019626574415674725
2018-06-30,0.0211398771295348,0.015909495804752982,0.0211398771295348,0.0211398771295348,0.018187485487129562,0.0211398771295348
2018-07-31,0.015821034605866258,0.011133077274575465,0.015821034605866258,0.015821034605866258,0.01367045962733937,0.015821034605866258
2018-08-31,0.024521472582962334,0.015659331992952774,0.024521472582962334,0.024521472582962334,0.021077280311700308,0.024521472582962334
2018-09-30,0.01681059922131789,0.007248022417884359,0.01681059922131789,0.01681059922131789,0.014525362152448373,0.01681059922131789
2018-10-31,-0.03847636280084987,-0.027223590940281928,-0.03847636280084987,-0.03847636280084987,-0.032449688766890694,-0.03847636280084987
2018-11-30,-0.020747022035857765,-0.010417167405566419,-0.020747022035857765,-0.020747022035857765,-0.017384991095813707,-0.020747022035857765
2018-12-31,-0.0556107392079751,-0.022343410796279106,-0.0556107392079751,-0.0556107392079751,-0.0469946624485974,-0.0556107392079751
2019-01-31,0.017369239484995358,0.015410278224676333,-0.004036849999999981,-0.004036849999999981,-0.00308878339087848,-0.004036849999999981
2019-02-28,0.058301703150575035,0.036921588928162,0.00197500000000006,0.025395479252712683,0.02190505900653439,0.025395479252712683
2019-03-31,0.019492218600339895,0.016361314400415106,0.001991666666666614,0.015593953993274123,0.013542280250032679,0.015593953993274123
2019-04-30,0.0372434626132796,0.024593634324203695,0.031020001837599898,0.034143433620884345,0.02933004081916879,0.034143433620884345
2019-05-31,-0.015307006245804944,-0.003800228345806844,-0.015307006245804944,-0.015307006245804944,-0.012739249484205795,-0.015307006245804944
2019-06-30,0.014058558042141511,0.021381391161712893,0.014058558042141511,0.014058558042141511,0.01222996286646727,0.014058558042141511
2019-07-31,0.038284420971915756,0.03936999183799439,0.038284420971915756,0.038284420971915756,0.0328035630522967,0.038284420971915756
2019-08-31,-0.03133354571101832,-0.018260577122645838,-0.03133354571101832,-0.03133354571101832,-0.026397319046696732,-0.03133354571101832
2019-09-30,0.03086322955310261,0.016458954979792217,0.03086322955310261,0.03086322955310261,0.02645081244178127,0.03086322955310261
2019-10-31,0.00010752846821793227,0.00021571044894930225,0.00010752846821793227,0.00010752846821793227,0.0003058517651877146,0.00010752846821793227
2019-11-30,0.044346437494962254,0.023548722701209224,0.044346437494962254,0.044346437494962254,0.03789955708868975,0.044346437494962254
2019-12-31,0.024702324062739534,0.013540695251211599,0.024702324062739534,0.024702324062739534,0.02115713159444632,0.024702324062739534
2020-01-31,0.0334756973623942,0.0243024388816786,0.0334756973623942,0.0334756973623942,0.02862879639968363,0.0334756973623942
2020-02-29,0.0012321277449356405,0.01087088458232044,0.0012321277449356405,0.0012321277449356405,0.001213337645015411,0.0012321277449356405
2020-03-31,-0.18916572657958663,-0.08909677723730891,-0.18916572657958663,-0.18916572657958663,-0.16060088974407538,-0.18916572657958663
2020-04-30,0.04318718438753333,0.033854268258464604,0.04318718438753333,0.04318718438753333,0.03656542579159017,0.04318718438753333
2020-05-31,0.05887465317710361,0.035128965909851484,-0.005884033333333205,0.05887465317710361,0.05002767992279877,-0.005884033333333205
2020-06-30,0.06508366425855572,0.03689279081570063,0.00010833333333337691,0.026862114772488344,0.022816565318676485,0.02377225886043477
2020-07-31,0.03475692281884535,0.025228289327655862,0.00013333333333331865,0.0228665034368436,0.01944508958604607,0.0228665034368436
2020-08-31,0.058927860807675314,0.03437698337362627,0.052574293642829284,0.05578767722104483,0.04744912124768974,0.05578767722104483
2020-09-30,-0.0062768239816103355,-0.004784799470109569,-0.0062768239816103355,-0.0062768239816103355,-0.005365422247618601,-0.0062768239816103355
2020-10-31,0.01725529955814209,0.006378638509033863,0.01725529955814209,0.01725529955814209,0.014675791255542636,0.01725529955814209
2020-11-30,0.03953652509627603,0.020906304653671715,0.03953652509627603,0.03953652509627603,0.03360517109372485,0.03953652509627603
2020-12-31,0.042596334174088035,0.02350799316917218,0.042596334174088035,0.042596334174088035,0.036187876448239065,0.042596334174088035
2021-01-31,0.027948145661750745,0.011371172836187826,0.027948145661750745,0.027948145661750745,0.023735035850718234,0.027948145661750745
2021-02-28,0.02491055953002652,0.00853843393010889,0.02491055953002652,0.02491055953002652,0.021162706446776536,0.02491055953002652
2021-03-31,0.008208959754597345,-0.00753622218309935,0.008208959754597345,0.008208959754597345,0.006963874519367419,0.008208959754597345
2021-04-30,0.06021650665755507,0.0355100646980564,0.06021650665755507,0.06021650665755507,0.05118125174708088,0.06021650665755507
2021-05-31,0.007603869059645607,0.005755237071709551,0.007603869059645607,0.007603869059645607,0.006421701211857922,0.007603869059645607
2021-06-30,0.018105771885256194,0.01507708466750124,0.018105771885256194,0.018105771885256194,0.015386550413529543,0.018105771885256194
2021-07-31,0.030691120671741734,0.026342543008619712,0.030691120671741734,0.030691120671741734,0.026078468581063108,0.030691120671741734
2021-08-31,0.021860463235366945,0.015030184989266893,0.021860463235366945,0.021860463235366945,0.018564362078788976,0.021860463235366945
2021-09-30,-0.000836323339453493,-0.0034355489111527193,-0.000836323339453493,-0.000836323339453493,-0.0007210000796027405,-0.000836323339453493
2021-10-31,0.004528900389607848,-0.004540771179442626,0.004528900389607848,0.004528900389607848,0.0038538906044163213,0.004528900389607848
2021-11-30,0.04745455603540116,0.02970023333175864,0.04745455603540116,0.04745455603540116,0.04033905851673225,0.04745455603540116
2021-12-31,0.002660836695107971,0.005374312540223247,0.002660836695107971,0.002660836695107971,0.002233017778469737,0.002660836695107971
2022-01-31,-0.020510182908595964,-0.0223741640044941,-0.020510182908595964,-0.020510182908595964,-0.0174281197662568,-0.020510182908595964
2022-02-28,-0.02901614628543392,-0.02296251526411197,-0.02901614628543392,-0.02901614628543392,-0.024660587327380856,-0.02901614628543392
2022-03-31,-0.008915986930700837,-0.011874108236543779,-0.008915986930700837,-0.008915986930700837,-0.007560022884723239,-0.008915986930700837
2022-04-30,0.0011959861300483432,-0.020086530610616826,-0.005635533333333331,0.0011959861300483432,0.0010644961155665822,-0.005635533333333331
2022-05-31,-0.07871433516612503,-0.0515515563733846,0.0006333333333332636,-0.07871433516612503,-0.0668127762992361,0.0006333333333332636
2022-06-30,-0.03367975460932493,-0.027513008628749613,0.0008166666666666877,-0.03367975460932493,-0.028568484128665306,0.0008166666666666877
2022-07-31,0.004656103025428626,0.012081644039008355,0.0012416666666665854,0.004656103025428626,0.0041166609229930096,0.0012416666666665854
2022-08-31,0.0644831580386378,0.03962901502223182,0.0018583333333332952,0.0644831580386378,0.055086689766323804,0.0018583333333332952
2022-09-30,-0.072765369194146,-0.06350737622434621,0.002191666666666592,-0.072765369194146,-0.06156442688927177,0.002191666666666592
2022-10-31,-0.03090019671757327,-0.03245744797165351,0.0026083333333333236,-0.03090019671757327,-0.025933437471216236,0.0026083333333333236
2022-11-30,0.052862882637228825,0.035996643231593684,0.0031000000000001027,-0.0029185999999998824,-0.0019894135289246773,0.0031000000000001027
2022-12-31,0.00011973171344248357,0.010296477648166436,0.003458333333333341,0.003458333333333341,0.003458333333333341,0.003458333333333341
2023-01-31,0.013773722005842037,0.012442378054834835,0.003541666666666776,0.003541666666666776,0.003541666666666776,0.003541666666666776
2023-02-28,0.03147876372905323,0.012780849371763603,0.0037833333333332497,0.0037833333333332497,0.0037833333333332497,0.0037833333333332497
2023-03-31,-0.02584548722318014,-0.011332880631144682,0.003875000000000073,0.003875000000000073,0.003875000000000073,0.003875000000000073
2023-04-30,0.03996571257449011,0.03185203369615408,0.033725918299043256,0.033725918299043256,0.02928086444930611,0.033725918299043256
2023-05-31,0.007380322376112414,0.0018833191632836588,0.007380322376112414,0.007380322376112414,0.006861427845236134,0.007380322376112414
2023-06-30,0.04942521686181567,0.024869924597219484,0.04942521686181567,0.04942521686181567,0.04265133574791746,0.04942521686181567
2023-07-31,0.03876427535876115,0.01949280383702967,0.03876427535876115,0.03876427535876115,0.033560400565394,0.03876427535876115
2023-08-31,-0.009972650958020357,-0.01350983037445086,-0.009972650958020357,-0.009972650958020357,-0.007845812058077328,-0.009972650958020357
2023-09-30,-0.009532012987736427,-0.011088620719164055,-0.009532012987736427,-0.009532012987736427,-0.007450691205060811,-0.009532012987736427
2023-10-31,-0.030366884994427967,-0.030000706211063766,-0.030366884994427967,-0.030366884994427967,-0.025157332620643347,-0.030366884994427967
2023-11-30,0.04602368200629092,0.038797892342369966,0.04602368200629092,0.04602368200629092,0.03975923424905936,0.04602368200629092
2023-12-31,0.05175863892709587,0.04821023167154248,0.05175863892709587,0.05175863892709587,0.04462164038662442,0.05175863892709587
2024-01-31,0.029121457891629676,0.01749622308307419,0.029121457891629676,0.029121457891629676,0.025372671034648686,0.029121457891629676
2024-02-29,0.04199572131005236,0.021651473074613126,0.04199572131005236,0.04199572131005236,0.03632972364493803,0.04199572131005236
2024-03-31,0.032824088694823006,0.02102474099078888,0.032824088694823006,0.032824088694823006,0.02852689298333333,0.032824088694823006
2024-04-30,-0.010085098394768344,-0.015212626374295768,-0.010085098394768344,-0.010085098394768344,-0.007938331596855419,-0.010085098394768344
2024-05-31,0.025173383306761776,0.01851721805696882,0.025173383306761776,0.025173383306761776,0.02204098623313766,0.025173383306761776
2024-06-30,0.03551194818349379,0.02825587366177662,0.03551194818349379,0.03551194818349379,0.030825351940011236,0.03551194818349379
2024-07-31,0.02380391846431773,0.017632575801620254,0.02380391846431773,0.02380391846431773,0.02086474091611068,0.02380391846431773
2024-08-31,-0.009698961785705174,0.008076861614581876,-0.009698961785705174,-0.009698961785705174,-0.007608572161387883,-0.009698961785705174
2024-09-30,0.027228327765272065,0.02253153163665922,0.027228327765272065,0.027228327765272065,0.02376425457611564,0.027228327765272065
2024-10-31,0.03152593919704927,0.00777089957713617,0.03152593919704927,0.03152593919704927,0.027369375895374137,0.03152593919704927
2024-11-30,0.02482471305833589,0.007815000543743622,0.02482471305833589,0.02482471305833589,0.02164376532436174,0.02482471305833589
2024-12-31,0.014709920451552172,0.009254877108617166,0.014709920451552172,0.014709920451552172,0.01303995239925726,0.014709920451552172
2025-01-31,-0.0041791646642084235,-0.00868550971106552,-0.0041791646642084235,-0.0041791646642084235,-0.0030268414575829183,-0.0041791646642084235
2025-02-28,0.010951300023944732,0.013861955746331978,0.010951300023944732,0.010951300023944732,0.00982885952239898,0.010951300023944732
2025-03-31,-0.05768821133674329,-0.02765258425327255,-0.05768821133674329,-0.05768821133674329,-0.04851284454736715,-0.05768821133674329
2025-04-30,-0.05420647728326389,-0.03120500003941129,-0.05420647728326389,-0.05420647728326389,-0.045597472931358185,-0.05420647728326389
2025-05-31,0.0834037687756064,0.046889416415838214,-0.0025127166666667478,0.0834037687756064,0.07136989787808345,-0.0025127166666667478
2025-06-30,0.03880243197310507,0.025911408858822815,0.003541666666666776,0.019780737101700474,0.017294077630583216,0.01671218924683071
2025-07-31,0.0452779602025668,0.028259597715727613,0.03900629244135145,0.042191035207806316,0.036399445497849126,0.042191035207806316
2025-08-31,0.01889303382091967,0.01693864635013287,0.01889303382091967,0.01889303382091967,0.016559077104656872,0.01889303382091967
2025-09-30,0.028336714270238872,0.022967652236304703,0.028336714270238872,0.028336714270238872,0.02458937079102519,0.028336714270238872
2025-10-31,0.024034340503358953,0.01773124761989564,0.024034340503358953,0.024034340503358953,0.020900206803623478,0.024034340503358953
2025-11-30,0.0017506484230151997,0.0014045697854110362,0.0017506484230151997,0.0017506484230151997,0.001949958840510746,0.0017506484230151997
2025-12-31,0.01761880195684351,0.01030906241967644,0.01761880195684351,0.01761880195684351,0.0154473709110039,0.01761880195684351
2026-01-31,0.012074476189474437,0.006331731016714581,0.012074476189474437,0.012074476189474437,0.010701037755752596,0.012074476189474437
2026-02-28,-0.004133576581960674,0.0015029162598403367,-0.004133576581960674,-0.004133576581960674,-0.0030741437149923723,-0.004133576581960674
2026-03-31,-0.03375350363616991,-0.02277395526542636,-0.03375350363616991,-0.03375350363616991,-0.028245778837312052,-0.03375350363616991
2026-04-30,0.046483817164947094,0.02701012342257947,0.046483817164947094,0.046483817164947094,0.0399324048073777,0.046483817164947094
2026-05-31,0.06645318538932155,0.036124548824412184,0.06645318538932155,0.06645318538932155,0.056902655996303286,0.06645318538932155
2026-06-30,0.005974994864164751,0.005292585455895171,0.005974994864164751,0.005974994864164751,0.005482571003259107,0.005974994864164751
2026-07-31,0.00420216049600608,-0.00012520819186057075,0.00420216049600608,0.00420216049600608,0.0040270639442332445,0.00420216049600608
2026-08-31,0.030741053122923745,0.017427203859945672,0.030741053122923745,0.030741053122923745,0.02659524394108148,0.030741053122923745
2026-09-30,-0.005434741328753656,-0.01143145606163709,-0.005434741328753656,-0.005434741328753656,-0.004175035961260232,-0.005434741328753656
2026-10-31,0.006950428324755897,-0.001909185939436009,0.006950428324755897,0.006950428324755897,0.006393765797709339,0.006950428324755897
