,T1,T1,T1,T1,T1,T1,T1,T2,T2,T2,T2,T2,T2,T2,T3,T3,T3,T3,T3,T3,T3
,주식 보유,추세만,GEM,ADM,ADM_shield,IC 뼈대+보험,IC 뼈대+보험·인플레칸 50/50,주식 보유,추세만,GEM,ADM,ADM_shield,IC 뼈대+보험,IC 뼈대+보험·인플레칸 50/50,주식 보유,추세만,GEM,IC 뼈대+보험,IC 뼈대+보험·인플레칸 50/50,ADM,ADM_shield
1873-02-28,0.009763290932811808,0.009763290932811808,0.002331179914014214,0.009763290932811808,0.009763290932811808,0.009128696099938827,0.009128696099938827,,,,,,,,,,,,,,
1873-03-31,-0.002791262135922401,-0.002791262135922401,-0.00877451456310685,-0.002791262135922401,-0.002791262135922401,-0.0010920264227792797,-0.0010920264227792797,,,,,,,,,,,,,,
1873-04-30,-0.00864318330071756,-0.00864318330071756,-0.00864318330071756,-0.00864318330071756,-0.00864318330071756,-0.006071594954524917,-0.006071594954524917,,,,,,,,,,,,,,
1873-05-31,0.007151124338624193,0.007151124338624193,-0.0007067776018131466,0.007151124338624193,0.007151124338624193,0.007348868843040313,0.007348868843040313,,,,,,,,,,,,,,
1873-06-30,-0.008663366336633338,0.0025069837125142325,0.005317824397484072,-0.008663366336633338,-0.008663366336633338,-0.006081173478991175,-0.0013129785688567042,,,,,,,,,,,,,,
1873-07-31,0.00330488621151237,-0.0027149431057567064,0.0053104755256589975,0.00330488621151237,0.00330488621151237,0.004079593891187949,0.001507143142966516,,,,,,,,,,,,,,
1873-08-31,0.005365526492286943,0.0025069837125142325,0.005303126823460458,-0.0007286919374802636,-0.0007286919374802636,0.003253092000736313,0.003253092000736313,,,,,,,,,,,,,,
1873-09-30,-0.07105130784708258,0.008558333714802968,0.005295778291001918,-0.07662500000000005,-0.07662500000000005,-0.02666473672464742,-0.02666473672464742,,,,,,,,,,,,,,
1873-10-31,-0.0812454611474216,0.008558333714802968,0.005288429928399285,-0.0812454611474216,-0.0812454611474216,-0.031110675851273917,-0.031110675851273917,,,,,,,,,,,,,,
1873-11-30,-0.02928599840891033,0.008558333714802968,0.005281081735766913,-0.0007506047546477213,-0.0007506047546477213,-0.009049390174975414,-0.009049390174975414,,,,,,,,,,,,,,
1873-12-31,0.10086633663366329,0.008558333714802968,0.005273733713219597,0.005273733713219597,0.005273733713219597,0.04633844382490171,0.04633844382490171,,,,,,,,,,,,,,
1874-01-31,0.06052036199095023,0.008558333714802968,0.005266385860872358,0.005266385860872358,0.005266385860872358,0.02910648824417228,0.02910648824417228,,,,,,,,,,,,,,
1874-02-28,0.035944206008583945,0.0049833333492279586,0.007109145660312066,0.029728540772532508,0.029728540772532508,0.01896620773700275,0.01896620773700275,,,,,,,,,,,,,,
1874-03-31,-0.008854166666666385,0.0049833333492279586,0.007085229733155396,-0.008854166666666385,-0.008854166666666385,-4.658517662770034e-05,-4.658517662770034e-05,,,,,,,,,,,,,,
1874-04-30,-0.021670190274841628,-0.02754016913319257,0.007061322035862405,-0.021670190274841628,-0.021670190274841628,-0.02019926616812251,-0.02019926616812251,,,,,,,,,,,,,,
1874-05-31,-0.02010869565217377,-0.02010869565217377,0.0070374225887070985,-0.02010869565217377,-0.02010869565217377,-0.016365308797372857,-0.016365308797372857,,,,,,,,,,,,,,
1874-06-30,0.0016741071428572063,0.0016741071428572063,0.007013531412018104,0.0016741071428572063,0.0016741071428572063,0.0021509343557466476,0.0021509343557466476,,,,,,,,,,,,,,
1874-07-31,0.006165919282511201,-0.001046566650867442,0.006989648526177117,0.006165919282511201,0.006165919282511201,0.003772452849458041,0.003772452849458041,,,,,,,,,,,,,,
1874-08-31,0.008408071748879031,0.0049833333492279586,0.006965773951622012,0.008408071748879031,0.008408071748879031,0.007279722737712824,0.007279722737712824,,,,,,,,,,,,,,
1874-09-30,0.021812080536912637,0.0049833333492279586,0.006941907708844841,0.0009002562625917143,0.0009002562625917143,0.012965055734469155,0.012965055734469155,,,,,,,,,,,,,,
1874-10-31,0.0038546255506610727,0.0049833333492279586,0.006918049818392502,0.006918049818392502,0.006918049818392502,0.00530350463010576,0.00530350463010576,,,,,,,,,,,,,,
1874-11-30,0.01490066225165565,0.0049833333492279586,0.006894200300865849,0.008811258278145662,0.008811258278145662,0.0100062376540071,0.0100062376540071,,,,,,,,,,,,,,
1874-12-31,-0.000547045951860059,0.0049833333492279586,-0.00654376367614895,-0.000547045951860059,-0.000547045951860059,0.003422518926754048,0.003422518926754048,,,,,,,,,,,,,,
1875-01-31,0.006011380323054372,-2.4687958883995442e-05,0.006011380323054372,0.006011380323054372,0.006011380323054372,0.0032820589907887054,0.0032820589907887054,,,,,,,,,,,,,,
1875-02-28,0.0037628487518355236,0.0037628487518355236,0.0037628487518355236,0.0037628487518355236,0.0037628487518355236,0.0038776365374169064,0.0038776365374169064,,,,,,,,,,,,,,
1875-03-31,0.01917770419426046,0.01917770419426046,0.0012716748265193534,0.01917770419426046,0.01917770419426046,0.01698045145840954,0.01698045145840954,,,,,,,,,,,,,,
1875-04-30,0.018881626724764233,0.018881626724764233,0.007287958445341802,0.018881626724764233,0.018881626724764233,0.016718182551851646,0.016718182551851646,,,,,,,,,,,,,,
1875-05-31,-0.0330197132616491,-0.0330197132616491,0.007260363360530375,-0.0330197132616491,-0.0330197132616491,-0.027397256439023798,-0.027397256439023798,,,,,,,,,,,,,,
1875-06-30,-0.014261744966442724,-0.014261744966442724,-0.020176174496644106,-0.014261744966442724,-0.014261744966442724,-0.01147168224105255,-0.01147168224105255,,,,,,,,,,,,,,
1875-07-31,0.008228691019786627,-0.0014938666192689798,0.008228691019786627,0.0011619861779310625,0.0011619861779310625,0.004670950622405856,0.004670950622405856,,,,,,,,,,,,,,
1875-08-31,0.010440394836750189,0.004533333381017135,0.0011346007769104105,0.0071776667775758085,0.0071776667775758085,0.008165151204628796,0.008165151204628796,,,,,,,,,,,,,,
1875-09-30,-0.0032596371882084307,0.004533333381017135,0.007150130953383904,0.007150130953383904,0.007150130953383904,0.0023276979626918326,0.0023276979626918326,,,,,,,,,,,,,,
1875-10-31,-0.010202135774218357,0.004533333381017135,-0.016140922959573034,-0.016140922959573034,-0.016140922959573034,-0.0006430186706771757,-0.0006430186706771757,,,,,,,,,,,,,,
1875-11-30,0.022141472868217216,0.004533333381017135,0.0010525335002657954,0.0010525335002657954,0.0010525335002657954,0.013080797725136817,0.013080797725136817,,,,,,,,,,,,,,
1875-12-31,0.005720823798627039,0.004533333381017135,0.0070676132096116895,0.0070676132096116895,0.0070676132096116895,0.006092203108031935,0.006092203108031935,,,,,,,,,,,,,,
1876-01-31,0.02631578947368407,0.004533333381017135,0.007040137352814391,0.02015789473684193,0.02015789473684193,0.014853818860547596,0.014853818860547596,,,,,,,,,,,,,,
1876-02-29,0.019058295964125893,0.0042750000953675205,0.004753525293830219,0.019058295964125893,0.019058295964125893,0.01073217018280137,0.01073217018280137,,,,,,,,,,,,,,
1876-03-31,0.0033185840707963266,-0.0027013274336284976,0.004744302568157277,0.0033185840707963266,0.0033185840707963266,0.0009184273834277334,0.0009184273834277334,,,,,,,,,,,,,,
1876-04-30,-0.032150776053215036,-0.032150776053215036,-0.03795787139689577,-0.032150776053215036,-0.032150776053215036,-0.026687619306558608,-0.026687619306558608,,,,,,,,,,,,,,
1876-05-31,-0.03110599078341003,-0.03110599078341003,-0.0013024969061471436,-0.03110599078341003,-0.03110599078341003,-0.025826733295504556,-0.025826733295504556,,,,,,,,,,,,,,
1876-06-30,-0.0011961722488037507,-0.001750649905204682,0.004716636644791272,-0.0011961722488037507,-0.0011961722488037507,-0.0004180031082258173,-0.0004180031082258173,,,,,,,,,,,,,,
1876-07-31,-0.0060240963855420215,0.0042750000953675205,0.00470741542263875,-0.001320829069897056,-0.001320829069897056,7.31773134259317e-05,7.31773134259317e-05,,,,,,,,,,,,,,
1876-08-31,-0.03536585365853673,0.0042750000953675205,0.004698194577180237,0.004698194577180237,0.004698194577180237,-0.012407880572683938,-0.012407880572683938,,,,,,,,,,,,,,
1876-09-30,-0.054707379134860235,0.0042750000953675205,0.004688974108742583,0.004688974108742583,0.004688974108742583,-0.02067466633260595,-0.02067466633260595,,,,,,,,,,,,,,
1876-10-31,0.0013550135501354532,0.0042750000953675205,0.004679754017651971,0.004679754017651971,0.004679754017651971,0.003116980142784831,0.003116980142784831,,,,,,,,,,,,,,
1876-11-30,-0.012261580381471404,0.0042750000953675205,0.004670534304235918,0.004670534304235918,0.004670534304235918,-0.0025896374043492543,-0.0025896374043492543,,,,,,,,,,,,,,
1876-12-31,0.001388888888889106,0.0042750000953675205,0.004661314968821051,0.004661314968821051,0.004661314968821051,0.003187767805231889,0.003187767805231889,,,,,,,,,,,,,,
1877-01-31,-0.0016108007448792927,0.0042750000953675205,0.004652096011735107,0.004652096011735107,0.004652096011735107,0.0019291560012790754,0.0019291560012790754,,,,,,,,,,,,,,
1877-02-28,-0.052542253521126736,0.004175000190734801,0.004442533161084006,0.004442533161084006,0.004442533161084006,-0.019824973645196198,-0.019824973645196198,,,,,,,,,,,,,,
1877-03-31,-0.044099301397205415,0.004175000190734801,0.004435205353886085,0.004435205353886085,0.004435205353886085,-0.016314747636215654,-0.016314747636215654,,,,,,,,,,,,,,
1877-04-30,-0.06563354363827578,0.004175000190734801,0.004427877730608598,0.004427877730608598,0.004427877730608598,-0.025456560835454556,-0.025456560835454556,,,,,,,,,,,,,,
1877-05-31,0.007205215419501476,0.004175000190734801,0.004420550291377445,0.004420550291377445,0.004420550291377445,0.005461310106760209,0.005461310106760209,,,,,,,,,,,,,,
1877-06-30,-0.0644841269841272,0.004175000190734801,0.004413223036317415,0.004413223036317415,0.004413223036317415,-0.024907934516177788,-0.024907934516177788,,,,,,,,,,,,,,
1877-07-31,0.05115384615384633,0.004175000190734801,0.004405895965554629,0.004405895965554629,0.004405895965554629,0.024133124145665708,0.024133124145665708,,,,,,,,,,,,,,
1877-08-31,0.07680409356725137,0.004175000190734801,0.0043985690792140986,0.0043985690792140986,0.0043985690792140986,0.063244292129778,0.03238475865414414,,,,,,,,,,,,,,
1877-09-30,0.06823770491803294,0.004175000190734801,0.004391242377421278,0.004391242377421278,0.004391242377421278,0.028809476779745324,0.028863244069973648,,,,,,,,,,,,,,
1877-10-31,0.02696244855967067,0.004175000190734801,0.004383915860302068,0.020800673868312636,0.020800673868312636,0.013856351059546634,0.013856351059546634,,,,,,,,,,,,,,
1877-11-30,-0.01009063444108782,-0.016030090634441274,0.00437658952798281,-0.01009063444108782,-0.01009063444108782,-0.010456651924847904,-0.010456651924847904,,,,,,,,,,,,,,
1877-12-31,0.0017893660531700384,0.0017893660531700384,0.004369263380588295,0.0017893660531700384,0.0017893660531700384,0.002136186878495261,0.002136186878495261,,,,,,,,,,,,,,
1878-01-31,0.0048512820512818244,0.0048512820512818244,0.004361937418245532,0.0048512820512818244,0.0048512820512818244,0.004748010022437965,0.004748010022437965,,,,,,,,,,,,,,
1878-02-28,-0.016710256410256585,-0.016710256410256585,0.004421728610268794,-0.016710256410256585,-0.016710256410256585,-0.01360172583374275,-0.01360172583374275,,,,,,,,,,,,,,
1878-03-31,0.02378144654088099,0.02378144654088099,0.004413768156374509,0.02378144654088099,0.02378144654088099,0.020800320225654145,0.020800320225654145,,,,,,,,,,,,,,
1878-04-30,0.032579732510287895,0.032579732510287895,0.004405807943248297,0.032579732510287895,0.032579732510287895,0.02828004182858579,0.02828004182858579,,,,,,,,,,,,,,
1878-05-31,0.007652652652652581,0.007652652652652581,0.0016067367367367247,0.007652652652652581,0.007652652652652581,0.0070858542654255174,0.0070858542654255174,,,,,,,,,,,,,,
1878-06-30,0.02557385229540876,0.02557385229540876,0.02557385229540876,0.02557385229540876,0.02557385229540876,0.02233745087131367,0.02233745087131367,,,,,,,,,,,,,,
1878-07-31,0.025029325513196365,0.025029325513196365,0.025029325513196365,0.025029325513196365,0.025029325513196365,0.021860942926919202,0.021860942926919202,,,,,,,,,,,,,,
1878-08-31,-0.00423132183908026,-0.00423132183908026,-0.00423132183908026,-0.00423132183908026,-0.00423132183908026,-0.003009806982748442,-0.003009806982748442,,,,,,,,,,,,,,
1878-09-30,0.02469806763285054,0.02469806763285054,0.02469806763285054,0.02469806763285054,0.02469806763285054,0.021589392176432298,0.021589392176432298,,,,,,,,,,,,,,
1878-10-31,-0.007062026515151643,-0.007062026515151643,-0.007062026515151643,-0.007062026515151643,-0.007062026515151643,-0.005415625704606408,-0.005415625704606408,,,,,,,,,,,,,,
1878-11-30,0.0014559386973180821,0.0014559386973180821,0.0014559386973180821,0.0014559386973180821,0.0014559386973180821,0.0018315110178699356,0.0018315110178699356,,,,,,,,,,,,,,
1878-12-31,-0.0014409221902018654,-0.0014409221902018654,-0.0014409221902018654,-0.0014409221902018654,-0.0014409221902018654,-0.0006242379824772382,-0.0006242379824772382,,,,,,,,,,,,,,
1879-01-31,0.04207004830917871,0.04207004830917871,0.04207004830917871,0.04207004830917871,0.04207004830917871,0.036357711520914604,0.036357711520914604,,,,,,,,,,,,,,
1879-02-28,0.04057960893854751,0.04057960893854751,0.04057960893854751,0.04057960893854751,0.04057960893854751,0.0351060912064276,0.0351060912064276,,,,,,,,,,,,,,
1879-03-31,-0.012017070979335354,-0.012017070979335354,-0.012017070979335354,-0.012017070979335354,-0.012017070979335354,-0.009598577766708472,-0.009598577766708472,,,,,,,,,,,,,,
1879-04-30,0.03713926940639256,0.03713926940639256,0.03713926940639256,0.03713926940639256,0.03713926940639256,0.03219788310941918,0.03219788310941918,,,,,,,,,,,,,,
1879-05-31,0.04925508399646339,0.04925508399646339,0.04925508399646339,0.04925508399646339,0.04925508399646339,0.04248393581749865,0.04248393581749865,,,,,,,,,,,,,,
1879-06-30,0.009094754653130144,0.009094754653130144,0.009094754653130144,0.009094754653130144,0.009094754653130144,0.00833976456541552,0.00833976456541552,,,,,,,,,,,,,,
1879-07-31,0.024236111111111347,0.024236111111111347,0.024236111111111347,0.024236111111111347,0.024236111111111347,0.021239466712058563,0.021239466712058563,,,,,,,,,,,,,,
1879-08-31,0.011412953795379321,0.011412953795379321,0.011412953795379321,0.011412953795379321,0.011412953795379321,0.01032840974496585,0.01032840974496585,,,,,,,,,,,,,,
1879-09-30,0.040847665847665526,0.040847665847665526,0.040847665847665526,0.040847665847665526,0.040847665847665526,0.03535742673073883,0.03535742673073883,,,,,,,,,,,,,,
1879-10-31,0.1128890205371249,0.1128890205371249,0.1128890205371249,0.1128890205371249,0.1128890205371249,0.09656854137602,0.09656854137602,,,,,,,,,,,,,,
1879-11-30,0.05694978632478631,0.05694978632478631,0.05694978632478631,0.05694978632478631,0.05694978632478631,0.04897033749150137,0.04897033749150137,,,,,,,,,,,,,,
1879-12-31,0.0013522650439485862,0.0013522650439485862,0.0013522650439485862,0.0013522650439485862,0.0013522650439485862,0.0017534504220053648,0.0017534504220053648,,,,,,,,,,,,,,
1880-01-31,0.04209010840108429,0.04209010840108429,0.04209010840108429,0.04209010840108429,0.04209010840108429,0.036416772352599436,0.036416772352599436,,,,,,,,,,,,,,
1880-02-29,0.021037181996086174,0.021037181996086174,0.021037181996086174,0.021037181996086174,0.021037181996086174,0.018506931577410457,0.018506931577410457,,,,,,,,,,,,,,
1880-03-31,0.02267628205128225,0.02267628205128225,0.02267628205128225,0.02267628205128225,0.02267628205128225,0.019915812973530178,0.019915812973530178,,,,,,,,,,,,,,
1880-04-30,-0.01918238993710697,-0.01918238993710697,-0.01918238993710697,-0.01918238993710697,-0.01918238993710697,-0.01566480582799812,-0.01566480582799812,,,,,,,,,,,,,,
1880-05-31,-0.07553088803088792,-0.07553088803088792,-0.07553088803088792,-0.07553088803088792,-0.07553088803088792,-0.06356463721609373,-0.06356463721609373,,,,,,,,,,,,,,
1880-06-30,0.00821104122990901,0.00821104122990901,0.00821104122990901,0.00821104122990901,0.00821104122990901,0.007567374365163637,0.007567374365163637,,,,,,,,,,,,,,
1880-07-31,0.050017397355601956,-0.0016678166508674597,0.050017397355601956,-0.0005994421169351893,-0.0005994421169351893,0.02160547808941171,0.02160547808941171,,,,,,,,,,,,,,
1880-08-31,0.03992015968063867,0.004358333349227861,0.03992015968063867,0.005413669529401144,0.005413669529401144,0.019855120805634563,0.019855120805634563,,,,,,,,,,,,,,
1880-09-30,0.002007064868336572,-0.004004977520873476,0.002007064868336572,-0.004004977520873476,-0.004004977520873476,-0.00015990642917584896,-0.00015990642917584896,,,,,,,,,,,,,,
1880-10-31,0.032979407979408126,0.032979407979408126,0.032979407979408126,0.032979407979408126,0.032979407979408126,0.028684400821976874,0.028684400821976874,,,,,,,,,,,,,,
1880-11-30,0.05651969981238292,0.05651969981238292,0.05651969981238292,0.05651969981238292,0.05651969981238292,0.04867317383301106,0.04867317383301106,,,,,,,,,,,,,,
1880-12-31,0.044860368389779914,0.044860368389779914,0.044860368389779914,0.044860368389779914,0.044860368389779914,0.03874553678577719,0.03874553678577719,,,,,,,,,,,,,,
1881-01-31,0.06371289954337911,0.06371289954337911,0.06371289954337911,0.06371289954337911,0.06371289954337911,0.05477825258685809,0.05477825258685809,,,,,,,,,,,,,,
1881-02-28,0.0004038772213246222,0.0004038772213246222,0.0004038772213246222,0.0004038772213246222,0.0004038772213246222,0.0009702051784405974,0.0009702051784405974,,,,,,,,,,,,,,
1881-03-31,0.015059427336574727,0.015059427336574727,0.015059427336574727,0.015059427336574727,0.015059427336574727,0.013467366540503622,0.013467366540503622,,,,,,,,,,,,,,
1881-04-30,0.0005341880341880323,0.0005341880341880323,0.0005341880341880323,0.0005341880341880323,0.0005341880341880323,0.0011160551031370591,0.0011160551031370591,,,,,,,,,,,,,,
1881-05-31,0.04883440514469428,0.04883440514469428,0.04883440514469428,0.04883440514469428,0.04883440514469428,0.042176112673905086,0.042176112673905086,,,,,,,,,,,,,,
1881-06-30,0.01602564102564119,0.01602564102564119,0.01602564102564119,0.01602564102564119,0.01602564102564119,0.014258761797087294,0.014258761797087294,,,,,,,,,,,,,,
1881-07-31,-0.031218338399189416,-0.031218338399189416,-0.031218338399189416,-0.031218338399189416,-0.031218338399189416,-0.025874080145091183,-0.025874080145091183,,,,,,,,,,,,,,
1881-08-31,-0.019685039370078594,-0.019685039370078594,-0.019685039370078594,-0.019685039370078594,-0.019685039370078594,-0.016089857203488878,-0.016089857203488878,,,,,,,,,,,,,,
1881-09-30,0.012163978494623473,0.012163978494623473,0.012163978494623473,0.012163978494623473,0.012163978494623473,0.010990397339190716,0.010990397339190716,,,,,,,,,,,,,,
1881-10-31,-0.011866666666666581,-0.011866666666666581,-0.011866666666666581,-0.002428426590663779,-0.002428426590663779,-0.009422436125572142,-0.009422436125572142,,,,,,,,,,,,,,
1881-11-30,0.01077235772357743,-0.0015601332227388465,0.01077235772357743,0.0035877499260008605,0.0035877499260008605,0.009813766352525732,0.004591065562283614,,,,,,,,,,,,,,
1881-12-31,-0.02477113624124938,0.0044666667779287295,-0.02477113624124938,0.0035823677245316876,0.0035823677245316876,-0.020390145321987907,-0.007968506549924093,,,,,,,,,,,,,,
1882-01-31,-0.010537992235163496,0.0044666667779287295,-0.010537992235163496,0.0035769855981806487,0.0035769855981806487,-0.00830993653243095,-0.00195344463582936,,,,,,,,,,,,,,
1882-02-28,-0.01745495495495497,0.004699999888738038,-0.01745495495495497,0.002947323955016845,0.002947323955016845,-0.01414312264641171,-0.004737794659404049,,,,,,,,,,,,,,
1882-03-31,0.0028785261945887264,0.004699999888738038,-0.003069667016998401,0.0029480211096595266,0.0029480211096595266,0.0006231703170178626,0.0005904278627630877,,,,,,,,,,,,,,
1882-04-30,0.0046136101499423265,0.004699999888738038,0.0029487182641554366,0.0029487182641554366,0.0029487182641554366,0.003917621708597219,0.003917621708597219,,,,,,,,,,,,,,
1882-05-31,-0.007497116493656253,0.004699999888738038,0.002949415418504575,0.002949415418504575,0.002949415418504575,-0.00123023448106363,-0.00123023448106363,,,,,,,,,,,,,,
1882-06-30,-0.0005837711617047159,0.004699999888738038,0.002950112572706942,0.002950112572706942,0.002950112572706942,-0.0023577477504648225,-0.00011255262100728913,,,,,,,,,,,,,,
1882-07-31,0.06103286384976547,0.004699999888738038,0.0029508097267623157,0.0029508097267623157,0.0029508097267623157,0.02527692119713909,0.025268977230019418,,,,,,,,,,,,,,
1882-08-31,0.03444444444444428,0.004699999888738038,0.002951506880671362,0.002951506880671362,0.002951506880671362,0.02742006619002435,0.014726504451099132,,,,,,,,,,,,,,
1882-09-30,0.014023732470334282,0.00793959007551237,0.0029522040344336364,0.00793959007551237,0.00793959007551237,0.012602801549254972,0.010086389003584273,,,,,,,,,,,,,,
1882-10-31,-0.02297008547008539,-0.02297008547008539,0.0029529011880489175,-0.02297008547008539,-0.02297008547008539,-0.018826483833480845,-0.018826483833480845,,,,,,,,,,,,,,
1882-11-30,-0.03844041735310266,-0.03844041735310266,0.0029535983415176492,-0.03844041735310266,-0.03844041735310266,-0.03199023869370232,-0.03199023869370232,,,,,,,,,,,,,,
1882-12-31,0.009753298909925157,0.009753298909925157,0.0029542954948398314,0.009753298909925157,0.009753298909925157,0.008960905056933033,0.008960905056933033,,,,,,,,,,,,,,
1883-01-31,-0.0005593607305937054,-0.0013282001105944241,0.002954992648015242,-0.003062737307872876,-0.003062737307872876,-0.0008350883796833797,-0.0008350883796833797,,,,,,,,,,,,,,
1883-02-28,-0.017761044176706542,0.004683333237965881,0.0030943156162712704,-0.02365447791164632,-0.02365447791164632,-0.005536637889930973,-0.005536637889930973,,,,,,,,,,,,,,
1883-03-31,0.017055457746478986,0.004683333237965881,0.0030936238807048877,-0.002924937862579302,-0.002924937862579302,0.009234208675369393,0.009234208675369393,,,,,,,,,,,,,,
1883-04-30,0.02555507246376809,0.004683333237965881,0.0030929321452841663,0.0030929321452841663,0.0030929321452841663,0.012857967380454749,0.012857967380454749,,,,,,,,,,,,,,
1883-05-31,-0.012433276547416439,0.004683333237965881,0.0030922404100108825,0.0030922404100108825,0.0030922404100108825,-0.003299251866388131,-0.003299251866388131,,,,,,,,,,,,,,
1883-06-30,0.013359329867129066,0.004683333237965881,0.007279173887926316,0.007279173887926316,0.007279173887926316,0.007670493440592896,0.007670493440592896,,,,,,,,,,,,,,
1883-07-31,-0.010798969072164821,0.004683333237965881,-0.010798969072164821,-0.010798969072164821,-0.010798969072164821,-0.002587746751464115,-0.002587746751464115,,,,,,,,,,,,,,
1883-08-31,-0.04062390924956405,0.004683333237965881,-0.04062390924956405,-0.04062390924956405,-0.04062390924956405,-0.015270049748924652,-0.015270049748924652,,,,,,,,,,,,,,
1883-09-30,0.015958257160268108,0.004683333237965881,-0.0029290633704379676,-0.0029290633704379676,-0.0029290633704379676,0.0087315002873809,0.0087315002873809,,,,,,,,,,,,,,
1883-10-31,-0.022177516576250667,0.004683333237965881,0.0030887817358447034,0.0030887817358447034,0.0030887817358447034,-0.007428178160038823,-0.007428178160038823,,,,,,,,,,,,,,
1883-11-30,0.01996902106567533,0.004683333237965881,0.0030880900014516044,0.0030880900014516044,0.0030880900014516044,0.010463436022936312,0.010463436022936312,,,,,,,,,,,,,,
1883-12-31,-0.016941391941391992,0.004683333237965881,0.003087398267205277,0.003087398267205277,0.003087398267205277,-0.005209214033522702,-0.005209214033522702,,,,,,,,,,,,,,
1884-01-31,-0.024839263420724178,0.004683333237965881,0.003086706533105943,-0.030690227840199813,-0.030690227840199813,-0.008572213194088407,-0.008572213194088407,,,,,,,,,,,,,,
1884-02-29,0.03228281853281856,0.004341666698455704,0.00371039200186285,-0.0023118703501483484,-0.0023118703501483484,0.015905780785792967,0.015905780785792967,,,,,,,,,,,,,,
1884-03-31,0.0013314536340851557,0.004341666698455704,0.0037037188195472304,0.0037037188195472304,0.0037037188195472304,0.0027500848702701752,0.0027500848702701752,,,,,,,,,,,,,,
1884-04-30,-0.0401996855345913,0.004341666698455704,0.003697045784203379,-0.045958487421383754,-0.045958487421383754,-0.014866028708197754,-0.014866028708197754,,,,,,,,,,,,,,
1884-05-31,-0.07572957839262162,0.004341666698455704,0.0036903728959229998,-0.0023317693414525165,-0.0023317693414525165,-0.0300290319497738,-0.0300290319497738,,,,,,,,,,,,,,
1884-06-30,-0.0351254480286739,0.004341666698455704,0.0036837001547975756,0.0036837001547975756,0.0036837001547975756,-0.012830267173188248,-0.012830267173188248,,,,,,,,,,,,,,
1884-07-31,0.0059473094170405805,0.004341666698455704,0.0036770275609185887,0.0036770275609185887,0.0036770275609185887,0.004683427249817518,0.004683427249817518,,,,,,,,,,,,,,
1884-08-31,0.06869768310911817,0.004341666698455704,0.0036703551143772994,0.0036703551143772994,0.0036703551143772994,0.0314045100734901,0.0314045100734901,,,,,,,,,,,,,,
1884-09-30,-0.026107594936709,0.004341666698455704,0.0036636828152660783,0.0036636828152660783,0.0036636828152660783,-0.008978787227496565,-0.008978787227496565,,,,,,,,,,,,,,
1884-10-31,-0.02699164851125624,0.004341666698455704,0.0036570106636764077,-0.032829698620188696,-0.032829698620188696,-0.009309865773176051,-0.009309865773176051,,,,,,,,,,,,,,
1884-11-30,-0.014420045045045349,0.004341666698455704,0.00365033865969977,-0.0023715633722584117,-0.0023715633722584117,-0.00397131931882555,-0.00397131931882555,,,,,,,,,,,,,,
1884-12-31,0.0036398467432949833,0.004341666698455704,0.0036436668034283137,0.0036436668034283137,0.0036436668034283137,0.0037197769995138685,0.0037197769995138685,,,,,,,,,,,,,,
1885-01-31,-0.017200460829492892,0.004341666698455704,0.0036369950949544094,0.0036369950949544094,0.0036369950949544094,-0.005113753637309593,-0.005113753637309593,,,,,,,,,,,,,,
1885-02-28,0.036523191823899515,0.0033750001589456513,0.003979023381012636,0.003979023381012636,0.003979023381012636,0.017688161645767586,0.017688161645767586,,,,,,,,,,,,,,
1885-03-31,0.007866132723112207,0.0033750001589456513,0.003969221285852642,0.003969221285852642,0.003969221285852642,0.005488900562213406,0.005488900562213406,,,,,,,,,,,,,,
1885-04-30,0.0031716133942161218,0.0033750001589456513,0.003959419690750865,-0.0028474162861491514,-0.0028474162861491514,0.0035310097619067893,0.0035310097619067893,,,,,,,,,,,,,,
1885-05-31,-0.006086956521739184,0.0033750001589456513,0.003949618596174709,-0.006086956521739184,-0.006086956521739184,-0.0004031916913769251,-0.0004031916913769251,,,,,,,,,,,,,,
1885-06-30,0.0006751543209877475,0.0033750001589456513,0.0039398180025920215,0.0006751543209877475,0.0006751543209877475,0.002453075307314423,0.002453075307314423,,,,,,,,,,,,,,
1885-07-31,0.042426356589147396,0.0033750001589456513,0.003930017910470207,0.042426356589147396,0.042426356589147396,0.020203057529573965,0.020203057529573965,,,,,,,,,,,,,,
1885-08-31,0.06097346786248137,0.0033750001589456513,0.003920218320278224,0.06097346786248137,0.06097346786248137,0.028028971573616834,0.028028971573616834,,,,,,,,,,,,,,
1885-09-30,-0.008182944090587285,-0.014133846426043761,-0.014133846426043761,-0.008182944090587285,-0.008182944090587285,-0.00892325397418503,-0.00892325397418503,,,,,,,,,,,,,,
1885-10-31,0.0625752688172041,0.0625752688172041,0.0625752688172041,0.0625752688172041,0.0625752688172041,0.05368585145210614,0.05368585145210614,,,,,,,,,,,,,,
1885-11-30,0.06920392953929544,0.06920392953929544,0.06920392953929544,0.06920392953929544,0.06920392953929544,0.05928405975980078,0.05928405975980078,,,,,,,,,,,,,,
1885-12-31,-0.003816793893129611,-0.003816793893129611,-0.003816793893129611,-0.003816793893129611,-0.003816793893129611,-0.0027854333037765633,-0.0027854333037765633,,,,,,,,,,,,,,
1886-01-31,0.003818910256410346,0.003818910256410346,0.003818910256410346,0.003818910256410346,0.003818910256410346,0.0037467862132065655,0.0037467862132065655,,,,,,,,,,,,,,
1886-02-28,0.023024038461538332,0.023024038461538332,0.023024038461538332,0.023024038461538332,0.023024038461538332,0.020166337545364454,0.020166337545364454,,,,,,,,,,,,,,
1886-03-31,-0.017059748427672772,-0.017059748427672772,-0.017059748427672772,-0.017059748427672772,-0.017059748427672772,-0.013918621991903968,-0.013918621991903968,,,,,,,,,,,,,,
1886-04-30,-0.009741490044958057,-0.009741490044958057,-0.009741490044958057,-0.009741490044958057,-0.009741490044958057,-0.007700209632580335,-0.007700209632580335,,,,,,,,,,,,,,
1886-05-31,-0.01576009114583332,-0.01576009114583332,-0.01576009114583332,-0.01576009114583332,-0.01576009114583332,-0.012810266494744815,-0.012810266494744815,,,,,,,,,,,,,,
1886-06-30,0.049634794156706796,0.049634794156706796,0.049634794156706796,0.049634794156706796,0.049634794156706796,0.042769877609511564,0.042769877609511564,,,,,,,,,,,,,,
1886-07-31,0.018861904761904746,-0.0020488500157992418,0.018861904761904746,-0.004199221136340858,-0.004199221136340858,0.006774773995432248,0.006774773995432248,,,,,,,,,,,,,,
1886-08-31,0.011049093183239211,0.00498279862413975,0.011049093183239211,0.00498279862413975,0.00498279862413975,0.00743182713353896,0.00743182713353896,,,,,,,,,,,,,,
1886-09-30,0.029562383612663057,0.029562383612663057,0.029562383612663057,0.029562383612663057,0.029562383612663057,0.025718780069421632,0.025718780069421632,,,,,,,,,,,,,,
1886-10-31,0.028785541439806384,0.028785541439806384,0.028785541439806384,0.028785541439806384,0.028785541439806384,0.025044398474073803,0.025044398474073803,,,,,,,,,,,,,,
1886-11-30,0.02804867256637178,0.02804867256637178,0.02804867256637178,0.02804867256637178,0.02804867256637178,0.02441865321209047,0.02441865321209047,,,,,,,,,,,,,,
1886-12-31,-0.022740356937248074,-0.022740356937248074,-0.022740356937248074,-0.022740356937248074,-0.022740356937248074,-0.018750693677473618,-0.018750693677473618,,,,,,,,,,,,,,
1887-01-31,-0.007350768321513046,-0.007350768321513046,-0.007350768321513046,-0.007350768321513046,-0.007350768321513046,-0.005672612770183272,-0.005672612770183272,,,,,,,,,,,,,,
1887-02-28,-0.0038082437275984704,-0.0038082437275984704,-0.0038082437275984704,-0.0038082437275984704,-0.0038082437275984704,-0.002529448661944045,-0.002529448661944045,,,,,,,,,,,,,,
1887-03-31,0.026887785800240538,0.026887785800240538,0.026887785800240538,0.026887785800240538,0.026887785800240538,0.023564129995826244,0.023564129995826244,,,,,,,,,,,,,,
1887-04-30,0.02630805408583181,0.02630805408583181,0.02630805408583181,0.02630805408583181,0.02630805408583181,0.023061187838126163,0.023061187838126163,,,,,,,,,,,,,,
1887-05-31,0.020581896551724155,0.020581896551724155,0.020581896551724155,0.020581896551724155,0.020581896551724155,0.018194467653299018,0.018194467653299018,,,,,,,,,,,,,,
1887-06-30,-0.025494350282486034,-0.025494350282486034,-0.025494350282486034,-0.025494350282486034,-0.025494350282486034,-0.020965574892157113,-0.020965574892157113,,,,,,,,,,,,,,
1887-07-31,-0.020978766724840114,-0.020978766724840114,-0.020978766724840114,-0.020978766724840114,-0.020978766724840114,-0.01713894854755349,-0.01713894854755349,,,,,,,,,,,,,,
1887-08-31,-0.02146690518783556,-0.02146690518783556,-0.02146690518783556,-0.02146690518783556,-0.02146690518783556,-0.01755031272192753,-0.01755031272192753,,,,,,,,,,,,,,
1887-09-30,-0.00913608562691115,-0.0012536499842007442,-0.00913608562691115,-0.004045727741942229,-0.004045727741942229,-0.007069712003042183,-0.0036639014649371138,,,,,,,,,,,,,,
1887-10-31,-0.029662329615861238,0.004775000015894593,-0.029662329615861238,0.0019770949332515997,0.0019770949332515997,-0.024507185159522993,-0.009881084066849843,,,,,,,,,,,,,,
1887-11-30,0.02319711538461533,0.004775000015894593,-0.00402380802273572,0.0019881207014731395,0.0019881207014731395,0.008840854401857445,0.008789275416667408,,,,,,,,,,,,,,
1887-12-31,-0.0017295597484277003,0.004775000015894593,0.001999145975204897,0.001999145975204897,0.001999145975204897,0.0008011068612709948,0.0008011068612709948,,,,,,,,,,,,,,
1888-01-31,0.011516445287792498,0.004775000015894593,0.002010170754906726,0.002010170754906726,0.002010170754906726,0.00645849608631166,0.00645849608631166,,,,,,,,,,,,,,
1888-02-29,-0.0017780916509730904,0.004091666539510097,0.004581669037213798,0.004581669037213798,0.004581669037213798,-0.0034340621016680783,-0.00095856678930617,,,,,,,,,,,,,,
1888-03-31,-0.03401199494949492,0.004091666539510097,0.004567701185391071,-0.03980792297979796,-0.03980792297979796,-0.02830081294993203,-0.012110878409845038,,,,,,,,,,,,,,
1888-04-30,0.007928149606299284,0.004091666539510097,0.004553734895025752,-0.0014735875143444543,-0.0014735875143444543,0.007322458437797552,0.0056652943002131195,,,,,,,,,,,,,,
1888-05-31,0.01767483660130731,0.004091666539510097,0.004539770168255686,0.004539770168255686,0.004539770168255686,0.007476374932845253,0.007479317715452849,,,,,,,,,,,,,,
1888-06-30,-0.027079303675048405,0.004091666539510097,0.004525807007221161,0.004525807007221161,0.004525807007221161,-0.00899055077702815,-0.00899055077702815,,,,,,,,,,,,,,
1888-07-31,0.02991184298070526,0.004091666539510097,0.004511845414067128,0.02373237192282107,0.02373237192282107,0.015196514351639268,0.015196514351639268,,,,,,,,,,,,,,
1888-08-31,0.025238326848249004,0.004091666539510097,0.004497885390940315,-0.001529101921405318,-0.001529101921405318,0.013214310113238703,0.013214310113238703,,,,,,,,,,,,,,
1888-09-30,0.028492063492063346,0.004091666539510097,0.004483926939991889,0.022321111111111014,0.022321111111111014,0.01459793832740397,0.01459793832740397,,,,,,,,,,,,,,
1888-10-31,-0.0019625154894672425,-0.007950740396530431,0.004469970063375683,-0.0019625154894672425,-0.0019625154894672425,-0.0035762305659986504,-0.0035762305659986504,,,,,,,,,,,,,,
1888-11-30,-0.016951713395638723,-0.016951713395638723,0.004456014763247085,-0.016951713395638723,-0.016951713395638723,-0.013799778783882055,-0.013799778783882055,,,,,,,,,,,,,,
1888-12-31,-0.015426208651399542,-0.015426208651399542,-0.02133365139949117,-0.015426208651399542,-0.015426208651399542,-0.012514646724585021,-0.012514646724585021,,,,,,,,,,,,,,
1889-01-31,0.02317120622568103,0.02317120622568103,-0.001598459752306769,0.02317120622568103,0.02317120622568103,0.02029384803920009,0.02029384803920009,,,,,,,,,,,,,,
1889-02-28,0.01508110687022901,-0.001982583412329375,0.0030847289110842446,-0.002933779462382269,-0.002933779462382269,0.01341069345892576,0.006146728212577113,,,,,,,,,,,,,,
1889-03-31,-0.01717767295597472,-0.023074606918238927,0.0030826702487602997,-0.023074606918238927,-0.023074606918238927,-0.014002988697656593,-0.0164932634832059,,,,,,,,,,,,,,
1889-04-30,0.001713230571611879,0.001713230571611879,-0.004297048811817805,0.001713230571611879,0.001713230571611879,0.0020459988252903294,0.0020459988252903294,,,,,,,,,,,,,,
1889-05-31,0.030659588159588358,-0.001982583412329375,0.030659588159588358,-0.0029399183814566854,-0.0029399183814566854,0.012356850305890177,0.012356850305890177,,,,,,,,,,,,,,
1889-06-30,0.020441729323308122,0.004041666587193848,0.020441729323308122,0.0030764942858854116,0.0030764942858854116,0.010561594209792524,0.010561594209792524,,,,,,,,,,,,,,
1889-07-31,-0.016879235982748098,-0.022777960566851663,-0.016879235982748098,-0.022777960566851663,-0.022777960566851663,-0.016237334242831136,-0.016237334242831136,,,,,,,,,,,,,,
1889-08-31,0.016718553459119656,0.016718553459119656,0.016718553459119656,0.016718553459119656,0.016718553459119656,0.014800552511703646,0.014800552511703646,,,,,,,,,,,,,,
1889-09-30,0.027661390440719913,0.027661390440719913,0.027661390440719913,0.027661390440719913,0.027661390440719913,0.024108645157865594,0.024108645157865594,,,,,,,,,,,,,,
1889-10-31,-0.014822727272727043,-0.014822727272727043,-0.014822727272727043,-0.014822727272727043,-0.014822727272727043,-0.012010500147289438,-0.012010500147289438,,,,,,,,,,,,,,
1889-11-30,-0.005851851851852219,-0.005851851851852219,-0.005851851851852219,-0.005851851851852219,-0.005851851851852219,-0.0043823667249481835,-0.0043823667249481835,,,,,,,,,,,,,,
1889-12-31,-0.0021806853582549968,-0.0021806853582549968,-0.0021806853582549968,-0.0021806853582549968,-0.0021806853582549968,-0.0012549248292234028,-0.0012549248292234028,,,,,,,,,,,,,,
1890-01-31,0.01472431077694214,0.01472431077694214,0.01472431077694214,0.01472431077694214,0.01472431077694214,0.013117085564778419,0.013117085564778419,,,,,,,,,,,,,,
1890-02-28,-0.0077447335811644535,-0.0013447667614618908,-0.0077447335811644535,-0.004557612218071938,-0.004557612218071938,-0.004525317799055184,-0.004525317799055184,,,,,,,,,,,,,,
1890-03-31,-0.004072681704260561,-0.010048245614035056,-0.004072681704260561,-0.010048245614035056,-0.010048245614035056,-0.005316951407318804,-0.005316951407318804,,,,,,,,,,,,,,
1890-04-30,0.02430555555555558,-0.0013447667614618908,-0.00452782229057469,0.02430555555555558,0.02430555555555558,0.009082075712742554,0.009082075712742554,,,,,,,,,,,,,,
1890-05-31,0.0460729746444033,0.004683333237965881,0.03979653679653694,-0.004512929098182794,-0.004512929098182794,0.02088679768440227,0.02088679768440227,,,,,,,,,,,,,,
1890-06-30,-0.0038552787663108656,-0.00983214709371305,-0.0038552787663108656,-0.00983214709371305,-0.00983214709371305,-0.005069532432640411,-0.005069532432640411,,,,,,,,,,,,,,
1890-07-31,-0.0038829151732377998,-0.0038829151732377998,-0.0038829151732377998,-0.0038829151732377998,-0.0038829151732377998,-0.002604509795900656,-0.002604509795900656,,,,,,,,,,,,,,
1890-08-31,-0.020156438026474155,-0.020156438026474155,-0.020156438026474155,-0.020156438026474155,-0.020156438026474155,-0.01643693463390461,-0.01643693463390461,,,,,,,,,,,,,,
1890-09-30,-0.013247073321010494,-0.013247073321010494,-0.013247073321010494,-0.013247073321010494,-0.013247073321010494,-0.010576628226943052,-0.010576628226943052,,,,,,,,,,,,,,
1890-10-31,-0.04166666666666674,-0.0013447667614618908,-0.00443848079110587,-0.00443848079110587,-0.00443848079110587,-0.018846519410894436,-0.018846519410894436,,,,,,,,,,,,,,
1890-11-30,-0.06922572178477693,0.004683333237965881,0.0015859208748205678,0.0015859208748205678,0.0015859208748205678,-0.060602951108180036,-0.02925504461429773,,,,,,,,,,,,,,
1890-12-31,-0.019462137296532234,0.004683333237965881,0.0016008956942392683,0.0016008956942392683,0.0016008956942392683,-0.01589939637917115,-0.005689215788778457,,,,,,,,,,,,,,
1891-01-31,0.05615942028985521,0.004683333237965881,0.0016158693378820477,0.0016158693378820477,0.0016158693378820477,0.048418329533907345,0.026524122723582177,,,,,,,,,,,,,,
1891-02-28,0.01618457300275522,0.00455000003178907,0.003155368352917076,0.003155368352917076,0.003155368352917076,0.006291380806533686,0.006329275044472782,,,,,,,,,,,,,,
1891-03-31,-0.014625850340136082,0.00455000003178907,0.003153990307463106,0.003153990307463106,0.003153990307463106,-0.004211370096902867,-0.004211370096902867,,,,,,,,,,,,,,
1891-04-30,0.0370755370755369,0.00455000003178907,0.0031526122631841957,0.0031526122631841957,0.0031526122631841957,0.017752272798160273,0.017752272798160273,,,,,,,,,,,,,,
1891-05-31,-0.00033534540576785066,0.00455000003178907,0.0031512342200799015,0.0031512342200799015,0.0031512342200799015,-0.002116895630210225,-9.430724872805385e-05,,,,,,,,,,,,,,
1891-06-30,-0.016498316498316457,0.00455000003178907,0.0031498561781502232,-0.02239932659932653,-0.02239932659932653,-0.013344754983616092,-0.004402648547199073,,,,,,,,,,,,,,
1891-07-31,-0.01271477663230236,0.00455000003178907,0.003148478137396049,-0.01271477663230236,-0.01271477663230236,-0.010141214579083457,-0.002818441990043996,,,,,,,,,,,,,,
1891-08-31,0.03738644304682048,0.00455000003178907,0.003147100097816713,0.03738644304682048,0.03738644304682048,0.015313587238844129,0.015287747367164428,,,,,,,,,,,,,,
1891-09-30,0.08485463150777561,0.00455000003178907,0.003145722059412881,-0.002873152272943602,-0.002873152272943602,0.03803199912339039,0.03803199912339039,,,,,,,,,,,,,,
1891-10-31,0.0034396497811133298,-0.0025809881175733462,0.003144344022184331,-0.0025809881175733462,-0.0025809881175733462,0.0011331368706259948,0.0011331368706259948,,,,,,,,,,,,,,
1891-11-30,-0.01156973108192616,-0.01156973108192616,0.0031429659861315073,-0.01156973108192616,-0.01156973108192616,-0.009152610034898312,-0.009152610034898312,,,,,,,,,,,,,,
1891-12-31,0.03396825396825398,0.03396825396825398,0.02776444444444448,0.03396825396825398,0.03396825396825398,0.029542702552224576,0.029542702552224576,,,,,,,,,,,,,,
1892-01-31,0.02189926062846581,0.02189926062846581,0.02189926062846581,0.02189926062846581,0.02189926062846581,0.019274590817515147,0.019274590817515147,,,,,,,,,,,,,,
1892-02-29,0.005192075015123976,0.005192075015123976,0.005192075015123976,0.005192075015123976,0.005192075015123976,0.004912678691641581,0.004912678691641581,,,,,,,,,,,,,,
1892-03-31,0.014266304347826164,0.014266304347826164,0.014266304347826164,0.014266304347826164,0.014266304347826164,0.012637490071803814,0.012637490071803814,,,,,,,,,,,,,,
1892-04-30,0.0015934886499402445,0.0015934886499402445,0.0015934886499402445,0.0015934886499402445,0.0015934886499402445,0.0018587536581726738,0.0018587536581726738,,,,,,,,,,,,,,
1892-05-31,0.003415619389587121,0.003415619389587121,0.003415619389587121,0.003415619389587121,0.003415619389587121,0.0034143795819565614,0.0034143795819565614,,,,,,,,,,,,,,
1892-06-30,-0.001944943147815792,-0.001944943147815792,-0.001944943147815792,-0.001944943147815792,-0.001944943147815792,-0.0011407024850326186,-0.0011407024850326186,,,,,,,,,,,,,,
1892-07-31,0.003485258724428286,0.003485258724428286,0.003485258724428286,0.003485258724428286,0.003485258724428286,0.0034708493189918865,0.0034708493189918865,,,,,,,,,,,,,,
1892-08-31,0.01794975932611309,0.01794975932611309,0.01794975932611309,0.01794975932611309,0.01794975932611309,0.01576974229937811,0.01576974229937811,,,,,,,,,,,,,,
1892-09-30,-0.021426453143534974,-0.021426453143534974,-0.021426453143534974,-0.021426453143534974,-0.021426453143534974,-0.01771073666602041,-0.01771073666602041,,,,,,,,,,,,,,
1892-10-31,0.023672445255474406,0.023672445255474406,0.023672445255474406,0.023672445255474406,0.023672445255474406,0.020614331802798258,0.020614331802798258,,,,,,,,,,,,,,
1892-11-30,-2.534287418010095e-05,-0.0026038334123293927,-2.534287418010095e-05,-0.003953678115379278,-0.003953678115379278,-0.0011920481084820578,-0.0011920481084820578,,,,,,,,,,,,,,
1892-12-31,-0.007181328545781018,-0.013138240574506299,-0.007181328545781018,-0.013138240574506299,-0.013138240574506299,-0.008130920864755642,-0.008130920864755642,,,,,,,,,,,,,,
1893-01-31,0.021790683605565686,0.021790683605565686,0.021790683605565686,0.021790683605565686,0.021790683605565686,0.01902627280768243,0.01902627280768243,,,,,,,,,,,,,,
1893-02-28,-0.014234997029114571,-0.00038389982620878893,-0.014234997029114571,-0.014234997029114571,-0.014234997029114571,-0.006281992221641386,-0.006281992221641386,,,,,,,,,,,,,,
1893-03-31,-0.032630066545674574,-0.03843428614640054,-0.032630066545674574,-0.032630066545674574,-0.032630066545674574,-0.029395662591832794,-0.029395662591832794,,,,,,,,,,,,,,
1893-04-30,0.0038182674199622735,-0.00038389982620878893,-0.002557898179485929,-0.002557898179485929,-0.002557898179485929,0.004062810755873558,0.0023393313985715647,,,,,,,,,,,,,,
1893-05-31,-0.08467984934086614,0.005650000174840297,0.0034594741272464535,0.0034594741272464535,0.0034594741272464535,-0.07113166821003891,-0.03274277112052415,,,,,,,,,,,,,,
1893-06-30,-0.04330234159779611,0.005650000174840297,0.003456069177602883,0.003456069177602883,0.003456069177602883,-0.036031209169638645,-0.01528959918125461,,,,,,,,,,,,,,
1893-07-31,-0.08883224873463502,0.005650000174840297,0.0034526642461589763,0.0034526642461589763,0.0034526642461589763,-0.07469585660624334,-0.03457532172278721,,,,,,,,,,,,,,
1893-08-31,-0.019005183413077886,0.005650000174840297,0.003449259332920507,0.003449259332920507,0.003449259332920507,-0.008299070100185824,-0.008441728643100888,,,,,,,,,,,,,,
1893-09-30,0.07613357843137236,0.005650000174840297,0.0034458544378932476,0.0034458544378932476,0.0034458544378932476,0.034633620242206176,0.034633620242206176,,,,,,,,,,,,,,
1893-10-31,0.03448321891685735,0.005650000174840297,0.00344244956108275,0.00344244956108275,0.00344244956108275,0.01686198293660479,0.01686198293660479,,,,,,,,,,,,,,
1893-11-30,0.020170370370370394,0.005650000174840297,0.0034390447024945647,0.0034390447024945647,0.0034390447024945647,0.01083709954333667,0.01083709954333667,,,,,,,,,,,,,,
1893-12-31,-0.030452224653537585,0.005650000174840297,0.0034356398621349094,0.0034356398621349094,0.0034356398621349094,-0.01065773096948297,-0.01065773096948297,,,,,,,,,,,,,,
1894-01-31,-0.015746409674980866,0.005650000174840297,0.003432235040008891,-0.021651931216930986,-0.021651931216930986,-0.004436878431605562,-0.004436878431605562,,,,,,,,,,,,,,
1894-02-28,0.018582175925925926,0.0025333333015442605,0.0047429489760904,-0.001285508717766115,-0.001285508717766115,0.010263781980714315,0.010263781980714315,,,,,,,,,,,,,,
1894-03-31,0.03424657534246567,0.0025333333015442605,0.004727838446956012,0.028041095890410928,0.028041095890410928,0.01692284976279068,0.01692284976279068,,,,,,,,,,,,,,
1894-04-30,0.017677383592018092,0.0025333333015442605,0.004712729940987925,0.017677383592018092,0.017677383592018092,0.0098519828000605,0.0098519828000605,,,,,,,,,,,,,,
1894-05-31,-0.03294493070751292,-0.03874726112326787,0.004697623461208389,-0.03294493070751292,-0.03294493070751292,-0.030090026167476913,-0.030090026167476913,,,,,,,,,,,,,,
1894-06-30,-0.009280303030303139,-0.009280303030303139,0.0046825190106427605,-0.009280303030303139,-0.009280303030303139,-0.007535959898251954,-0.007535959898251954,,,,,,,,,,,,,,
1894-07-31,-0.016384408602150402,-0.0034818666982650015,0.004667416592323059,-0.0013605879072309257,-0.0013605879072309257,-0.007137992318842157,-0.007137992318842157,,,,,,,,,,,,,,
1894-08-31,0.042025490196078374,0.0025333333015442605,0.004652316209285301,0.004652316209285301,0.004652316209285301,0.020187267521170726,0.020187267521170726,,,,,,,,,,,,,,
1894-09-30,0.02003023431594886,0.0025333333015442605,0.013910052910053095,0.0046372178645701645,0.0046372178645701645,0.010808568124035522,0.010808568124035522,,,,,,,,,,,,,,
1894-10-31,-0.027219122023809716,0.0025333333015442605,-0.027219122023809716,-0.033055807291666905,-0.033055807291666905,-0.009246635455967822,-0.009246635455967822,,,,,,,,,,,,,,
1894-11-30,0.004095622119815623,-0.0019289516129032958,0.004095622119815623,0.004095622119815623,0.004095622119815623,0.001254938236226577,0.001254938236226577,,,,,,,,,,,,,,
1894-12-31,-0.005184331797234987,-0.0034818666982650015,-0.0014356165196994786,-0.0014356165196994786,-0.0014356165196994786,-0.002423286301593053,-0.002423286301593053,,,,,,,,,,,,,,
1895-01-31,-0.007591085271317688,0.0025333333015442605,0.004576844929930379,-0.01354553875968978,-0.01354553875968978,-0.0009145852440446411,-0.0009145852440446411,,,,,,,,,,,,,,
1895-02-28,-0.010064705882352754,0.0023583332697549864,0.0019057103862152314,-0.004105723876102085,-0.004105723876102085,-0.003130844896857665,-0.003130844896857665,,,,,,,,,,,,,,
1895-03-31,0.004077167859983799,0.0023583332697549864,-0.0019472951471760647,-0.0019472951471760647,-0.0019472951471760647,0.0028830013770837493,0.0028830013770837493,,,,,,,,,,,,,,
1895-04-30,0.047002784407318865,0.0023583332697549864,-0.004085330560928302,-0.004085330560928302,-0.004085330560928302,0.02114552552120541,0.02114552552120541,,,,,,,,,,,,,,
1895-05-31,0.05876620900076279,0.0023583332697549864,0.0019364843966724887,0.0019364843966724887,0.0019364843966724887,0.026086143402152873,0.026086143402152873,,,,,,,,,,,,,,
1895-06-30,0.02313810556760676,0.016999276934201113,0.0019467415872620464,0.016999276934201113,0.016999276934201113,0.01748146742854284,0.01748146742854284,,,,,,,,,,,,,,
1895-07-31,0.007771276595744725,0.007771276595744725,0.0017246489361701922,0.007771276595744725,0.007771276595744725,0.006943642132813954,0.006943642132813954,,,,,,,,,,,,,,
1895-08-31,0.01830331920903938,0.01830331920903938,0.01830331920903938,0.01830331920903938,0.01830331920903938,0.015907393602374587,0.015907393602374587,,,,,,,,,,,,,,
1895-09-30,0.009655532359081676,0.009655532359081676,0.009655532359081676,0.009655532359081676,0.009655532359081676,0.008548842839335435,0.008548842839335435,,,,,,,,,,,,,,
1895-10-31,-0.011180843706777521,-0.011180843706777521,-0.011180843706777521,-0.011180843706777521,-0.011180843706777521,-0.009155451488144783,-0.009155451488144783,,,,,,,,,,,,,,
1895-11-30,-0.030321052631579026,-0.030321052631579026,-0.030321052631579026,-0.030321052631579026,-0.030321052631579026,-0.025429332153164563,-0.025429332153164563,,,,,,,,,,,,,,
1895-12-31,-0.055374001452432875,-0.055374001452432875,-0.055374001452432875,-0.055374001452432875,-0.055374001452432875,-0.04673860471957347,-0.04673860471957347,,,,,,,,,,,,,,
1896-01-31,-0.00792438271604945,-0.00792438271604945,-0.00792438271604945,-0.003993580606337588,-0.003993580606337588,-0.0064280091229113046,-0.0064280091229113046,,,,,,,,,,,,,,
1896-02-29,0.045829430132709126,-0.0011790998578071754,0.045829430132709126,0.004389296452506963,0.004389296452506963,0.0396742846730509,0.019667572011175194,,,,,,,,,,,,,,
1896-03-31,-0.012219101123595588,0.0048500001430511475,-0.012219101123595588,0.00437649490701042,0.00437649490701042,-0.009688597424210466,-0.00246300391078913,,,,,,,,,,,,,,
1896-04-30,0.0126845509893454,0.0048500001430511475,0.0126845509893454,0.0043636945405116645,0.0043636945405116645,0.005402673210499032,0.005377385294390358,,,,,,,,,,,,,,
1896-05-31,-0.0010218702865756324,0.0048500001430511475,-0.0010218702865756324,0.0043508953544788564,0.0043508953544788564,0.0021303907295742164,0.0021303907295742164,,,,,,,,,,,,,,
1896-06-30,-0.01467803030303061,0.0048500001430511475,-0.01467803030303061,-0.020589962121212446,-0.020589962121212446,-0.0036749934351223423,-0.0036749934351223423,,,,,,,,,,,,,,
1896-07-31,-0.061261574074073843,0.0048500001430511475,-0.0017006512734859536,-0.0017006512734859536,-0.0017006512734859536,-0.023497936343306325,-0.023497936343306325,,,,,,,,,,,,,,
1896-08-31,-0.05314975247524745,0.0048500001430511475,0.004312504893883906,-0.058830853960396,-0.058830853960396,-0.020125037330544715,-0.020125037330544715,,,,,,,,,,,,,,
1896-09-30,0.05648512685914242,0.0048500001430511475,0.004299710444433558,-0.0017260878182330242,-0.0017260878182330242,0.02647258090590543,0.02647258090590543,,,,,,,,,,,,,,
1896-10-31,0.026219866999168895,0.0048500001430511475,0.004286917182818151,0.004286917182818151,0.004286917182818151,0.013617533435356766,0.013617533435356766,,,,,,,,,,,,,,
1896-11-30,0.07196747967479689,0.0048500001430511475,0.004274125110517613,0.004274125110517613,0.004274125110517613,0.03309762573251862,0.03309762573251862,,,,,,,,,,,,,,
1896-12-31,-0.033105022831050546,0.0048500001430511475,0.004261334229014313,-0.03890639269406426,-0.03890639269406426,-0.011625821548378101,-0.011625821548378101,,,,,,,,,,,,,,
1897-01-31,0.0035545023696681444,-0.0024668246445498365,0.004248544539791288,0.0035545023696681444,0.0035545023696681444,0.0011334035330763381,0.0011334035330763381,,,,,,,,,,,,,,
1897-02-28,-0.005924170616113389,-0.005924170616113389,0.003183732659321592,-0.005924170616113389,-0.005924170616113389,-0.004599027838172343,-0.004599027838172343,,,,,,,,,,,,,,
1897-03-31,0.005980861244019309,0.005980861244019309,0.003180329202354004,0.005980861244019309,0.005980861244019309,0.005514400061650715,0.005514400061650715,,,,,,,,,,,,,,
1897-04-30,-0.027446300715990524,-0.027446300715990524,0.0031769257640505977,-0.027446300715990524,-0.027446300715990524,-0.02289413347978686,-0.02289413347978686,,,,,,,,,,,,,,
1897-05-31,0.008620689655172598,0.008620689655172598,0.0031735223444171456,0.008620689655172598,0.008620689655172598,0.007741129764570198,0.007741129764570198,,,,,,,,,,,,,,
1897-06-30,0.05024509803921551,-0.0031008333333333304,0.0031701189434596433,-0.00284890177020114,-0.00284890177020114,0.020525532705431004,0.020525532705431004,,,,,,,,,,,,,,
1897-07-31,0.04800936768149877,0.0029166666666666785,0.0031667155611836417,0.0031667155611836417,0.0031667155611836417,0.02211827903434127,0.02211827903434127,,,,,,,,,,,,,,
1897-08-31,0.06838565022421506,0.06197533632286967,0.003163312197595136,0.06197533632286967,0.06197533632286967,0.055916189876382694,0.055916189876382694,,,,,,,,,,,,,,
1897-09-30,0.05157894736842139,0.05157894736842139,0.04526947368421075,0.05157894736842139,0.05157894736842139,0.0442301973882151,0.0442301973882151,,,,,,,,,,,,,,
1897-10-31,-0.029116465863453844,-0.029116465863453844,-0.029116465863453844,-0.029116465863453844,-0.029116465863453844,-0.024346277482233503,-0.024346277482233503,,,,,,,,,,,,,,
1897-11-30,-0.032157676348547715,-0.032157676348547715,-0.032157676348547715,-0.032157676348547715,-0.032157676348547715,-0.026920965317187018,-0.026920965317187018,,,,,,,,,,,,,,
1897-12-31,0.024731182795698636,0.024731182795698636,0.024731182795698636,0.024731182795698636,0.024731182795698636,0.021430840172537824,0.021430840172537824,,,,,,,,,,,,,,
1898-01-31,0.030556140350877392,0.030556140350877392,0.030556140350877392,0.030556140350877392,0.030556140350877392,0.026393450302860666,0.026393450302860666,,,,,,,,,,,,,,
1898-02-28,0.0010809426229509977,0.0010809426229509977,0.0010809426229509977,0.0010809426229509977,0.0010809426229509977,0.0013769222871442555,0.0013769222871442555,,,,,,,,,,,,,,
1898-03-31,-0.04200889801505825,-0.04200889801505825,-0.04200889801505825,-0.04200889801505825,-0.04200889801505825,-0.03523036896798626,-0.03523036896798626,,,,,,,,,,,,,,
1898-04-30,-0.013858422939067805,-0.013858422939067805,-0.013858422939067805,-0.013858422939067805,-0.013858422939067805,-0.011336345541360315,-0.011336345541360315,,,,,,,,,,,,,,
1898-05-31,0.06907913931436882,-0.0028274833965300505,0.06907913931436882,-0.0015247315896322888,-0.0015247315896322888,0.05918204506517588,0.028577902133458455,,,,,,,,,,,,,,
1898-06-30,0.0422655715263518,0.00319166660308845,0.0422655715263518,0.0044866555983615886,0.0044866555983615886,0.03635516645094761,0.019702536302213636,,,,,,,,,,,,,,
1898-07-31,0.007109683794466859,0.0010670256917000298,0.007109683794466859,0.0010670256917000298,0.0010670256917000298,0.006492951536978042,0.004011896427597028,,,,,,,,,,,,,,
1898-08-31,0.040572506561679544,0.040572506561679544,0.040572506561679544,0.040572506561679544,0.040572506561679544,0.034962298584233054,0.034962298584233054,,,,,,,,,,,,,,
1898-09-30,0.0011859582542692593,0.0011859582542692593,0.0011859582542692593,0.0011859582542692593,0.0011859582542692593,0.0014591431848618441,0.0014591431848618441,,,,,,,,,,,,,,
1898-10-31,-0.01779626108998722,-0.01779626108998722,-0.01779626108998722,-0.01779626108998722,-0.01779626108998722,-0.014649581582831472,-0.014649581582831472,,,,,,,,,,,,,,
1898-11-30,0.03621844660194151,0.03621844660194151,0.03621844660194151,0.03621844660194151,0.03621844660194151,0.031247625718609395,0.031247625718609395,,,,,,,,,,,,,,
1898-12-31,0.06516290726817031,0.06516290726817031,0.06516290726817031,0.06516290726817031,0.06516290726817031,0.05584135292504899,0.05584135292504899,,,,,,,,,,,,,,
1899-01-31,0.07906784660766952,0.07906784660766952,0.07906784660766952,0.07906784660766952,0.07906784660766952,0.06763848093077907,0.06763848093077907,,,,,,,,,,,,,,
1899-02-28,0.04059347587719331,0.04059347587719331,0.04059347587719331,0.04059347587719331,0.04059347587719331,0.03496693498098513,0.03496693498098513,,,,,,,,,,,,,,
1899-03-31,0.016937400950871595,0.016937400950871595,0.016937400950871595,0.016937400950871595,0.016937400950871595,0.014887684333205087,0.014887684333205087,,,,,,,,,,,,,,
1899-04-30,0.01514713541666679,0.01514713541666679,0.01514713541666679,0.01514713541666679,0.01514713541666679,0.013383519090071516,0.013383519090071516,,,,,,,,,,,,,,
1899-05-31,-0.03904063786008238,-0.03904063786008238,-0.03904063786008238,-0.03904063786008238,-0.03904063786008238,-0.03267432768422873,-0.03267432768422873,,,,,,,,,,,,,,
1899-06-30,-0.019793344068706142,-0.019793344068706142,-0.019793344068706142,-0.019793344068706142,-0.019793344068706142,-0.016338654019224963,-0.016338654019224963,,,,,,,,,,,,,,
1899-07-31,0.03742174629324513,0.03742174629324513,0.03742174629324513,0.03742174629324513,0.03742174629324513,0.032308567430790136,0.032308567430790136,,,,,,,,,,,,,,
1899-08-31,0.02822054140127417,0.02822054140127417,0.02822054140127417,0.02822054140127417,0.02822054140127417,0.024480425034709485,0.024480425034709485,,,,,,,,,,,,,,
1899-09-30,-0.008184523809524058,-0.008184523809524058,-0.008184523809524058,-0.008184523809524058,-0.008184523809524058,-0.0064564661560060355,-0.0064564661560060355,,,,,,,,,,,,,,
1899-10-31,-0.001984563055991484,-0.001984563055991484,-0.001984563055991484,-0.001984563055991484,-0.001984563055991484,-0.0011770826140632407,-0.0011770826140632407,,,,,,,,,,,,,,
1899-11-30,0.021677181913774657,0.021677181913774657,0.021677181913774657,0.021677181913774657,0.021677181913774657,0.01894010698021642,0.01894010698021642,,,,,,,,,,,,,,
1899-12-31,-0.06540247678018551,-0.06540247678018551,-0.06540247678018551,-0.06540247678018551,-0.06540247678018551,-0.055086280234440954,-0.055086280234440954,,,,,,,,,,,,,,
1900-01-31,0.016299833887043036,0.016299833887043036,0.016299833887043036,0.016299833887043036,0.016299833887043036,0.01431705871169453,0.01431705871169453,,,,,,,,,,,,,,
1900-02-28,0.02110655737704925,-0.0023718999052048106,0.02110655737704925,-0.003038318874061252,-0.003038318874061252,0.01847821019020901,0.008481019151300506,,,,,,,,,,,,,,
1900-03-31,0.011171497584540946,0.0036500000953674228,-0.0030417007868599466,0.002976156150040321,0.002976156150040321,0.010030029421834952,0.006821147743157896,,,,,,,,,,,,,,
1900-04-30,0.015974440894568565,0.0036500000953674228,0.002972753842298559,0.002972753842298559,0.002972753842298559,0.014119997572191512,0.008876836680693279,,,,,,,,,,,,,,
1900-05-31,-0.044065457413249076,-0.049801064668769546,0.002969351553578914,-0.049801064668769546,-0.049801064668769546,-0.03691709252842157,-0.0393467725979747,,,,,,,,,,,,,,
1900-06-30,-0.026283112582781487,-0.026283112582781487,0.0029659492838876034,-0.026283112582781487,-0.026283112582781487,-0.021830220882237628,-0.021830220882237628,,,,,,,,,,,,,,
1900-07-31,0.0037329351535837496,-0.0023718999052048106,0.0029625470332306225,-0.0030552282489687554,-0.0030552282489687554,0.000834427589844644,0.000834427589844644,,,,,,,,,,,,,,
1900-08-31,0.017491467576791875,0.0036500000953674228,0.0029591448016135224,0.0029591448016135224,0.0029591448016135224,0.009237906019902153,0.009237906019902153,,,,,,,,,,,,,,
1900-09-30,-0.01967592592592593,0.0036500000953674228,0.0029557425890429645,0.0029557425890429645,0.0029557425890429645,-0.006579292272544834,-0.006579292272544834,,,,,,,,,,,,,,
1900-10-31,0.040301724137931094,0.0036500000953674228,0.0029523403955245,0.0029523403955245,0.0029523403955245,0.018896169985411992,0.018896169985411992,,,,,,,,,,,,,,
1900-11-30,0.08225873544093143,0.0036500000953674228,0.0029489382210636794,0.0029489382210636794,0.0029489382210636794,0.03670531100314833,0.03670531100314833,,,,,,,,,,,,,,
1900-12-31,0.06404320987654333,0.0036500000953674228,0.0029455360656671647,0.05765895061728399,0.05765895061728399,0.02890256369948041,0.02890256369948041,,,,,,,,,,,,,,
1901-01-31,0.032771712760795824,0.026575082484231016,0.026575082484231016,0.032771712760795824,0.032771712760795824,0.02584747142306676,0.02584747142306676,,,,,,,,,,,,,,
1901-02-28,0.029034653465346727,0.029034653465346727,0.029034653465346727,0.029034653465346727,0.029034653465346727,0.025157247176268882,0.025157247176268882,,,,,,,,,,,,,,
1901-03-31,0.039367816091953944,0.039367816091953944,0.039367816091953944,0.039367816091953944,0.039367816091953944,0.03394281371897856,0.03394281371897856,,,,,,,,,,,,,,
1901-04-30,0.08729138925876634,0.08729138925876634,0.08729138925876634,0.08729138925876634,0.08729138925876634,0.07466902845770429,0.07466902845770429,,,,,,,,,,,,,,
1901-05-31,-0.04721232596232594,-0.04721232596232594,-0.04721232596232594,-0.04721232596232594,-0.04721232596232594,-0.039687872306709115,-0.039687872306709115,,,,,,,,,,,,,,
1901-06-30,0.10295385942216462,0.10295385942216462,0.10295385942216462,0.10295385942216462,0.10295385942216462,0.08796697385005392,0.08796697385005392,,,,,,,,,,,,,,
1901-07-31,-0.06400294117647054,-0.06400294117647054,-0.06400294117647054,-0.06400294117647054,-0.06400294117647054,-0.05396876938837636,-0.05396876938837636,,,,,,,,,,,,,,
1901-08-31,0.017163724253888013,0.017163724253888013,0.017163724253888013,0.017163724253888013,0.017163724253888013,0.015033896970795713,0.015033896970795713,,,,,,,,,,,,,,
1901-09-30,-0.0017101990049750437,-0.0017101990049750437,-0.0017101990049750437,-0.0017101990049750437,-0.0017101990049750437,-0.0009640821892163975,-0.0009640821892163975,,,,,,,,,,,,,,
1901-10-31,-0.007951041666666714,-0.007951041666666714,-0.007951041666666714,-0.007951041666666714,-0.007951041666666714,-0.006262223232169184,-0.006262223232169184,,,,,,,,,,,,,,
1901-11-30,0.024845132743362974,0.024845132743362974,0.024845132743362974,0.024845132743362974,0.024845132743362974,0.021609488122098952,0.021609488122098952,,,,,,,,,,,,,,
1901-12-31,-0.012788778877887985,-0.012788778877887985,-0.012788778877887985,-0.003940101336263879,-0.003940101336263879,-0.010386403287432677,-0.010386403287432677,,,,,,,,,,,,,,
1902-01-31,0.0247463312368974,0.0247463312368974,0.0247463312368974,0.018597853249475937,0.018597853249475937,0.021521650516322932,0.021521650516322932,,,,,,,,,,,,,,
1902-02-28,0.011922208538587498,-0.0017340832543374374,0.011922208538587498,-0.004209970015934927,-0.004209970015934927,0.010761418817613722,0.004949277209172154,,,,,,,,,,,,,,
1902-03-31,0.0045024420024419864,-0.0015245726495726197,0.0045024420024419864,-0.0015245726495726197,-0.0015245726495726197,0.004465024772076109,0.0019205793677807836,,,,,,,,,,,,,,
1902-04-30,0.037431910569105664,0.037431910569105664,0.037431910569105664,0.037431910569105664,0.037431910569105664,0.032460708259476334,0.032460708259476334,,,,,,,,,,,,,,
1902-05-31,0.0008274371069183495,0.0008274371069183495,0.0008274371069183495,0.0008274371069183495,0.0008274371069183495,0.0013224832720171165,0.0013224832720171165,,,,,,,,,,,,,,
1902-06-30,-0.0027088258471239524,-0.0027088258471239524,-0.0027088258471239524,-0.0027088258471239524,-0.0027088258471239524,-0.00166139413868438,-0.00166139413868438,,,,,,,,,,,,,,
1902-07-31,0.025820451843043823,0.025820451843043823,0.025820451843043823,0.025820451843043823,0.025820451843043823,0.02258564861862089,0.02258564861862089,,,,,,,,,,,,,,
1902-08-31,0.02990988372093062,0.02990988372093062,-0.004157880839363082,0.02990988372093062,0.02990988372093062,0.02605062567051064,0.02605062567051064,,,,,,,,,,,,,,
1902-09-30,0.005355794639486655,0.005355794639486655,-0.0006763401283502724,0.005355794639486655,0.005355794639486655,0.005176976156221258,0.005176976156221258,,,,,,,,,,,,,,
1902-10-31,-0.028547080979284267,-0.028547080979284267,-0.028547080979284267,-0.028547080979284267,-0.028547080979284267,-0.02362205954051,-0.02362205954051,,,,,,,,,,,,,,
1902-11-30,-0.03530532866588909,-0.03530532866588909,-0.03530532866588909,-0.03530532866588909,-0.03530532866588909,-0.029390753193267338,-0.029390753193267338,,,,,,,,,,,,,,
1902-12-31,-0.019720873786407855,-0.019720873786407855,-0.019720873786407855,-0.019720873786407855,-0.019720873786407855,-0.016149697815763475,-0.016149697815763475,,,,,,,,,,,,,,
1903-01-31,0.05436542443064196,-0.0017340832543374374,0.05436542443064196,-0.0041144803219244075,-0.0041144803219244075,0.04683481543770052,0.022976950582902944,,,,,,,,,,,,,,
1903-02-28,-0.0026270685579194986,0.0030916666984557306,-0.0026270685579194986,0.0020463053528760877,0.0020463053528760877,-0.0018057854618815927,0.0005895670007041165,,,,,,,,,,,,,,
1903-03-31,-0.035919540229885194,0.0030916666984557306,-0.035919540229885194,-0.04170402298850584,-0.04170402298850584,-0.030072110002041685,-0.01349636277681776,,,,,,,,,,,,,,
1903-04-30,-0.03736901815181526,0.0030916666984557306,-0.03736901815181526,-0.00395161734912608,-0.00395161734912608,-0.01705518240173709,-0.017112321460806657,,,,,,,,,,,,,,
1903-05-31,-0.015717204301075482,0.0030916666984557306,-0.003944440007853767,0.002067967798939918,0.002067967798939918,-0.015471294641141276,-0.007482354958866844,,,,,,,,,,,,,,
1903-06-30,-0.051535087719297934,0.0030916666984557306,0.002075188314237586,0.002075188314237586,0.002075188314237586,-0.02305428763891426,-0.023081432288602044,,,,,,,,,,,,,,
1903-07-31,-0.0419951253481895,0.0030916666984557306,0.002082408679662473,0.002082408679662473,0.002082408679662473,-0.016578476702663658,-0.016578476702663658,,,,,,,,,,,,,,
1903-08-31,-0.027940389294403678,0.0030916666984557306,0.002089628895307838,0.002089628895307838,0.002089628895307838,-0.010588232958139154,-0.010588232958139154,,,,,,,,,,,,,,
1903-09-30,-0.019796380090498,0.0030916666984557306,0.0020968489612667174,0.0020968489612667174,0.0020968489612667174,-0.007103121020043068,-0.007103121020043068,,,,,,,,,,,,,,
1903-10-31,-0.02799201442555399,0.0030916666984557306,0.0021040688776328142,0.0021040688776328142,0.0021040688776328142,-0.010570994476453044,-0.010570994476453044,,,,,,,,,,,,,,
1903-11-30,0.007831469648562184,0.0030916666984557306,0.002111288644499165,0.002111288644499165,0.002111288644499165,0.004644231180808811,0.004644231180808811,,,,,,,,,,,,,,
1903-12-31,0.050822717622081015,0.0030916666984557306,0.002118508261958585,0.002118508261958585,0.002118508261958585,0.022955613049988388,0.022955613049988388,,,,,,,,,,,,,,
1904-01-31,0.021140284119735897,0.0030916666984557306,0.002125727730104332,0.002125727730104332,0.002125727730104332,0.010281640572387785,0.010281640572387785,,,,,,,,,,,,,,
1904-02-29,-0.02266342315369252,0.0014833333094914636,0.002272980335519703,-0.02852744261477036,-0.02852744261477036,-0.008470437051879331,-0.008470437051879331,,,,,,,,,,,,,,
1904-03-31,0.0012820512820514995,0.0014833333094914636,0.0022787117439262428,0.0012820512820514995,0.0012820512820514995,0.0016991910678947342,0.0016991910678947342,,,,,,,,,,,,,,
1904-04-30,0.029021347736625236,0.0014833333094914636,0.002284443076008058,0.029021347736625236,0.029021347736625236,0.013526060433146414,0.013526060433146414,,,,,,,,,,,,,,
1904-05-31,-0.01690135542168647,0.0014833333094914636,0.0022901743318028966,-0.01690135542168647,-0.01690135542168647,-0.006026000653569841,-0.006026000653569841,,,,,,,,,,,,,,
1904-06-30,0.005769230769230527,-0.0002653846153848338,0.002295905511348506,0.005769230769230527,0.005769230769230527,0.002535131838605098,0.002535131838605098,,,,,,,,,,,,,,
1904-07-31,0.04565668202764983,-0.004525566690365523,0.0023016366146833,0.04565668202764983,0.04565668202764983,0.01799891401453313,0.01799891401453313,,,,,,,,,,,,,,
1904-08-31,0.03789700098328397,0.031669618977384184,0.002307367641844804,0.03789700098328397,0.03789700098328397,0.029849455739464847,0.029849455739464847,,,,,,,,,,,,,,
1904-09-30,0.04802662862577267,0.04802662862577267,0.04173846885401811,0.04802662862577267,0.04802662862577267,0.04101704555846064,0.04101704555846064,,,,,,,,,,,,,,
1904-10-31,0.06234858834244106,0.06234858834244106,0.06234858834244106,0.06234858834244106,0.06234858834244106,0.05318277810525984,0.05318277810525984,,,,,,,,,,,,,,
1904-11-30,0.057562365591397935,0.057562365591397935,0.057562365591397935,0.057562365591397935,0.057562365591397935,0.04910412868467229,0.04910412868467229,,,,,,,,,,,,,,
1904-12-31,0.012953896368828932,0.012953896368828932,0.012953896368828932,0.012953896368828932,0.012953896368828932,0.01119196190962235,0.01119196190962235,,,,,,,,,,,,,,
1905-01-31,0.02496666666666658,0.02496666666666658,0.02496666666666658,0.02496666666666658,0.02496666666666658,0.02143530307762065,0.02143530307762065,,,,,,,,,,,,,,
1905-02-28,0.04698793989719263,0.04698793989719263,0.04698793989719263,0.04698793989719263,0.04698793989719263,0.040476449115753876,0.040476449115753876,,,,,,,,,,,,,,
1905-03-31,0.03139204545454577,0.03139204545454577,0.03139204545454577,0.03139204545454577,0.03139204545454577,0.02720554527744623,0.02720554527744623,,,,,,,,,,,,,,
1905-04-30,-0.009238489871086775,-0.009238489871086775,-0.009238489871086775,-0.009238489871086775,-0.009238489871086775,-0.00731818857374722,-0.00731818857374722,,,,,,,,,,,,,,
1905-05-31,-0.0462499999999999,-0.0462499999999999,-0.0462499999999999,-0.0462499999999999,-0.0462499999999999,-0.038767084261313145,-0.038767084261313145,,,,,,,,,,,,,,
1905-06-30,0.014901960784313495,0.014901960784313495,0.014901960784313495,0.014901960784313495,0.014901960784313495,0.013181388624254886,0.013181388624254886,,,,,,,,,,,,,,
1905-07-31,0.034512596899225034,0.034512596899225034,0.034512596899225034,-0.002787328623431784,-0.002787328623431784,0.029881996890194884,0.029881996890194884,,,,,,,,,,,,,,
1905-08-31,0.04024145058248796,0.04024145058248796,0.04024145058248796,0.03400000187899299,0.03400000187899299,0.034736549914346604,0.034736549914346604,,,,,,,,,,,,,,
1905-09-30,0.006204710144927628,0.006204710144927628,0.006204710144927628,0.006204710144927628,0.006204710144927628,0.005801831002371749,0.005801831002371749,,,,,,,,,,,,,,
1905-10-31,0.017034127843986724,0.017034127843986724,0.017034127843986724,0.017034127843986724,0.017034127843986724,0.015032075035791737,0.015032075035791737,,,,,,,,,,,,,,
1905-11-30,-0.0024189814814814525,-0.0024189814814814525,-0.0024189814814814525,-0.0024189814814814525,-0.0024189814814814525,-0.0015111686895692422,-0.0015111686895692422,,,,,,,,,,,,,,
1905-12-31,0.02765843179376981,0.02765843179376981,0.02765843179376981,0.02765843179376981,0.02765843179376981,0.024059866157020826,0.024059866157020826,,,,,,,,,,,,,,
1906-01-31,0.03752445842068486,0.03752445842068486,0.03752445842068486,0.03752445842068486,0.03752445842068486,0.03243231137379521,0.03243231137379521,,,,,,,,,,,,,,
1906-02-28,-0.0042071935157040885,-0.0042071935157040885,-0.0042071935157040885,-0.0042071935157040885,-0.0042071935157040885,-0.002783607771056351,-0.002783607771056351,,,,,,,,,,,,,,
1906-03-31,-0.021534863945578242,-0.021534863945578242,-0.021534863945578242,-0.021534863945578242,-0.021534863945578242,-0.017494412999861098,-0.017494412999861098,,,,,,,,,,,,,,
1906-04-30,-0.010518654114365145,-0.010518654114365145,-0.010518654114365145,-0.010518654114365145,-0.010518654114365145,-0.008144196163724304,-0.008144196163724304,,,,,,,,,,,,,,
1906-05-31,-0.023336868151290546,-0.023336868151290546,-0.023336868151290546,-0.023336868151290546,-0.023336868151290546,-0.019030919764240206,-0.019030919764240206,,,,,,,,,,,,,,
1906-06-30,0.016385257806826647,0.016385257806826647,0.016385257806826647,-0.0047538581074569874,-0.0047538581074569874,0.01472218921638424,0.01472218921638424,,,,,,,,,,,,,,
1906-07-31,-0.02248387096774207,-0.0005827000315983266,-0.02248387096774207,0.0012718998847194296,0.0012718998847194296,-0.01073486020211556,-0.01073486020211556,,,,,,,,,,,,,,
1906-08-31,0.07741629874908029,0.005449999968210939,0.07741629874908029,0.0012901338537958384,0.0012901338537958384,0.06386229127293563,0.03336856184299308,,,,,,,,,,,,,,
1906-09-30,0.034108427543679376,0.005449999968210939,0.034108427543679376,0.001308365786070631,0.001308365786070631,0.02975650924343487,0.017526185743788947,,,,,,,,,,,,,,
1906-10-31,-0.026684114323695884,-0.032524009637753704,-0.026684114323695884,-0.032524009637753704,-0.032524009637753704,-0.021884820792472226,-0.024317854364253266,,,,,,,,,,,,,,
1906-11-30,0.02393114080164449,0.02393114080164449,0.02393114080164449,0.02393114080164449,0.02393114080164449,0.021133305822324422,0.021133305822324422,,,,,,,,,,,,,,
1906-12-31,-0.0057066129573682955,-0.0057066129573682955,-0.0057066129573682955,-0.0057066129573682955,-0.0057066129573682955,-0.004046910303645124,-0.004046910303645124,,,,,,,,,,,,,,
1907-01-31,-0.02503980352303492,-0.02503980352303492,-0.02503980352303492,-0.02503980352303492,-0.02503980352303492,-0.020474726985959202,-0.020474726985959202,,,,,,,,,,,,,,
1907-02-28,-0.02783559972106009,-0.02783559972106009,-0.02783559972106009,-0.02783559972106009,-0.02783559972106009,-0.022807279245339096,-0.022807279245339096,,,,,,,,,,,,,,
1907-03-31,-0.09458243340532768,-0.0001933831437429534,-0.004319424349270573,-0.09458243340532768,-0.09458243340532768,-0.07954308573074753,-0.03926924480866145,,,,,,,,,,,,,,
1907-04-30,0.008915169660678846,0.005841666857401506,0.0017056865901678986,-0.004304547529373148,-0.004304547529373148,0.002826369144685259,0.002672666441782434,,,,,,,,,,,,,,
1907-05-31,-0.030426102502980057,0.005841666857401506,0.0017206520441979123,0.0017206520441979123,0.0017206520441979123,-0.027463505650401454,-0.012097325826595728,,,,,,,,,,,,,,
1907-06-30,-0.02777777777777768,0.005841666857401506,0.0017356163340904729,0.0017356163340904729,0.0017356163340904729,-0.012715679830065163,-0.012768824183171823,,,,,,,,,,,,,,
1907-07-31,0.04276466836734705,0.005841666857401506,0.001750579461291757,0.001750579461291757,0.001750579461291757,0.034534298375943795,0.018897641512771512,,,,,,,,,,,,,,
1907-08-31,-0.07057022932022938,0.005841666857401506,0.0017655414272452763,0.0017655414272452763,0.0017655414272452763,-0.030869869556618745,-0.030843409682977052,,,,,,,,,,,,,,
1907-09-30,-0.005865427180168248,0.005841666857401506,0.0017805022333936549,0.0017805022333936549,0.0017805022333936549,-0.006759192357765786,-0.001765203165572382,,,,,,,,,,,,,,
1907-10-31,-0.10387807606263988,0.005841666857401506,0.0017954618811766299,0.0017954618811766299,0.0017954618811766299,-0.08742832134781797,-0.04080567499258059,,,,,,,,,,,,,,
1907-11-30,-0.05325426706827319,0.005841666857401506,0.0018104203720323842,0.0018104203720323842,0.0018104203720323842,-0.04447777033923961,-0.019438590099141728,,,,,,,,,,,,,,
1907-12-31,0.0570666666666666,0.005841666857401506,0.0018253777073977684,0.0018253777073977684,0.0018253777073977684,0.023289310196924262,0.023198669072235,,,,,,,,,,,,,,
1908-01-31,0.04815702688990342,0.005841666857401506,0.0018403338887063025,0.0018403338887063025,0.0018403338887063025,0.022045959848008945,0.022045959848008945,,,,,,,,,,,,,,
1908-02-29,-0.031225060827250517,0.0015999999642373197,0.003979250249778854,0.003979250249778854,0.003979250249778854,-0.011403677502566767,-0.011403677502566767,,,,,,,,,,,,,,
1908-03-31,0.04633838383838418,0.0015999999642373197,0.003971934330244897,0.003971934330244897,0.003971934330244897,0.02156948637522893,0.02156948637522893,,,,,,,,,,,,,,
1908-04-30,0.05903323629306145,0.0015999999642373197,0.00396461860274111,0.00396461860274111,0.00396461860274111,0.026950728591873974,0.026950728591873974,,,,,,,,,,,,,,
1908-05-31,0.058739640883977984,0.0015999999642373197,0.003957303067398499,0.05238720303867406,0.05238720303867406,0.026804562513831787,0.026804562513831787,,,,,,,,,,,,,,
1908-06-30,0.005897771952818154,-0.00013761467889872314,0.003949987724348292,0.005897771952818154,0.005897771952818154,0.0027469476821384564,0.0027469476821384564,,,,,,,,,,,,,,
1908-07-31,0.041194371727748536,0.041194371727748536,0.003942672573721939,0.041194371727748536,0.041194371727748536,0.035251830042309695,0.035251830042309695,,,,,,,,,,,,,,
1908-08-31,0.04727798821548834,0.04727798821548834,0.003935357615651114,0.04727798821548834,0.04727798821548834,0.040395848987132776,0.040395848987132776,,,,,,,,,,,,,,
1908-09-30,-0.006759483454398474,-0.006759483454398474,0.00392804285026771,-0.006759483454398474,-0.006759483454398474,-0.005538961939724474,-0.005538961939724474,,,,,,,,,,,,,,
1908-10-31,0.01638820889432857,0.01638820889432857,0.010289879640962507,0.01638820889432857,0.01638820889432857,0.0141634560282633,0.0141634560282633,,,,,,,,,,,,,,
1908-11-30,0.07177851672712632,0.07177851672712632,0.07177851672712632,0.07177851672712632,0.07177851672712632,0.061239901039815026,0.061239901039815026,,,,,,,,,,,,,,
1908-12-31,0.026425066062665037,0.026425066062665037,0.026425066062665037,0.026425066062665037,0.026425066062665037,0.02264956977051713,0.02264956977051713,,,,,,,,,,,,,,
1909-01-31,0.007044112218531184,0.007044112218531184,0.007044112218531184,0.007044112218531184,0.007044112218531184,0.006208810117242836,0.006208810117242836,,,,,,,,,,,,,,
1909-02-28,-0.02495676968359095,-0.02495676968359095,-0.02495676968359095,-0.02495676968359095,-0.02495676968359095,-0.020878556797782832,-0.020878556797782832,,,,,,,,,,,,,,
1909-03-31,0.017518939393939004,0.017518939393939004,0.017518939393939004,0.017518939393939004,0.017518939393939004,0.015208261233872422,0.015208261233872422,,,,,,,,,,,,,,
1909-04-30,0.048704222720478585,0.048704222720478585,0.048704222720478585,0.048704222720478585,0.048704222720478585,0.04172536013777517,0.04172536013777517,,,,,,,,,,,,,,
1909-05-31,0.036987660944206135,0.036987660944206135,0.036987660944206135,0.036987660944206135,0.036987660944206135,0.031743070381691885,0.031743070381691885,,,,,,,,,,,,,,
1909-06-30,0.021287642782969796,0.021287642782969796,0.021287642782969796,0.021287642782969796,0.021287642782969796,0.018407022064255374,0.018407022064255374,,,,,,,,,,,,,,
1909-07-31,0.01788520408163219,0.01788520408163219,0.01788520408163219,0.01788520408163219,0.01788520408163219,0.015526657391561782,0.015526657391561782,,,,,,,,,,,,,,
1909-08-31,0.027722166331321407,0.027722166331321407,0.027722166331321407,0.027722166331321407,0.027722166331321407,0.02389053840293065,0.02389053840293065,,,,,,,,,,,,,,
1909-09-30,0.0045022920759658636,0.0045022920759658636,0.0045022920759658636,0.0045022920759658636,0.0045022920759658636,0.004146593933158416,0.004146593933158416,,,,,,,,,,,,,,
1909-10-31,0.007468923781485337,0.007468923781485337,0.007468923781485337,0.007468923781485337,0.007468923781485337,0.006685614279860808,0.006685614279860808,,,,,,,,,,,,,,
1909-11-30,-0.0013302378624959754,-0.0013302378624959754,-0.0013302378624959754,-0.0013302378624959754,-0.0013302378624959754,-0.0007959086648682279,-0.0007959086648682279,,,,,,,,,,,,,,
1909-12-31,0.015389652914211238,0.015389652914211238,0.015389652914211238,0.015389652914211238,0.015389652914211238,0.0134171706785986,0.0134171706785986,,,,,,,,,,,,,,
1910-01-31,-0.017779126213592455,-0.017779126213592455,-0.017779126213592455,-0.017779126213592455,-0.017779126213592455,-0.014783273270377428,-0.014783273270377428,,,,,,,,,,,,,,
1910-02-28,-0.032035383597883715,-0.032035383597883715,-0.032035383597883715,-0.032035383597883715,-0.032035383597883715,-0.026872716702285637,-0.026872716702285637,,,,,,,,,,,,,,
1910-03-31,0.028527949245541917,0.028527949245541917,0.028527949245541917,0.028527949245541917,0.028527949245541917,0.02459345313282335,0.02459345313282335,,,,,,,,,,,,,,
1910-04-30,-0.02033132530120496,-0.0035315666508674015,-0.02033132530120496,-0.0032271682254306766,-0.0032271682254306766,-0.009633992977166828,-0.009633992977166828,,,,,,,,,,,,,,
1910-05-31,-0.01258144718792853,0.002483333349228012,-0.01258144718792853,-0.018505958504800968,-0.018505958504800968,-0.003820822871938412,-0.003820822871938412,,,,,,,,,,,,,,
1910-06-30,-0.044150976290097455,0.002483333349228012,-0.044150976290097455,-0.003217245623360787,-0.003217245623360787,-0.0396327573283779,-0.019858595347261643,,,,,,,,,,,,,,
1910-07-31,-0.046359890109889945,0.002483333349228012,-0.046359890109889945,0.002804542861528203,0.002804542861528203,-0.02064226934559521,-0.020710591076743223,,,,,,,,,,,,,,
1910-08-31,0.028742283950617065,0.002483333349228012,-0.003207323216769753,0.0028095339871532232,0.0028095339871532232,0.01370771855649866,0.01370771855649866,,,,,,,,,,,,,,
1910-09-30,0.01113465160075311,0.002483333349228012,0.0028145250636559815,0.0028145250636559815,0.0028145250636559815,0.006263032933381929,0.006263032933381929,,,,,,,,,,,,,,
1910-10-31,0.05036475869809176,0.002483333349228012,0.0028195160910582384,0.0028195160910582384,0.0028195160910582384,0.022963286472230893,0.022963286472230893,,,,,,,,,,,,,,
1910-11-30,0.0031071173104435523,0.002483333349228012,0.002824507069381088,0.002824507069381088,0.002824507069381088,0.002824969649438458,0.002824969649438458,,,,,,,,,,,,,,
1910-12-31,-0.023720014321518046,0.002483333349228012,0.002829497998645625,-0.02957769423558898,-0.02957769423558898,-0.00850650811770337,-0.00850650811770337,,,,,,,,,,,,,,
1911-01-31,0.028637200736647994,0.022465377532228104,0.002834488878873609,0.028637200736647994,0.028637200736647994,0.022061003949477076,0.022061003949477076,,,,,,,,,,,,,,
1911-02-28,0.0214850773103199,-0.0038711833886305724,0.0031121262053728227,0.0214850773103199,0.0214850773103199,0.008177849532863712,0.008177849532863712,,,,,,,,,,,,,,
1911-03-31,-0.00751148815835978,-0.01346641922940961,0.003114233363561203,-0.00751148815835978,-0.00751148815835978,-0.008578838021263469,-0.008578838021263469,,,,,,,,,,,,,,
1911-04-30,-8.941344778234939e-05,-8.941344778234939e-05,0.0031163405178931125,-8.941344778234939e-05,-8.941344778234939e-05,0.00023781702533565152,0.00023781702533565152,,,,,,,,,,,,,,
1911-05-31,0.02577227011494254,0.02577227011494254,0.0031184476683683293,0.02577227011494254,0.02577227011494254,0.0222259353032197,0.0222259353032197,,,,,,,,,,,,,,
1911-06-30,0.024173699015471062,0.024173699015471062,0.0031205548149881857,0.024173699015471062,0.024173699015471062,0.020850840772335566,0.020850840772335566,,,,,,,,,,,,,,
1911-07-31,-8.617718028258725e-05,-8.617718028258725e-05,-0.006085660117200908,-8.617718028258725e-05,-8.617718028258725e-05,0.00023148533377725933,0.00023148533377725933,,,,,,,,,,,,,,
1911-08-31,-0.043700242298373104,-0.043700242298373104,-0.043700242298373104,-0.043700242298373104,-0.043700242298373104,-0.03682559709637512,-0.03682559709637512,,,,,,,,,,,,,,
1911-09-30,-0.05025445292620867,-0.05025445292620867,-0.05025445292620867,-0.05025445292620867,-0.05025445292620867,-0.04242990121398804,-0.04242990121398804,,,,,,,,,,,,,,
1911-10-31,0.01028450595924646,-0.0038711833886305724,0.01028450595924646,-0.0028897905372506916,-0.0028897905372506916,0.003456626897047288,0.003456626897047288,,,,,,,,,,,,,,
1911-11-30,0.04462920489296618,0.002141666611035653,-0.0028876960526617035,0.003131090490279931,0.003131090490279931,0.02060834838024106,0.02060834838024106,,,,,,,,,,,,,,
1911-12-31,0.008728408673281729,0.002141666611035653,0.003133197613782057,0.003133197613782057,0.003133197613782057,0.0053021228345082605,0.0053021228345082605,,,,,,,,,,,,,,
1912-01-31,0.005404317599707165,0.002141666611035653,0.003135304733433708,-0.0006281083058911063,-0.0006281083058911063,0.003942018297966365,0.003942018297966365,,,,,,,,,,,,,,
1912-02-29,-0.00446180555555542,0.0029333333174388354,-0.01043503472222207,-0.00446180555555542,-0.00446180555555542,-0.0013109113854117282,-0.0013109113854117282,,,,,,,,,,,,,,
1912-03-31,0.03311670353982343,0.0029333333174388354,0.03311670353982343,0.03311670353982343,0.03311670353982343,0.014670622433120561,0.014670622433120561,,,,,,,,,,,,,,
1912-04-30,0.03542383512544789,0.0029333333174388354,-0.005580545915699564,0.03542383512544789,0.03542383512544789,0.015627411173987582,0.015627411173987582,,,,,,,,,,,,,,
1912-05-31,0.0030778588807787166,-0.0029406082725059735,-0.0029406082725059735,0.0030778588807787166,0.0030778588807787166,0.0005367974314447466,0.0005367974314447466,,,,,,,,,,,,,,
1912-06-30,0.004131871955463051,0.004131871955463051,0.004131871955463051,0.004131871955463051,0.004131871955463051,0.003951980498951402,0.003951980498951402,,,,,,,,,,,,,,
1912-07-31,0.005182672233820407,0.005182672233820407,0.005182672233820407,0.005182672233820407,0.005182672233820407,0.004844353698588044,0.004844353698588044,,,,,,,,,,,,,,
1912-08-31,0.02708289885297166,0.02708289885297166,0.02708289885297166,0.02708289885297166,0.02708289885297166,0.023458711400839993,0.023458711400839993,,,,,,,,,,,,,,
1912-09-30,0.009153075093442098,0.009153075093442098,0.009153075093442098,0.009153075093442098,0.009153075093442098,0.008201914511967612,0.008201914511967612,,,,,,,,,,,,,,
1912-10-31,0.0020140297498310034,0.0020140297498310034,0.0020140297498310034,0.0020140297498310034,0.0020140297498310034,0.0021471958201715324,0.0021471958201715324,,,,,,,,,,,,,,
1912-11-30,-0.007120596205961949,-0.007120596205961949,-0.007120596205961949,-0.007120596205961949,-0.007120596205961949,-0.005613204595935728,-0.005613204595935728,,,,,,,,,,,,,,
1912-12-31,-0.031860226104830414,-0.031860226104830414,-0.031860226104830414,-0.031860226104830414,-0.031860226104830414,-0.02664872079769731,-0.02664872079769731,,,,,,,,,,,,,,
1913-01-31,-0.004264392324093813,-0.004264392324093813,-0.004264392324093813,-0.004264392324093813,-0.004264392324093813,-0.0032119919815749576,-0.0032119919815749576,,,,,,,,,,,,,,
1913-02-28,-0.03118279569892457,-0.003332766642967888,-0.03118279569892457,-0.00038857842469441906,-0.00038857842469441906,-0.02610825600419342,-0.014224452405296906,,,,,,,,,,,,,,
1913-03-31,-0.014492753623188581,0.0026833333571751883,-0.014492753623188581,0.005627319732204317,0.005627319732204317,-0.01194262555475778,-0.00466651621936065,,,,,,,,,,,,,,
1913-04-30,0.003409090909090917,0.0026833333571751883,0.003409090909090917,0.005609349506740857,0.005609349506740857,0.0032868852172258656,0.0029664033801806156,,,,,,,,,,,,,,
1913-05-31,-0.022753128555176194,0.0026833333571751883,-0.0004421656309953059,0.005591382664994704,0.005591382664994704,-0.009424218897441272,-0.009423669332651596,,,,,,,,,,,,,,
1913-06-30,-0.04561403508771955,0.0026833333571751883,0.005573419213046105,0.005573419213046105,0.005573419213046105,-0.01665481352969167,-0.01665481352969167,,,,,,,,,,,,,,
1913-07-31,0.01847290640394106,0.0026833333571751883,0.005555459156987075,0.005555459156987075,0.005555459156987075,0.010538559642383705,0.010538559642383705,,,,,,,,,,,,,,
1913-08-31,0.03159173754556499,0.0026833333571751883,0.005537502502921399,0.005537502502921399,0.005537502502921399,0.016162277827463045,0.016162277827463045,,,,,,,,,,,,,,
1913-09-30,0.014201183431952202,0.0026833333571751883,0.005519549256964629,0.005519549256964629,0.005519549256964629,0.0087448037442035,0.0087448037442035,,,,,,,,,,,,,,
1913-10-31,-0.026963657678780728,0.0026833333571751883,0.005501599425244974,-0.0328018757327081,-0.0328018757327081,-0.025001126073892155,-0.012446739057366929,,,,,,,,,,,,,,
1913-11-30,-0.020581113801452666,0.0026833333571751883,0.005483653013901302,-0.020581113801452666,-0.020581113801452666,-0.017114252552517417,-0.007247645682519455,,,,,,,,,,,,,,
1913-12-31,0.003726708074534013,0.0026833333571751883,0.00546571002908558,-0.0005670842310889768,-0.0005670842310889768,0.003552030449072374,0.003092301159408173,,,,,,,,,,,,,,
1914-01-31,0.045968076285240134,0.0026833333571751883,0.0054477704769611,0.0054477704769611,0.0054477704769611,0.019646673536716897,0.01964748657857407,,,,,,,,,,,,,,
1914-02-28,0.017821585025886266,0.0028583333889642404,0.002925878290225281,0.002925878290225281,0.002925878290225281,0.013029952237468834,0.0066268209731463745,,,,,,,,,,,,,,
1914-03-31,-0.014298349056603654,-0.020212558962264038,0.0029316012375706357,-0.020212558962264038,-0.020212558962264038,-0.011735985848510322,-0.014223463743392228,,,,,,,,,,,,,,
1914-04-30,-0.019431089743589758,-0.019431089743589758,0.0029373241127950145,-0.019431089743589758,-0.019431089743589758,-0.016100743194892964,-0.016100743194892964,,,,,,,,,,,,,,
1914-05-31,0.010827175697865288,0.010827175697865288,0.0029430469159343886,0.010827175697865288,0.010827175697865288,0.0096143522180141,0.0096143522180141,,,,,,,,,,,,,,
1914-06-30,-0.00030599755201932144,-0.0031588166113695193,0.0029487696470247293,-0.0030689229708574794,-0.0030689229708574794,-0.0010080766458012702,-0.0010080766458012702,,,,,,,,,,,,,,
1914-07-31,-0.050789257892579154,0.0028583333889642404,0.0029544923061011197,-0.05648452234522372,-0.05648452234522372,-0.019905661596051782,-0.019905661596051782,,,,,,,,,,,,,,
1914-08-31,0.00477430555555558,0.0028583333889642404,-0.0012543402777777102,0.00477430555555558,0.00477430555555558,0.001844743197858545,0.0010535729981819841,,,,,,,,,,,,,,
1914-09-30,0.004720052083333259,0.0028583333889642404,-0.0030518582160937724,-0.0030518582160937724,-0.0030518582160937724,0.0011344079750734704,0.0011358725386798607,,,,,,,,,,,,,,
1914-10-31,0.004665798611110938,0.0028583333889642404,0.002971659851606079,0.002971659851606079,0.002971659851606079,0.003672056779518984,0.003672056779518984,,,,,,,,,,,,,,
1914-11-30,0.0046115451388888395,0.0028583333889642404,0.0029773822229850477,0.0029773822229850477,0.0029773822229850477,0.001789268418948442,0.0010435249386220313,,,,,,,,,,,,,,
1914-12-31,-0.03841145833333326,0.0028583333889642404,0.00298310452252859,0.00298310452252859,0.00298310452252859,-0.03222228194699939,-0.014683851904806922,,,,,,,,,,,,,,
1915-01-31,0.022458049886621367,0.0028583333889642404,0.002988826750272233,0.002988826750272233,0.002988826750272233,0.008665001213947754,0.008602897237757423,,,,,,,,,,,,,,
1915-02-28,-0.008670900178252894,0.0015999999642373197,0.004814282437422213,0.004814282437422213,0.004814282437422213,-0.001427301687166982,-0.001427301687166982,,,,,,,,,,,,,,
1915-03-31,0.03051603432701011,0.0015999999642373197,0.004802029369260996,0.024332938121047976,0.024332938121047976,0.015231324717102757,0.015231324717102757,,,,,,,,,,,,,,
1915-04-30,0.079957067371202,0.0015999999642373197,0.004789777264753825,-0.0012389613988347259,-0.0012389613988347259,0.036217675544500505,0.036217675544500505,,,,,,,,,,,,,,
1915-05-31,-0.018998771498771605,0.0015999999642373197,0.004777526125035125,-0.024884778869779023,-0.024884778869779023,-0.005910940333726189,-0.005910940333726189,,,,,,,,,,,,,,
1915-06-30,0.015775681341718917,0.009681027253668706,0.009681027253668706,0.015775681341718917,0.015775681341718917,0.01103021839279883,0.01103021839279883,,,,,,,,,,,,,,
1915-07-31,0.0006820066334989328,0.0006820066334989328,-0.0012754914159531783,0.0006820066334989328,0.0006820066334989328,0.000808998492923596,0.000808998492923596,,,,,,,,,,,,,,
1915-08-31,0.04688618393674582,0.04688618393674582,0.040604866833125364,0.04688618393674582,0.04688618393674582,0.040092526518124894,0.040092526518124894,,,,,,,,,,,,,,
1915-09-30,0.041392215568862634,0.041392215568862634,0.041392215568862634,0.041392215568862634,0.041392215568862634,0.03538889484382879,0.03538889484382879,,,,,,,,,,,,,,
1915-10-31,0.05954869130100082,0.05954869130100082,0.05954869130100082,0.05954869130100082,0.05954869130100082,0.050825492831219954,0.050825492831219954,,,,,,,,,,,,,,
1915-11-30,0.03892414296134228,0.03892414296134228,0.03892414296134228,0.03892414296134228,0.03892414296134228,0.033281930308698415,0.033281930308698415,,,,,,,,,,,,,,
1915-12-31,0.005902043692741055,0.005902043692741055,0.005902043692741055,0.005902043692741055,0.005902043692741055,0.005228959763943886,0.005228959763943886,,,,,,,,,,,,,,
1916-01-31,-0.011947960618846953,-0.011947960618846953,-0.011947960618846953,-0.011947960618846953,-0.011947960618846953,-0.009919007922279954,-0.009919007922279954,,,,,,,,,,,,,,
1916-02-29,-0.009899071096820533,-0.009899071096820533,-0.009899071096820533,-0.009899071096820533,-0.009899071096820533,-0.008097093782985842,-0.008097093782985842,,,,,,,,,,,,,,
1916-03-31,0.0009284420289856765,0.0009284420289856765,0.0009284420289856765,0.0009284420289856765,0.0009284420289856765,0.0011073469102338418,0.0011073469102338418,,,,,,,,,,,,,,
1916-04-30,-0.006603962195565138,-0.006603962195565138,-0.006603962195565138,-0.006603962195565138,-0.006603962195565138,-0.005286821732777058,-0.005286821732777058,,,,,,,,,,,,,,
1916-05-31,0.026499448732083764,0.026499448732083764,0.026499448732083764,0.026499448732083764,0.026499448732083764,0.02284511897095398,0.02284511897095398,,,,,,,,,,,,,,
1916-06-30,0.014158576051779725,0.014158576051779725,0.014158576051779725,-0.0038073666866718092,-0.0038073666866718092,0.012343878570273414,0.012343878570273414,,,,,,,,,,,,,,
1916-07-31,-0.009385683760683605,-0.009385683760683605,-0.009385683760683605,-0.015329369658119485,-0.015329369658119485,-0.007659311173589978,-0.007659311173589978,,,,,,,,,,,,,,
1916-08-31,0.012249006861682954,0.012249006861682954,0.012249006861682954,0.012249006861682954,0.012249006861682954,0.010730141512972136,0.010730141512972136,,,,,,,,,,,,,,
1916-09-30,0.045586917562723706,-0.0038297667614618502,0.045586917562723706,0.045586917562723706,0.045586917562723706,0.03906846378867512,0.018019474849836348,,,,,,,,,,,,,,
1916-10-31,0.03562586088154296,0.029412105716253745,0.03562586088154296,0.03562586088154296,0.03562586088154296,0.03057654855318792,0.028045690333126316,,,,,,,,,,,,,,
1916-11-30,0.02763193052772217,0.02763193052772217,0.02763193052772217,0.02763193052772217,0.02763193052772217,0.02378922607365519,0.02378922607365519,,,,,,,,,,,,,,
1916-12-31,-0.035586026771139534,-0.035586026771139534,-0.035586026771139534,-0.035586026771139534,-0.035586026771139534,-0.029939069152735698,-0.029939069152735698,,,,,,,,,,,,,,
1917-01-31,-0.018615646258503538,-0.018615646258503538,-0.018615646258503538,-0.018615646258503538,-0.018615646258503538,-0.015525122534031488,-0.015525122534031488,,,,,,,,,,,,,,
1917-02-28,-0.05136102403343801,-0.05136102403343801,-0.05136102403343801,-0.05136102403343801,-0.05136102403343801,-0.04324358343912815,-0.04324358343912815,,,,,,,,,,,,,,
1917-03-31,0.03647563676633503,0.03647563676633503,0.03647563676633503,0.03647563676633503,0.03647563676633503,0.031388326753581275,0.031388326753581275,,,,,,,,,,,,,,
1917-04-30,-0.009637486573576881,-0.0031588166113695193,-0.009637486573576881,-0.004718109381715796,-0.004718109381715796,-0.007787853518901322,-0.005021008855009779,,,,,,,,,,,,,,
1917-05-31,-0.02822428207924388,0.0028583333889642404,-0.02822428207924388,0.0013162320884976264,0.0013162320884976264,-0.02357129685440762,-0.01036995509267391,,,,,,,,,,,,,,
1917-06-30,0.026194507148231683,0.0028583333889642404,0.026194507148231683,0.0013428303215028414,0.0013428303215028414,0.022669176459055196,0.012729567270968634,,,,,,,,,,,,,,
1917-07-31,-0.021793879056047016,0.0028583333889642404,-0.004638793439467048,0.0013694230991276868,0.0013694230991276868,-0.01811318732874312,-0.007652384517283117,,,,,,,,,,,,,,
1917-08-31,-0.023448047023132634,0.0028583333889642404,0.0013960104328401002,0.0013960104328401002,0.0013960104328401002,-0.01952092189867194,-0.008357998985953907,,,,,,,,,,,,,,
1917-09-30,-0.04164224306369668,0.0028583333889642404,0.0014225923340829283,0.0014225923340829283,0.0014225923340829283,-0.03498696356166053,-0.016092682573617623,,,,,,,,,,,,,,
1917-10-31,-0.04732861247947451,0.0028583333889642404,0.0014491688142737047,0.0014491688142737047,0.0014491688142737047,-0.021571385014814815,-0.021636434009629335,,,,,,,,,,,,,,
1917-11-30,-0.07596354166666675,0.0028583333889642404,0.0014757398848019854,0.0014757398848019854,0.0014757398848019854,-0.03129973200512681,-0.03129973200512681,,,,,,,,,,,,,,
1917-12-31,-0.025923295454545414,0.0028583333889642404,0.0015023055570335675,0.0015023055570335675,0.0015023055570335675,-0.01006675044740557,-0.01006675044740557,,,,,,,,,,,,,,
1918-01-31,0.06862745098039236,0.0028583333889642404,0.0015288658423071588,0.0015288658423071588,0.0015288658423071588,0.05601868168211488,0.028151236197684337,,,,,,,,,,,,,,
1918-02-28,0.03825705039297267,0.004400000174840324,0.004272899270424624,0.004272899270424624,0.004272899270424624,0.016089042539167542,0.0161374538001553,,,,,,,,,,,,,,
1918-03-31,-0.012786002691789866,0.004400000174840324,0.0042681631239431805,0.0042681631239431805,0.0042681631239431805,-0.00300880229108913,-0.00300880229108913,,,,,,,,,,,,,,
1918-04-30,-0.0021749084249086392,0.004400000174840324,0.004263427024414623,-0.00816185897435917,-0.00816185897435917,-0.0037607416356881807,-0.0009669468536214199,,,,,,,,,,,,,,
1918-05-31,0.0392972723069811,0.004400000174840324,0.004258690971859602,0.0392972723069811,0.0392972723069811,0.034057474163632584,0.019221530724034652,,,,,,,,,,,,,,
1918-06-30,0.00840053763440829,0.004400000174840324,0.004253954966298323,0.00840053763440829,0.00840053763440829,0.003446789171468456,0.003472762075103386,,,,,,,,,,,,,,
1918-07-31,0.014988814317673516,0.004400000174840324,0.004249219007750993,0.014988814317673516,0.014988814317673516,0.008830123370789478,0.008830123370789478,,,,,,,,,,,,,,
1918-08-31,0.01608965823346642,0.009993120284065515,0.004244483096238039,0.01608965823346642,0.01608965823346642,0.011761412669561544,0.011761412669561544,,,,,,,,,,,,,,
1918-09-30,0.0013192612137205018,0.0013192612137205018,0.004239747231779889,0.0013192612137205018,0.0013192612137205018,0.001772540155401181,0.001772540155401181,,,,,,,,,,,,,,
1918-10-31,0.04896109637488966,0.04896109637488966,0.004235011414396972,0.04896109637488966,0.04896109637488966,0.042274479910755725,0.042274479910755725,,,,,,,,,,,,,,
1918-11-30,0.03159457167090762,0.03159457167090762,0.0042302756441094935,0.03159457167090762,0.03159457167090762,0.02748177950652364,0.02748177950652364,,,,,,,,,,,,,,
1918-12-31,-0.013957816377171306,-0.013957816377171306,-0.01987406947890824,-0.013957816377171306,-0.013957816377171306,-0.01122416379692115,-0.01122416379692115,,,,,,,,,,,,,,
1919-01-31,-0.0003512658227849963,-0.0003512658227849963,-0.0003512658227849963,-0.0003512658227849963,-0.0003512658227849963,0.0003472160830473303,0.0003472160830473303,,,,,,,,,,,,,,
1919-02-28,0.00980148619957566,0.00980148619957566,0.00980148619957566,0.00980148619957566,0.00980148619957566,0.009117596744562695,0.009117596744562695,,,,,,,,,,,,,,
1919-03-31,0.03637901861252124,0.03637901861252124,0.03637901861252124,0.03637901861252124,0.03637901861252124,0.031708619042715824,0.031708619042715824,,,,,,,,,,,,,,
1919-04-30,0.03896449096880139,0.03896449096880139,0.03896449096880139,0.03896449096880139,0.03896449096880139,0.03388596569737534,0.03388596569737534,,,,,,,,,,,,,,
1919-05-31,0.07462554628526075,0.07462554628526075,0.07462554628526075,0.07462554628526075,0.07462554628526075,0.06419517975130606,0.06419517975130606,,,,,,,,,,,,,,
1919-06-30,0.03186547751765145,0.03186547751765145,0.03186547751765145,0.03186547751765145,0.03186547751765145,0.027824408495983555,0.027824408495983555,,,,,,,,,,,,,,
1919-07-31,0.037519905899384476,0.037519905899384476,0.037519905899384476,0.037519905899384476,0.037519905899384476,0.032661476799705325,0.032661476799705325,,,,,,,,,,,,,,
1919-08-31,-0.06253680336487921,-0.06253680336487921,-0.06253680336487921,-0.06253680336487921,-0.06253680336487921,-0.05238892452151167,-0.05238892452151167,,,,,,,,,,,,,,
1919-09-30,0.02085682074408135,0.02085682074408135,0.02085682074408135,0.02085682074408135,0.02085682074408135,0.018462548062675,0.018462548062675,,,,,,,,,,,,,,
1919-10-31,0.05601831298557158,0.05601831298557158,0.05601831298557158,0.05601831298557158,0.05601831298557158,0.04839328962271572,0.04839328962271572,,,,,,,,,,,,,,
1919-11-30,-0.024874164026751133,-0.024874164026751133,-0.024874164026751133,-0.024874164026751133,-0.024874164026751133,-0.020389318112126298,-0.020389318112126298,,,,,,,,,,,,,,
1919-12-31,-0.024573812114616955,-0.024573812114616955,-0.024573812114616955,-0.024573812114616955,-0.024573812114616955,-0.020120804020476113,-0.020120804020476113,,,,,,,,,,,,,,
1920-01-31,-0.005154147982062929,-0.005154147982062929,-0.005154147982062929,-0.005154147982062929,-0.005154147982062929,-0.0036142382728456823,-0.0036142382728456823,,,,,,,,,,,,,,
1920-02-29,-0.0777019630049075,0.0004112998104095489,-0.0777019630049075,-0.0026598281063818785,-0.0026598281063818785,-0.033099591783852245,-0.033099591783852245,,,,,,,,,,,,,,
1920-03-31,0.07577160493827173,0.006449999809265083,0.07577160493827173,0.0033690246076829578,0.0033690246076829578,0.06252473468963982,0.033177488592400994,,,,,,,,,,,,,,
1920-04-30,-0.003044021530180907,0.006449999809265083,-0.003044021530180907,0.003377715089267097,0.003377715089267097,-0.0016696146364650888,0.002316684599411145,,,,,,,,,,,,,,
1920-05-31,-0.05773546511627903,0.006449999809265083,-0.05773546511627903,-0.06338905232558134,-0.06338905232558134,-0.048114570119003774,-0.02084242060369823,,,,,,,,,,,,,,
1920-06-30,-0.011993382961124843,0.006449999809265083,-0.011993382961124843,-0.002625275206376787,-0.002625275206376787,-0.009277983030031245,-0.0014844182968594133,,,,,,,,,,,,,,
1920-07-31,0.004190867003367016,0.006449999809265083,-0.0026166375498434258,0.003403785161123274,0.003403785161123274,0.004515431834237971,0.0054626394907997256,,,,,,,,,,,,,,
1920-08-31,-0.03374736620311858,0.006449999809265083,0.0034124747280068757,0.0034124747280068757,0.0034124747280068757,-0.027719434057860814,-0.010637140081914187,,,,,,,,,,,,,,
1920-09-30,0.041173245614035237,0.006449999809265083,0.0034211640666379495,0.0034211640666379495,0.0034211640666379495,0.03593199363100119,0.021146543012852348,,,,,,,,,,,,,,
1920-10-31,0.006705844980940068,0.006449999809265083,0.003429853177185249,0.003429853177185249,0.003429853177185249,0.0026859436327264508,0.002711720000787121,,,,,,,,,,,,,,
1920-11-30,-0.045350042301184224,0.006449999809265083,0.0034385420598177507,0.0034385420598177507,0.0034385420598177507,-0.016849489652277172,-0.016849489652277172,,,,,,,,,,,,,,
1920-12-31,-0.08389037433155078,0.006449999809265083,0.003447230714703098,0.003447230714703098,0.003447230714703098,-0.033292313478230695,-0.033292313478230695,,,,,,,,,,,,,,
1921-01-31,0.050242290748898855,0.006449999809265083,0.0034559191420109325,0.0034559191420109325,0.0034559191420109325,0.023652412615857266,0.023652412615857266,,,,,,,,,,,,,,
1921-02-28,-0.0011521331458039796,0.004974999825159809,0.00937506086388451,0.00937506086388451,0.00937506086388451,0.004174826964458811,0.004174826964458811,,,,,,,,,,,,,,
1921-03-31,-0.019623465533522122,0.004974999825159809,0.00933568239272331,0.00933568239272331,0.00933568239272331,-0.003639702601400008,-0.003639702601400008,,,,,,,,,,,,,,
1921-04-30,0.010335513565891574,0.004974999825159809,0.009296369442242103,0.009296369442242103,0.009296369442242103,0.009048486251947763,0.009048486251947763,,,,,,,,,,,,,,
1921-05-31,0.036290400385914134,0.004974999825159809,0.009257122332535506,0.009257122332535506,0.009257122332535506,0.02010020338723928,0.02010020338723928,,,,,,,,,,,,,,
1921-06-30,-0.0743796816479404,0.004974999825159809,0.009217941385394557,0.009217941385394557,0.009217941385394557,-0.026986861297921938,-0.026986861297921938,,,,,,,,,,,,,,
1921-07-31,0.0030636132315522424,0.004974999825159809,0.009178826924316708,-0.0029547684478370417,-0.0029547684478370417,0.005824245824842977,0.005824245824842977,,,,,,,,,,,,,,
1921-08-31,-0.006167687595711846,0.004974999825159809,0.009139779274515147,0.003084940598867991,0.003084940598867991,0.0020011858650175185,0.0020011858650175185,,,,,,,,,,,,,,
1921-09-30,0.030910852713178283,0.004974999825159809,0.009100798762927909,0.009100798762927909,0.009100798762927909,0.017730022723078553,0.017730022723078553,,,,,,,,,,,,,,
1921-10-31,0.019519667170953436,0.004974999825159809,0.009061885718229412,0.009061885718229412,0.009061885718229412,0.01286001301221984,0.01286001301221984,,,,,,,,,,,,,,
1921-11-30,0.05950497512437791,0.004974999825159809,0.009023040470836907,0.05314794527363165,0.05314794527363165,0.029853476433614023,0.029853476433614023,,,,,,,,,,,,,,
1921-12-31,0.04084041548630779,0.004974999825159809,0.008984263352923794,0.04084041548630779,0.04084041548630779,0.021846754225892218,0.021846754225892218,,,,,,,,,,,,,,
1922-01-31,0.0039238486092110225,-0.002099694482444292,0.00894555469842695,0.0039238486092110225,0.0039238486092110225,0.0015535280405607477,0.0015535280405607477,,,,,,,,,,,,,,
1922-02-28,0.02726369863013689,0.02726369863013689,0.021100116438355965,0.02726369863013689,0.02726369863013689,0.023709573980150944,0.023709573980150944,,,,,,,,,,,,,,
1922-03-31,0.04281166219839161,0.04281166219839161,0.04281166219839161,0.04281166219839161,0.04281166219839161,0.036907807062126485,0.036907807062126485,,,,,,,,,,,,,,
1922-04-30,0.06585594315245458,0.06585594315245458,0.06585594315245458,0.06585594315245458,0.06585594315245458,0.056483218622092934,0.056483218622092934,,,,,,,,,,,,,,
1922-05-31,0.04385708485586659,0.04385708485586659,0.04385708485586659,0.04385708485586659,0.04385708485586659,0.03776797045925839,0.03776797045925839,,,,,,,,,,,,,,
1922-06-30,-0.0046404845642828985,-0.0046404845642828985,-0.0046404845642828985,-0.0046404845642828985,-0.0046404845642828985,-0.003437753648321107,-0.003437753648321107,,,,,,,,,,,,,,
1922-07-31,0.011925049309664537,0.011925049309664537,0.011925049309664537,0.011925049309664537,0.011925049309664537,0.010666168265092146,0.010666168265092146,,,,,,,,,,,,,,
1922-08-31,0.04243341167254222,0.04243341167254222,0.04243341167254222,0.04243341167254222,0.04243341167254222,0.03659809822956972,0.03659809822956972,,,,,,,,,,,,,,
1922-09-30,0.03074273310683262,0.03074273310683262,0.03074273310683262,0.03074273310683262,0.03074273310683262,0.026638131416381494,0.026638131416381494,,,,,,,,,,,,,,
1922-10-31,0.02668966151582053,0.02668966151582053,0.02668966151582053,0.02668966151582053,0.02668966151582053,0.023201748708831627,0.023201748708831627,,,,,,,,,,,,,,
1922-11-30,-0.04512419006479451,-0.04512419006479451,-0.04512419006479451,-0.04512419006479451,-0.04512419006479451,-0.037835939388651485,-0.037835939388651485,,,,,,,,,,,,,,
1922-12-31,0.002556818181817855,0.002556818181817855,0.002556818181817855,0.002556818181817855,0.002556818181817855,0.0026707213238972294,0.0026707213238972294,,,,,,,,,,,,,,
1923-01-31,0.018524107820805158,0.018524107820805158,0.018524107820805158,0.018524107820805158,0.018524107820805158,0.016280952190909304,0.016280952190909304,,,,,,,,,,,,,,
1923-02-28,0.04750280898876391,0.04750280898876391,0.04750280898876391,0.04750280898876391,0.04750280898876391,0.04097317360879793,0.04097317360879793,,,,,,,,,,,,,,
1923-03-31,0.02078843390804619,0.02078843390804619,0.02078843390804619,0.02078843390804619,0.02078843390804619,0.018245152541249476,0.018245152541249476,,,,,,,,,,,,,,
1923-04-30,-0.030428596677271158,-0.030428596677271158,-0.030428596677271158,-0.030428596677271158,-0.030428596677271158,-0.025269064612237657,-0.025269064612237657,,,,,,,,,,,,,,
1923-05-31,-0.04250641025641011,-0.04250641025641011,-0.04250641025641011,-0.04250641025641011,-0.04250641025641011,-0.035549047030480674,-0.035549047030480674,,,,,,,,,,,,,,
1923-06-30,-0.0330642060745866,-0.0330642060745866,-0.0330642060745866,-0.0330642060745866,-0.0330642060745866,-0.027532987175483914,-0.027532987175483914,,,,,,,,,,,,,,
1923-07-31,-0.028360311750599276,-0.001974299889405562,-0.028360311750599276,-0.0004802705522044537,-0.0004802705522044537,-0.011612418942944958,-0.011612418942944958,,,,,,,,,,,,,,
1923-08-31,0.010373242349048573,0.004050000111261998,-0.0004986432171534272,0.005534564167853695,0.005534564167853695,0.007318351105251697,0.007318351105251697,,,,,,,,,,,,,,
1923-09-30,0.011574074074074625,0.004050000111261998,0.005516084401453902,0.005516084401453902,0.005516084401453902,0.007863150988885792,0.007863150988885792,,,,,,,,,,,,,,
1923-10-31,-0.009338445807771434,0.004050000111261998,0.005497608442074586,0.005497608442074586,0.005497608442074586,-0.009855572957234049,-0.004189313461793631,,,,,,,,,,,,,,
1923-11-30,0.03537048567870493,0.004050000111261998,0.005479136296800968,0.005479136296800968,0.005479136296800968,0.030661778579608168,0.01734120204501366,,,,,,,,,,,,,,
1923-12-31,0.03919790407093915,0.004050000111261998,0.005460667972734479,0.005460667972734479,0.005460667972734479,0.033901682675522515,0.018941862205090088,,,,,,,,,,,,,,
1924-01-31,0.037930799220273315,0.004050000111261998,0.005442203476989649,0.03170321442495161,0.03170321442495161,0.03282181921674088,0.018397831354197924,,,,,,,,,,,,,,
1924-02-29,0.009563042657606102,0.0035056644016604466,0.004743078777165177,0.009563042657606102,0.009563042657606102,0.008488278114871628,0.005991069681955841,,,,,,,,,,,,,,
1924-03-31,-0.01413942127019896,-0.01413942127019896,-0.02005458474257782,-0.01413942127019896,-0.01413942127019896,-0.011638753395337265,-0.011638753395337265,,,,,,,,,,,,,,
1924-04-30,-0.017847701149425355,-0.017847701149425355,-0.001310891589108354,-0.017847701149425355,-0.017847701149425355,-0.014798285386076415,-0.014798285386076415,,,,,,,,,,,,,,
1924-05-31,0.0017480392156863367,0.0017480392156863367,0.00470458165404275,0.0017480392156863367,0.0017480392156863367,0.001854952306161728,0.001854952306161728,,,,,,,,,,,,,,
1924-06-30,0.024203069657615206,0.024203069657615206,0.004691751561948454,0.024203069657615206,0.024203069657615206,0.020956971018712744,0.020956971018712744,,,,,,,,,,,,,,
1924-07-31,0.05158072614909215,0.05158072614909215,0.004678922613355896,0.05158072614909215,0.05158072614909215,0.04421168809736775,0.04421168809736775,,,,,,,,,,,,,,
1924-08-31,0.03934385382059835,0.03934385382059835,0.033107790697674666,0.03934385382059835,0.03934385382059835,0.033790153469748674,0.033790153469748674,,,,,,,,,,,,,,
1924-09-30,-0.004773376159885823,-0.004773376159885823,-0.004773376159885823,-0.004773376159885823,-0.004773376159885823,-0.003699483779297741,-0.003699483779297741,,,,,,,,,,,,,,
1924-10-31,-0.008047747747747636,-0.008047747747747636,-0.008047747747747636,-0.008047747747747636,-0.008047747747747636,-0.006461185042105799,-0.006461185042105799,,,,,,,,,,,,,,
1924-11-30,0.06086436655713756,0.06086436655713756,0.06086436655713756,0.06086436655713756,0.06086436655713756,0.052111112813618465,0.052111112813618465,,,,,,,,,,,,,,
1924-12-31,0.058696403872752434,0.058696403872752434,0.058696403872752434,0.058696403872752434,0.058696403872752434,0.05023242365395841,0.05023242365395841,,,,,,,,,,,,,,
1925-01-31,0.04588418635170588,0.04588418635170588,0.04588418635170588,0.04588418635170588,0.04588418635170588,0.03934406438006155,0.03934406438006155,,,,,,,,,,,,,,
1925-02-28,0.012904064272211802,0.012904064272211802,0.012904064272211802,0.012904064272211802,0.012904064272211802,0.011458706079794823,0.011458706079794823,,,,,,,,,,,,,,
1925-03-31,-0.02184864104967188,-0.02184864104967188,-0.02184864104967188,-0.02184864104967188,-0.02184864104967188,-0.0180558413022871,-0.0180558413022871,,,,,,,,,,,,,,
1925-04-30,-0.006041867179981009,-0.006041867179981009,-0.006041867179981009,-0.006041867179981009,-0.006041867179981009,-0.004632731241525634,-0.004632731241525634,,,,,,,,,,,,,,
1925-05-31,0.0367282749675748,0.0367282749675748,0.0367282749675748,0.0367282749675748,0.0367282749675748,0.031733980786928795,0.031733980786928795,,,,,,,,,,,,,,
1925-06-30,0.02242381401193838,0.02242381401193838,0.02242381401193838,0.02242381401193838,0.02242381401193838,0.01955760922187877,0.01955760922187877,,,,,,,,,,,,,,
1925-07-31,0.03224691358024678,0.03224691358024678,0.03224691358024678,0.03224691358024678,0.03224691358024678,0.02791776839581228,0.02791776839581228,,,,,,,,,,,,,,
1925-08-31,0.017892642642642897,0.017892642642642897,0.017892642642642897,0.017892642642642897,0.017892642642642897,0.01570950326577969,0.01570950326577969,,,,,,,,,,,,,,
1925-09-30,0.027462962962963022,0.027462962962963022,0.027462962962963022,0.027462962962963022,0.027462962962963022,0.023854907093527666,0.023854907093527666,,,,,,,,,,,,,,
1925-10-31,0.037298725745728456,0.037298725745728456,0.037298725745728456,0.037298725745728456,0.037298725745728456,0.032207922653934906,0.032207922653934906,,,,,,,,,,,,,,
1925-11-30,0.035294365012615625,0.035294365012615625,0.035294365012615625,0.035294365012615625,0.035294365012615625,0.030496884160798432,0.030496884160798432,,,,,,,,,,,,,,
1925-12-31,0.020391517128874437,0.020391517128874437,0.020391517128874437,0.020391517128874437,0.020391517128874437,0.017831253235524258,0.017831253235524258,,,,,,,,,,,,,,
1926-01-31,0.01931179775280878,0.01931179775280878,0.01931179775280878,0.01931179775280878,0.01931179775280878,0.016924604970499413,0.016924604970499413,,,,,,,,,,,,,,
1926-02-28,0.005632411067193477,0.005632411067193477,0.005632411067193477,0.005632411067193477,0.005632411067193477,0.005338078604974594,0.005338078604974594,,,,,,,,,,,,,,
1926-03-31,-0.0637825572217835,-0.0637825572217835,-0.0637825572217835,-0.0637825572217835,-0.0637825572217835,-0.05365402916859374,-0.05365402916859374,,,,,,,,,,,,,,
1926-04-30,-0.023497036409822147,-0.023497036409822147,-0.023497036409822147,-0.023497036409822147,-0.023497036409822147,-0.01946351271046398,-0.01946351271046398,,,,,,,,,,,,,,
1926-05-31,0.011596254355400681,-0.0022725000000001216,0.011596254355400681,-0.0006726711283562281,-0.0006726711283562281,0.005198879401870471,0.005198879401870471,,,,,,,,,,,,,,
1926-06-30,0.05222750865051906,0.00374999999999992,0.05222750865051906,0.005339021698851143,0.005339021698851143,0.02501834794830149,0.02501834794830149,,,,,,,,,,,,,,
1926-07-31,0.04660404624277459,0.00374999999999992,0.04660404624277459,0.00531856341602488,0.00531856341602488,0.03757444021593903,0.01933787090134742,,,,,,,,,,,,,,
1926-08-31,0.043977812995245724,0.03771394611727419,0.043977812995245724,0.03771394611727419,0.03771394611727419,0.03791092805618557,0.035360702068044425,,,,,,,,,,,,,,
1926-09-30,0.019483612804878314,0.019483612804878314,0.019483612804878314,0.019483612804878314,0.019483612804878314,0.017093413907200983,0.017093413907200983,,,,,,,,,,,,,,
1926-10-31,-0.0182995495495496,-0.0182995495495496,-0.0182995495495496,-0.0182995495495496,-0.0182995495495496,-0.015003773287329047,-0.015003773287329047,,,,,,,,,,,,,,
1926-11-30,0.017425115207373,0.017425115207373,0.017425115207373,0.017425115207373,0.017425115207373,0.015356460014641637,0.015356460014641637,,,,,,,,,,,,,,
1926-12-31,0.02710386656558006,0.02710386656558006,0.02710386656558006,0.02710386656558006,0.02710386656558006,0.02359024035492263,0.02359024035492263,,,,,,,,,,,,,,
1927-01-31,-0.0023678033110944297,-0.0023678033110944297,-0.0023678033110944297,-0.0023678033110944297,-0.0023678033110944297,-0.0014675612889950562,-0.0014675612889950562,,,,,,,,,,,,,,
1927-02-28,0.023776741293532355,0.023776741293532355,0.023776741293532355,0.023776741293532355,0.023776741293532355,0.020712946073901506,0.020712946073901506,,,,,,,,,,,,,,
1927-03-31,0.01970473401659345,0.01970473401659345,0.01970473401659345,0.01970473401659345,0.01970473401659345,0.017240975851943396,0.017240975851943396,,,,,,,,,,,,,,
1927-04-30,0.028819394376351948,0.028819394376351948,0.028819394376351948,0.028819394376351948,0.028819394376351948,0.024991404248352334,0.024991404248352334,,,,,,,,,,,,,,
1927-05-31,0.03872448979591847,0.03872448979591847,0.03872448979591847,0.03872448979591847,0.03872448979591847,0.03340369790079256,0.03340369790079256,,,,,,,,,,,,,,
1927-06-30,0.017063492063492003,0.017063492063492003,0.017063492063492003,0.017063492063492003,0.017063492063492003,0.014984913945085276,0.014984913945085276,,,,,,,,,,,,,,
1927-07-31,0.026285538392657015,0.026285538392657015,0.026285538392657015,0.026285538392657015,0.026285538392657015,0.02283966148346539,0.02283966148346539,0.07237320000000014,0.07237320000000014,0.07237320000000014,0.04605239999999999,0.04605239999999999,0.06151587000000003,0.06151587000000003,,,,,,,
1927-08-31,0.05728920280332894,0.05728920280332894,0.05728920280332894,0.05728920280332894,0.05728920280332894,0.049185350791788984,0.049185350791788984,0.022699999999999942,0.022699999999999942,0.022699999999999942,-0.0029000000000000137,-0.0029000000000000137,0.019661808096678834,0.019661808096678834,,,,,,,
1927-09-30,0.06066749844042407,0.06066749844042407,0.06066749844042407,0.06066749844042407,0.06066749844042407,0.05203352281329354,0.05203352281329354,0.049800000000000066,0.049800000000000066,0.049800000000000066,0.04350120000000013,0.04350120000000013,0.042629434174100256,0.042629434174100256,,,,,,,
1927-10-31,-0.011625836284927082,-0.011625836284927082,-0.011625836284927082,-0.011625836284927082,-0.011625836284927082,-0.009415723668351639,-0.009415723668351639,-0.04039999999999999,-0.04039999999999999,-0.04039999999999999,-0.04039999999999999,-0.04039999999999999,-0.03399880930246402,-0.03399880930246402,,,,,,,
1927-11-30,0.026595223820942815,0.026595223820942815,0.026595223820942815,0.026595223820942815,0.026595223820942815,0.023101581669353832,0.023101581669353832,0.06729999999999992,0.06729999999999992,0.06729999999999992,0.06729999999999992,0.06729999999999992,0.05748407353758411,0.05748407353758411,,,,,,,
1927-12-31,0.02720789370848009,0.02720789370848009,0.02720789370848009,0.02720789370848009,0.02720789370848009,0.02361644351035297,0.02361644351035297,0.0230999999999999,0.0230999999999999,0.01725960000000004,0.01725960000000004,0.01725960000000004,0.019916893284032566,0.019916893284032566,,,,,,,
1928-01-31,0.007716208476517439,0.007716208476517439,0.007716208476517439,0.007716208476517439,0.007716208476517439,0.007048346400903682,0.007048346400903682,-0.0031999999999999806,-0.0031999999999999806,0.05230000000000001,0.05230000000000001,0.05230000000000001,-0.002360638778749813,-0.002360638778749813,,,,,,,
1928-02-29,-0.008255847119224002,-0.008255847119224002,-0.008255847119224002,-0.008255847119224002,-0.008255847119224002,-0.006265740835502576,-0.006265740835502576,-0.013599999999999945,-0.013599999999999945,-0.027900000000000036,-0.027900000000000036,-0.027900000000000036,-0.01106932238706515,-0.01106932238706515,,,,,,,
1928-03-31,0.05749615088529647,0.05749615088529647,0.05749615088529647,0.05749615088529647,0.05749615088529647,0.04961599026201036,0.04961599026201036,0.09079999999999999,0.09079999999999999,0.07289999999999996,0.07289999999999996,0.07289999999999996,0.07760091217266307,0.07760091217266307,,,,,,,
1928-04-30,0.06665159817351585,0.06665159817351585,0.06665159817351585,0.06665159817351585,0.06665159817351585,0.05736842682582477,0.05736842682582477,0.04469999999999996,0.04469999999999996,0.11709999999999998,0.11709999999999998,0.11709999999999998,0.03826020820781295,0.03826020820781295,,,,,,,
1928-05-31,0.03437843642611682,0.03437843642611682,0.03437843642611682,0.03437843642611682,0.03437843642611682,0.029930755877625836,0.029930755877625836,0.018399999999999972,0.018399999999999972,0.06529999999999991,0.06529999999999991,0.06529999999999991,0.01608818279295976,0.01608818279295976,,,,,,,
1928-06-30,-0.045624999999999916,-0.045624999999999916,-0.045624999999999916,-0.045624999999999916,-0.045624999999999916,-0.03804721684126566,-0.03804721684126566,-0.04590000000000005,-0.04590000000000005,-0.09319999999999995,-0.09319999999999995,-0.09319999999999995,-0.03856100238219895,-0.03856100238219895,,,,,,,
1928-07-31,0.01093892393971263,0.01093892393971263,0.01093892393971263,0.01093892393971263,0.01093892393971263,0.010012394817374481,0.010012394817374481,0.009500000000000064,0.009500000000000064,-0.006700000000000039,-0.006700000000000039,-0.006700000000000039,0.008515678470877308,0.008515678470877308,,,,,,,
1928-08-31,0.035939892136395146,0.035939892136395146,0.035939892136395146,0.035939892136395146,0.035939892136395146,0.031299295483408596,0.031299295483408596,0.07010000000000005,0.07010000000000005,0.03049999999999997,0.06367940000000005,0.06367940000000005,0.06005993435333967,0.06005993435333967,,,,,,,
1928-09-30,0.07376980114593845,0.07376980114593845,0.07376980114593845,0.07376980114593845,0.07376980114593845,0.06343495026141133,0.06343495026141133,0.031400000000000095,0.031400000000000095,0.04810000000000003,0.031400000000000095,0.031400000000000095,0.027045413246869376,0.027045413246869376,,,,,,,
1928-10-31,0.02360533774208795,0.02360533774208795,0.02360533774208795,0.02360533774208795,0.02360533774208795,0.02076906202882789,0.02076906202882789,0.017200000000000104,0.017200000000000104,0.023800000000000043,0.01765719999999993,0.01765719999999993,0.015213298023023736,0.015213298023023736,,,,,,,
1928-11-30,0.07084606481481481,0.07084606481481481,0.07084606481481481,0.07084606481481481,0.07084606481481481,0.060959388639649115,0.060959388639649115,0.12199999999999989,0.12199999999999989,0.1201000000000001,0.11526799999999993,0.11526799999999993,0.10425909962540203,0.10425909962540203,,,,,,,
1928-12-31,0.006974559121133206,0.006974559121133206,0.006974559121133206,0.006974559121133206,0.006974559121133206,0.006635604786004334,0.006635604786004334,0.0045999999999999375,0.0045999999999999375,-0.024599999999999955,0.0045999999999999375,0.0045999999999999375,0.0039177875954250485,0.0039177875954250485,,,,,,,
1929-01-31,0.0769618430525556,0.0769618430525556,0.0769618430525556,0.0769618430525556,0.0769618430525556,0.06617099379497104,0.06617099379497104,0.050000000000000044,0.050000000000000044,0.017300000000000093,0.050000000000000044,0.050000000000000044,0.04300682110498011,0.04300682110498011,,,,,,,
1929-02-28,0.008145615446500498,0.008145615446500498,0.008145615446500498,0.008145615446500498,0.008145615446500498,0.007823006580335079,0.007823006580335079,0.00019999999999997797,0.00019999999999997797,-0.005801200000000062,0.00019999999999997797,0.00019999999999997797,0.0006757967701267464,0.0006757967701267464,,,,,,,
1929-03-31,0.020541549953314586,0.020541549953314586,0.020541549953314586,0.020541549953314586,0.020541549953314586,0.018410173029238752,0.018410173029238752,-0.005099999999999993,-0.005099999999999993,-0.005099999999999993,-0.005099999999999993,-0.005099999999999993,-0.0038275892128338818,-0.0038275892128338818,,,,,,,
1929-04-30,-0.002982042207366531,-0.002982042207366531,-0.002982042207366531,-0.002982042207366531,-0.002982042207366531,-0.001594135492500759,-0.001594135492500759,0.018299999999999983,0.018299999999999983,0.018299999999999983,0.018299999999999983,0.018299999999999983,0.016088367472846032,0.016088367472846032,,,,,,,
1929-05-31,0.01799841772151889,0.01799841772151889,0.01799841772151889,0.01799841772151889,0.01799841772151889,0.01624264504175832,0.01624264504175832,-0.05940000000000001,-0.05940000000000001,-0.05940000000000001,-0.05940000000000001,-0.05940000000000001,-0.04984051588358862,-0.04984051588358862,,,,,,,
1929-06-30,0.022051182125227387,0.022051182125227387,0.022051182125227387,0.022051182125227387,0.022051182125227387,0.019685807180709114,0.019685807180709114,0.10220000000000007,0.10220000000000007,0.10220000000000007,-0.0009517620071212152,-0.0009517620071212152,0.087594131120168,0.087594131120168,,,,,,,
1929-07-31,0.0920331421287448,0.0920331421287448,0.0920331421287448,0.0920331421287448,0.0920331421287448,0.07916670198062548,0.07916670198062548,0.04810000000000003,0.04810000000000003,0.04810000000000003,0.041811400000000054,0.041811400000000054,0.0413089517741001,0.0413089517741001,,,,,,,
1929-08-31,0.059603230337078594,0.059603230337078594,0.059603230337078594,0.059603230337078594,0.059603230337078594,0.051550116266502855,0.051550116266502855,0.08539999999999992,0.08539999999999992,0.08539999999999992,0.08539999999999992,0.08539999999999992,0.07315468112727341,0.07315468112727341,,,,,,,
1929-09-30,0.042469545957918076,0.042469545957918076,0.042469545957918076,0.042469545957918076,0.042469545957918076,0.037010183257026874,0.037010183257026874,-0.051000000000000045,-0.051000000000000045,-0.051000000000000045,-0.051000000000000045,-0.051000000000000045,-0.04288053932148539,-0.04288053932148539,,,,,,,
1929-10-31,-0.10322151224707143,-0.10322151224707143,-0.10322151224707143,-0.10322151224707143,-0.10322151224707143,-0.0868113729022093,-0.0868113729022093,-0.19609999999999994,-0.19609999999999994,-0.19609999999999994,-0.19609999999999994,-0.19609999999999994,-0.16603132747769478,-0.16603132747769478,,,,,,,
1929-11-30,-0.261879242586638,-0.261879242586638,-0.261879242586638,-0.261879242586638,-0.261879242586638,-0.22171754447914493,-0.22171754447914493,-0.125,-0.002322199999999941,-0.125,-0.0010456283270476874,-0.0010456283270476874,-0.052873030342349914,-0.052873030342349914,,,,,,,
1929-12-31,0.04377227081308699,0.04377227081308699,0.04377227081308699,0.04377227081308699,0.04377227081308699,0.037884001957553926,0.037884001957553926,0.01649999999999996,0.0037000000000000366,-0.0010643883110067476,0.004965404113675298,0.004965404113675298,0.009475660702366495,0.009475660702366495,,,,,,,
1930-01-31,0.01826635514018693,0.00030361677726098435,-0.001083143848312984,-0.001083143848312984,-0.001083143848312984,0.008211265527933831,0.008211265527933831,0.05750000000000011,0.0014000000000000679,0.004946535363870241,0.004946535363870241,0.004946535363870241,0.026732086763324725,0.026732086763324725,,,,,,,
1930-02-28,0.0663737908797788,0.002450000047683698,0.0023895841277941088,0.0023895841277941088,0.0023895841277941088,0.029572584989945083,0.029572584989945083,0.028000000000000025,0.0029999999999998916,0.0023895841277941088,0.0023895841277941088,0.0023895841277941088,0.013288182341128607,0.013288182341128607,,,,,,,
1930-03-31,0.041224172807398096,0.002450000047683698,0.0023931255535403206,0.0023931255535403206,0.0023931255535403206,0.018812031648007155,0.018812031648007155,0.07440000000000002,0.0035000000000000586,0.0023931255535403206,0.0023931255535403206,0.0023931255535403206,0.033124031554012445,0.033124031554012445,,,,,,,
1930-04-30,0.06688004734057351,0.002450000047683698,0.002396666960492233,0.002396666960492233,0.002396666960492233,0.029752580167998754,0.029752580167998754,-0.018399999999999972,0.0020999999999999908,0.002396666960492233,-0.044467799999999946,-0.044467799999999946,-0.006587537761984619,-0.006587537761984619,,,,,,,
1930-05-31,-0.056512830583922535,0.002450000047683698,0.002400208348654731,0.002400208348654731,0.002400208348654731,-0.022720079182568687,-0.022720079182568687,-0.014000000000000012,0.0025999999999999357,0.002400208348654731,-0.05449999999999999,-0.05449999999999999,-0.004570350609832574,-0.004570350609832574,,,,,,,
1930-06-30,-0.09769214703425233,-0.1031059941520468,0.002403749718034476,-0.1031059941520468,-0.1031059941520468,-0.08509110703029688,-0.08509110703029688,-0.1580999999999999,0.0026999999999999247,0.002403749718034476,-0.16315139999999995,-0.16315139999999995,-0.0657885458912465,-0.0657885458912465,,,,,,,
1930-07-31,-0.017596809169764582,-0.003564699952602446,0.0024072910686363524,-0.017596809169764582,-0.017596809169764582,-0.008622520670603095,-0.008622520670603095,0.043199999999999905,0.0020000000000000018,0.0024072910686363524,-0.0036071526777754492,-0.0036071526777754492,0.019426111334361895,0.019426111334361895,,,,,,,
1930-08-31,-0.008955761316872368,0.002450000047683698,0.0024108324004670223,-0.0036036325939358127,-0.0036036325939358127,-0.0024435506116184946,-0.0024435506116184946,0.0039000000000000146,0.0008999999999999009,0.0024108324004670223,0.0024108324004670223,0.0024108324004670223,0.002758127569909785,0.002758127569909785,,,,,,,
1930-09-30,0.0034371492704827755,0.002450000047683698,0.0024143737135318144,0.0024143737135318144,0.0024143737135318144,0.002837627927988029,0.002837627927988029,-0.1259,0.0021999999999999797,0.0024143737135318144,0.0024143737135318144,0.0024143737135318144,-0.05215400119434099,-0.05215400119434099,,,,,,,
1930-10-31,-0.13370909528392672,0.002450000047683698,0.002417915007836946,0.002417915007836946,0.002417915007836946,-0.05543265126079944,-0.05543265126079944,-0.08689999999999998,0.0008999999999999009,0.002417915007836946,0.002417915007836946,0.002417915007836946,-0.03596119526482533,-0.03596119526482533,,,,,,,
1930-11-30,-0.06799107142857153,0.002450000047683698,0.0024214562833881903,0.0024214562833881903,0.0024214562833881903,-0.027705097516449673,-0.027705097516449673,-0.029100000000000015,0.0013000000000000789,0.0024214562833881903,0.0024214562833881903,0.0024214562833881903,-0.011277092830062285,-0.011277092830062285,,,,,,,
1930-12-31,-0.06187324508624159,0.002450000047683698,0.0024249975401915425,0.0024249975401915425,0.0024249975401915425,-0.02500153470435096,-0.02500153470435096,-0.07720000000000005,0.0014000000000000679,0.0024249975401915425,0.0024249975401915425,0.0024249975401915425,-0.03161421959027422,-0.03161421959027422,,,,,,,
1931-01-31,0.03549699118848082,0.002450000047683698,0.0024285387782521095,0.0024285387782521095,0.0024285387782521095,0.016387561795955907,0.016387561795955907,0.06400000000000006,0.0015000000000000568,0.0024285387782521095,0.0024285387782521095,0.0024285387782521095,0.02833355863371323,0.02833355863371323,,,,,,,
1931-02-28,0.08131675010429662,0.0014500000079473718,0.00039752938544856953,0.00039752938544856953,0.00039752938544856953,0.0348967099671611,0.0348967099671611,0.10919999999999996,0.00039999999999995595,0.00039752938544856953,0.00039752938544856953,0.00039752938544856953,0.046546713367574766,0.046546713367574766,,,,,,,
1931-03-31,0.02374031007751931,0.0014500000079473718,0.0004243225332429823,0.0004243225332429823,0.0004243225332429823,0.01037201808104471,0.01037201808104471,-0.06220000000000003,0.0013000000000000789,0.0004243225332429823,-0.06067,-0.06067,-0.026208112741571088,-0.026208112741571088,,,,,,,
1931-04-30,-0.09085995436394745,0.0014500000079473718,0.0004511098145998371,0.0004511098145998371,0.0004511098145998371,-0.03823842516424547,-0.03823842516424547,-0.09919999999999995,0.0007999999999999119,0.0004511098145998371,-0.17149999999999999,-0.17149999999999999,-0.04193894221078809,-0.04193894221078809,,,,,,,
1931-05-31,-0.09167034468263957,0.0014500000079473718,0.0004778912419263204,-0.09712032261454373,-0.09712032261454373,-0.038673513142767124,-0.038673513142767124,-0.132,0.0008999999999999009,0.0004778912419263204,-0.00552497610552527,-0.00552497610552527,-0.05590601941605622,-0.05590601941605622,,,,,,,
1931-06-30,-0.026866713189113822,0.0014500000079473718,0.0005046668276011967,-0.005498361173364441,-0.005498361173364441,-0.011125736503603934,-0.011125736503603934,0.1400999999999999,0.0007999999999999119,0.0005046668276011967,0.0005046668276011967,0.0005046668276011967,0.05965876759537925,0.05965876759537925,,,,,,,
1931-07-31,0.03849254986782036,0.0014500000079473718,0.0005314365839756974,0.0005314365839756974,0.0005314365839756974,0.016761061552160728,0.016761061552160728,-0.06569999999999998,0.0005999999999999339,0.0005314365839756974,-0.06673340000000005,-0.06673340000000005,-0.027794322778562974,-0.027794322778562974,,,,,,,
1931-08-31,-0.02492847173761359,0.0014500000079473718,0.0005582005233710774,0.0005582005233710774,0.0005582005233710774,-0.010193708852223482,-0.010193708852223482,0.0042999999999999705,0.00029999999999996696,0.0005582005233710774,-0.005445148679769196,-0.005445148679769196,0.0020096286102799787,0.0020096286102799787,,,,,,,
1931-09-30,-0.14376498800959236,0.0014500000079473718,0.0005849586580823907,0.0005849586580823907,0.0005849586580823907,-0.06066979973168363,-0.06066979973168363,-0.2870999999999999,0.00029999999999996696,0.0005849586580823907,0.0005849586580823907,0.0005849586580823907,-0.12172878756908256,-0.12172878756908256,,,,,,,
1931-10-31,-0.12759439278670037,0.0014500000079473718,0.0006117110003753812,0.0006117110003753812,0.0006117110003753812,-0.05396367720912831,-0.05396367720912831,0.08089999999999997,0.0009999999999998899,0.0006117110003753812,0.0006117110003753812,0.0006117110003753812,0.03429561591070751,0.03429561591070751,,,,,,,
1931-11-30,0.020433333333333525,0.0014500000079473718,0.0006384575624875932,0.0006384575624875932,0.0006384575624875932,0.008972186637981716,0.008972186637981716,-0.0897,0.0017000000000000348,0.0006384575624875932,0.0006384575624875932,0.0006384575624875932,-0.03770550484840929,-0.03770550484840929,,,,,,,
1931-12-31,-0.18110362528071877,0.0014500000079473718,0.0006651983566297037,0.0006651983566297037,0.0006651983566297037,-0.07649510851092445,-0.07649510851092445,-0.134,0.0012000000000000899,0.0006651983566297037,0.0006651983566297037,0.0006651983566297037,-0.05661754748339032,-0.05661754748339032,,,,,,,
1932-01-31,-0.008754936808846758,0.0014500000079473718,0.0006919333949828577,0.0006919333949828577,0.0006919333949828577,-0.003497260697873039,-0.003497260697873039,-0.013399999999999967,0.0022999999999999687,0.0006919333949828577,0.0006919333949828577,0.0006919333949828577,-0.005264360122721468,-0.005264360122721468,,,,,,,
1932-02-29,-0.0007359437751003339,0.0017083332935969864,0.005628940612864453,0.005628940612864453,0.005628940612864453,0.002321553548748412,0.002321553548748412,0.05679999999999996,0.0022999999999999687,0.005628940612864453,0.005628940612864453,0.005628940612864453,0.026855339469397332,0.026855339469397332,,,,,,,
1932-03-31,0.011138112596192906,0.0017083332935969864,0.005606953417852889,0.005606953417852889,0.005606953417852889,0.007364463273150212,0.007364463273150212,-0.11139999999999994,0.0016000000000000458,0.005606953417852889,0.005606953417852889,0.005606953417852889,-0.044793027440187205,-0.044793027440187205,,,,,,,
1932-04-30,-0.23251311541565778,0.0017083332935969864,0.00558497365908317,0.00558497365908317,0.00558497365908317,-0.09619682449451916,-0.09619682449451916,-0.17830000000000001,0.001100000000000101,0.00558497365908317,0.00558497365908317,0.00558497365908317,-0.07340383930201178,-0.07340383930201178,,,,,,,
1932-05-31,-0.1134992038216559,0.0017083332935969864,0.005563001353688701,0.005563001353688701,0.005563001353688701,-0.04598371564906101,-0.04598371564906101,-0.20450000000000002,0.0005999999999999339,0.005563001353688701,0.005563001353688701,0.005563001353688701,-0.08472288700598052,-0.08472288700598052,,,,,,,
1932-06-30,-0.1243194192377497,0.0017083332935969864,0.005541036518844855,0.005541036518844855,0.005541036518844855,-0.05039682745015994,-0.05039682745015994,-0.007499999999999951,0.00019999999999997797,0.005541036518844855,0.005541036518844855,0.005541036518844855,-0.0011366358342583815,-0.0011366358342583815,,,,,,,
1932-07-31,0.06137840670859518,0.0017083332935969864,0.005519079171769636,0.005519079171769636,0.005519079171769636,0.02848304134224411,0.02848304134224411,0.33630000000000004,0.00019999999999997797,0.005519079171769636,0.005519079171769636,0.005519079171769636,0.14528353290871432,0.14528353290871432,,,,,,,
1932-08-31,0.5130854956753168,0.0017083332935969864,0.0054971293297245705,0.0054971293297245705,0.0054971293297245705,0.22055494798554176,0.22055494798554176,0.37149999999999994,0.00029999999999996696,0.0054971293297245705,0.8236918,0.8236918,0.15977537371529094,0.15977537371529094,,,,,,,
1932-09-30,0.10336432049579414,0.0017083332935969864,0.0054751870100133715,0.0054751870100133715,0.0054751870100133715,0.04587372311528726,0.04587372311528726,-0.029100000000000015,-0.034925399999999995,0.0054751870100133715,-0.12339999999999995,-0.12339999999999995,-0.02684528688391663,-0.02684528688391663,,,,,,,
1932-10-31,-0.13243240516545585,-0.13763781073446313,0.005453252229984162,-0.13763781073446313,-0.13763781073446313,-0.11448613577751299,-0.11448613577751299,-0.13129999999999997,-0.13129999999999997,0.005453252229984162,-0.2106,-0.2106,-0.11159548740059566,-0.11159548740059566,,,,,,,
1932-11-30,-0.0036669007490637284,-0.0036669007490637284,0.0054313250070272545,-0.0036669007490637284,-0.0036669007490637284,-0.002975885910921683,-0.002975885910921683,-0.058599999999999985,-0.058599999999999985,0.0054313250070272545,-0.10729999999999995,-0.10729999999999995,-0.04988759462695225,-0.04988759462695225,,,,,,,
1932-12-31,-0.02671394799054372,-0.02671394799054372,0.005409405358576924,-0.02671394799054372,-0.02671394799054372,-0.02245463706576878,-0.02245463706576878,0.044300000000000006,0.044300000000000006,0.005409405358576924,-0.09750000000000003,-0.09750000000000003,0.03762087824720606,0.03762087824720606,,,,,,,
1933-01-31,0.045637829912023475,0.045637829912023475,0.005387493302110746,0.045637829912023475,0.045637829912023475,0.03902529448843639,0.03902529448843639,0.012499999999999956,0.012499999999999956,0.005387493302110746,0.006424999999999903,0.006424999999999903,0.010607067786174929,0.010607067786174929,,,,,,,
1933-02-28,-0.11271744240714643,-0.11271744240714643,0.0040962469810494895,-0.11271744240714643,-0.11271744240714643,-0.09569407506925354,-0.09569407506925354,-0.1532,-0.1532,0.0040962469810494895,-0.1532,-0.1532,-0.13027316344713247,-0.13027316344713247,,,,,,,
1933-03-31,0.003266666666666529,0.003266666666666529,0.004084052487244305,0.003266666666666529,0.003266666666666529,0.00282521742725228,0.00282521742725228,0.030999999999999917,-0.005602400000000007,0.004084052487244305,-0.0019404518276792126,-0.0019404518276792126,0.012382546965195695,0.012382546965195695,,,,,,,
1933-04-30,0.11235955056179758,-0.005039133360981829,0.004071859026297142,-0.0019525721278605968,-0.0019525721278605968,0.04694995533961177,0.04694995533961177,0.3891,0.0009999999999998899,0.004071859026297142,0.004071859026297142,0.004071859026297142,0.167201032952347,0.167201032952347,,,,,,,
1933-05-31,0.2931180454765363,0.0009666666388512546,0.004059666599430578,0.004059666599430578,0.004059666599430578,0.12627385603822794,0.12627385603822794,0.2147000000000001,0.20741180000000004,0.8293576,0.8293576,0.8293576,0.1799610406194676,0.1799610406194676,,,,,,,
1933-06-30,0.1757797820368283,0.16872510334460733,0.16872510334460733,0.16872510334460733,0.16872510334460733,0.14694492954973093,0.14694492954973093,0.13119999999999998,0.13119999999999998,0.2610999999999999,0.2610999999999999,0.2610999999999999,0.11139590403725408,0.11139590403725408,,,,,,,
1933-07-31,0.08457651588065462,0.08457651588065462,0.08457651588065462,0.08457651588065462,0.08457651588065462,0.07191032495357041,0.07191032495357041,-0.09619999999999995,-0.09619999999999995,-0.05449999999999999,-0.05449999999999999,-0.05449999999999999,-0.08182278838189916,-0.08182278838189916,,,,,,,
1933-08-31,-0.046452953398634755,-0.046452953398634755,-0.046452953398634755,-0.046452953398634755,-0.046452953398634755,-0.03939732688456754,-0.03939732688456754,0.12070000000000003,0.12070000000000003,0.055299999999999905,0.055299999999999905,0.055299999999999905,0.10255144633389235,0.10255144633389235,,,,,,,
1933-09-30,-0.004881287097782017,-0.004881287097782017,-0.004881287097782017,-0.004881287097782017,-0.004881287097782017,-0.004041704385554845,-0.004041704385554845,-0.10629999999999995,-0.10629999999999995,-0.1714,-0.1714,-0.1714,-0.09040098719940326,-0.09040098719940326,,,,,,,
1933-10-31,-0.09380907372400749,-0.09380907372400749,-0.09380907372400749,-0.09380907372400749,-0.09380907372400749,-0.07959684683508106,-0.07959684683508106,-0.08350000000000002,-0.08350000000000002,-0.12539999999999996,-0.12539999999999996,-0.12539999999999996,-0.07104320687212462,-0.07104320687212462,,,,,,,
1933-11-30,0.027966841186736202,0.027966841186736202,0.027966841186736202,0.027966841186736202,0.027966841186736202,0.02383615778487025,0.02383615778487025,0.0999000000000001,0.0999000000000001,0.0351999999999999,0.0351999999999999,0.0351999999999999,0.08487031368667664,0.08487031368667664,,,,,,,
1933-12-31,0.023176550783912786,0.023176550783912786,0.023176550783912786,0.023176550783912786,0.023176550783912786,0.019824495166619993,0.019824495166619993,0.018399999999999972,0.018399999999999972,0.028000000000000025,0.0122895999999999,0.0122895999999999,0.015598599460124873,0.015598599460124873,,,,,,,
1934-01-31,0.06085590103644267,0.06085590103644267,0.06085590103644267,0.06085590103644267,0.06085590103644267,0.051854991739958445,0.051854991739958445,0.12650000000000006,0.12650000000000006,0.3656999999999999,-0.002061608428565176,-0.002061608428565176,0.10758481680585219,0.10758481680585219,,,,,,,
1934-02-28,0.07749604680581945,0.07749604680581945,0.07749604680581945,-0.001083675796511474,-0.001083675796511474,0.0659152108560237,0.0659152108560237,-0.024900000000000033,-0.024900000000000033,0.05180000000000007,0.04548920000000001,0.04548920000000001,-0.021220186707611055,-0.021220186707611055,,,,,,,
1934-03-31,-0.04797924028268574,-0.04797924028268574,-0.04797924028268574,-0.053691364840989686,-0.053691364840989686,-0.04075779328731988,-0.04075779328731988,0.001100000000000101,0.001100000000000101,0.017400000000000082,0.017400000000000082,0.017400000000000082,0.0009453649844999301,0.0009453649844999301,,,,,,,
1934-04-30,0.020199410304158727,0.020199410304158727,0.020199410304158727,0.020199410304158727,0.020199410304158727,0.017160160021618465,0.017160160021618465,-0.017800000000000038,-0.017800000000000038,0.016100000000000003,0.016100000000000003,0.016100000000000003,-0.0151156774395933,-0.0151156774395933,,,,,,,
1934-05-31,-0.09825854700854697,-0.09825854700854697,-0.09825854700854697,-0.09825854700854697,-0.09825854700854697,-0.08351479988444954,-0.08351479988444954,-0.07250000000000001,-0.07250000000000001,-0.12170000000000003,-0.12170000000000003,-0.12170000000000003,-0.06162304704961996,-0.06162304704961996,,,,,,,
1934-06-30,0.017031940197077766,0.017031940197077766,0.017031940197077766,0.017031940197077766,0.017031940197077766,0.014413838089555986,0.014413838089555986,0.02719999999999989,-0.005900600000000034,-0.01749999999999996,-0.01749999999999996,-0.01749999999999996,0.02307444533214853,0.009097748374853554,,,,,,,
1934-07-31,-0.04354627766599595,-0.005875750000000068,-0.04354627766599595,-0.0011823205950655113,-0.0011823205950655113,-0.037007857293798185,-0.02095079079685125,-0.10929999999999995,-0.11464419999999997,-0.0011823205950655113,-0.24180000000000001,-0.24180000000000001,-0.09290838051768835,-0.09516750008038366,,,,,,,
1934-08-31,-0.035139915522703236,0.00012499999999993072,-0.0012020330674864521,0.004826928503534722,0.004826928503534722,-0.029883834610039184,-0.014926855175685594,0.05590000000000006,-0.005900600000000034,0.004826928503534722,-0.0012020330674864521,-0.0012020330674864521,0.023208093555236564,0.023208093555236564,,,,,,,
1934-09-30,-0.020077838827838757,0.00015833333333326038,0.0048071025979108395,0.0048071025979108395,0.0048071025979108395,-0.00899982379983022,-0.009051971679908899,-0.0022999999999999687,9.999999999998899e-05,0.0048071025979108395,0.0048071025979108395,0.0048071025979108395,0.0010056745620443674,0.0010056745620443674,,,,,,,
1934-10-31,0.012089902402402153,0.00017500000000003624,0.004787282259313574,0.004787282259313574,0.004787282259313574,0.007163866686519915,0.007163866686519915,-0.01649999999999996,9.999999999998899e-05,0.004787282259313574,0.004787282259313574,0.004787282259313574,-0.0049723504615816205,-0.0049723504615816205,,,,,,,
1934-11-30,0.032115456238361206,0.0002249999999999197,0.004767467499231293,0.004767467499231293,0.004767467499231293,0.01569641554921697,0.01569641554921697,0.08339999999999992,9.999999999998899e-05,0.14528680000000005,0.004767467499231293,0.004767467499231293,0.03745549903168133,0.03745549903168133,,,,,,,
1934-12-31,0.010597826086956808,0.0002083333333333659,0.004747658329177673,0.004747658329177673,0.004747658329177673,0.006511621521405386,0.006511621521405386,0.0037000000000000366,-0.002322199999999941,0.03079999999999994,0.024615199999999948,0.024615199999999948,0.0006826142539888558,0.0006826142539888558,,,,,,,
1935-01-31,0.004049676025917881,0.00019166666666659005,0.00472785476069193,-0.0019746220302376827,-0.0019746220302376827,0.003748915112778528,0.003748915112778528,-0.034499999999999975,-0.034499999999999975,-0.04200000000000004,-0.04200000000000004,-0.04200000000000004,-0.029312664859304616,-0.029312664859304616,,,,,,,
1935-02-28,-0.026187904967602815,0.0001666666666666483,0.0033352317261983178,-0.026187904967602815,-0.026187904967602815,-0.024730426790303572,-0.0135590529714954,-0.019399999999999973,-0.019399999999999973,-0.0026847796641589206,-0.07440000000000002,-0.07440000000000002,-0.01648681939677965,-0.01648681939677965,,,,,,,
1935-03-31,-0.05929844097995551,0.00015833333333326038,0.0033260709525895216,-0.05929844097995551,-0.05929844097995551,-0.026253907768113538,-0.026292052733954185,-0.03700000000000003,-0.005900600000000034,0.0033260709525895216,-0.00269388547312599,-0.00269388547312599,-0.031449765707149635,-0.018162541793391607,,,,,,,
1935-04-30,0.0793367717003568,0.00012499999999993072,0.0033169106083266175,-0.0027029908553233284,-0.0027029908553233284,0.0646339174013233,0.031080684783086454,0.0907,9.999999999998899e-05,0.0033169106083266175,0.0033169106083266175,0.0033169106083266175,0.07707843784623125,0.03854760282479308,,,,,,,
1935-05-31,0.08262659476401146,0.00012499999999993072,0.0033077506937861934,0.0033077506937861934,0.0033077506937861934,0.07019059980161924,0.03507187643227816,0.03469999999999995,0.028491799999999845,0.0033077506937861934,0.028491799999999845,0.028491799999999845,0.029443753926163385,0.02701642845860075,,,,,,,
1935-06-30,0.04170940170940174,0.00012499999999993072,0.0032985912093435044,0.03545914529914529,0.03545914529914529,0.03541067871925763,0.01767943486669421,0.0593999999999999,0.0593999999999999,0.05304359999999986,0.0593999999999999,0.0593999999999999,0.05047799121247487,0.05047799121247487,,,,,,,
1935-07-31,0.05599472990777343,0.04965876152832682,0.04965876152832682,0.05599472990777343,0.05599472990777343,0.04758208530795427,0.04500561333868536,0.0754999999999999,0.0754999999999999,0.0754999999999999,0.0754999999999999,0.0754999999999999,0.06414404453357658,0.06414404453357658,,,,,,,
1935-08-31,0.07104851330203465,0.07104851330203465,0.07104851330203465,0.07104851330203465,0.07104851330203465,0.060366723926464694,0.060366723926464694,0.026599999999999957,0.026599999999999957,0.12570499999999996,0.026599999999999957,0.026599999999999957,0.022569571897288032,0.022569571897288032,,,,,,,
1935-09-30,0.02433304016417459,0.02433304016417459,0.02433304016417459,0.02433304016417459,0.02433304016417459,0.020650859278390277,0.020650859278390277,0.02629999999999999,0.02629999999999999,0.020299999999999985,0.014178199999999919,0.014178199999999919,0.02234973255511563,0.02234973255511563,,,,,,,
1935-10-31,0.02993109388458226,0.02993109388458226,0.02993109388458226,0.02993109388458226,0.02993109388458226,0.025447830632044255,0.025447830632044255,0.07040000000000002,0.07040000000000002,0.10060000000000002,0.10060000000000002,0.10060000000000002,0.059834222127248315,0.059834222127248315,,,,,,,
1935-11-30,0.0971756152125276,0.0971756152125276,0.0971756152125276,0.0971756152125276,0.0971756152125276,0.08260023399267236,0.08260023399267236,0.048899999999999944,0.048899999999999944,0.2189000000000001,0.2189000000000001,0.2189000000000001,0.041542147054736356,0.041542147054736356,,,,,,,
1935-12-31,0.0030035787321063268,0.0030035787321063268,0.0030035787321063268,0.0030035787321063268,0.0030035787321063268,0.002504317437085568,0.002504317437085568,0.045600000000000085,0.045600000000000085,0.04800000000000004,0.04800000000000004,0.04800000000000004,0.03873784536502911,0.03873784536502911,,,,,,,
1936-01-31,0.058282208588957385,0.058282208588957385,0.058282208588957385,0.058282208588957385,0.058282208588957385,0.04955632865963544,0.04955632865963544,0.06899999999999995,0.06899999999999995,0.22449999999999992,0.22449999999999992,0.22449999999999992,0.05862952602152771,0.05862952602152771,,,,,,,
1936-02-29,0.06038032945736416,0.06038032945736416,0.06038032945736416,0.06038032945736416,0.06038032945736416,0.05130371391170563,0.05130371391170563,0.02499999999999991,0.02499999999999991,0.0653999999999999,0.0653999999999999,0.0653999999999999,0.02121415356014178,0.02121415356014178,,,,,,,
1936-03-31,0.02416953035509728,0.02416953035509728,0.02416953035509728,0.02416953035509728,0.02416953035509728,0.020524385899344466,0.020524385899344466,0.009800000000000031,0.009800000000000031,0.013600000000000056,0.013600000000000056,0.013600000000000056,0.00834119220235685,0.00834119220235685,,,,,,,
1936-04-30,0.004243309780170623,0.004243309780170623,0.004243309780170623,0.004243309780170623,0.004243309780170623,0.003613755859949608,0.003613755859949608,-0.08119999999999994,-0.08119999999999994,-0.17169999999999996,-0.17169999999999996,-0.17169999999999996,-0.06899678065119597,-0.06899678065119597,,,,,,,
1936-05-31,-0.05010454189068114,-0.05010454189068114,-0.05010454189068114,-0.05010454189068114,-0.05010454189068114,-0.042566835693086835,-0.042566835693086835,0.052100000000000035,0.052100000000000035,0.04519999999999991,0.04519999999999991,0.04519999999999991,0.04424515054686329,0.04424515054686329,,,,,,,
1936-06-30,0.04583629051336602,0.04583629051336602,0.04583629051336602,0.04583629051336602,0.04583629051336602,0.038944113843031314,0.038944113843031314,0.02429999999999999,0.02429999999999999,-0.01749999999999996,0.018154199999999898,0.018154199999999898,0.020661194311629938,0.020661194311629938,,,,,,,
1936-07-31,0.06245745405037484,0.06245745405037484,0.06245745405037484,0.06245745405037484,0.06245745405037484,0.053078423608409864,0.053078423608409864,0.06689999999999996,0.06689999999999996,0.07800000000000007,0.06689999999999996,0.06689999999999996,0.05686098920662297,0.05686098920662297,,,,,,,
1936-08-31,0.02308269065981139,0.02308269065981139,0.02308269065981139,0.02308269065981139,0.02308269065981139,0.01959289931298369,0.01959289931298369,0.010099999999999998,0.010099999999999998,0.011200000000000099,0.010099999999999998,0.010099999999999998,0.008566231697326065,0.008566231697326065,,,,,,,
1936-09-30,0.014545263600084235,0.014545263600084235,0.014545263600084235,0.014545263600084235,0.014545263600084235,0.012371036313049144,0.012371036313049144,0.009800000000000031,0.009800000000000031,0.043500000000000094,0.009800000000000031,0.009800000000000031,0.008337428527379176,0.008337428527379176,,,,,,,
1936-10-31,0.05569401349948078,0.05569401349948078,0.05569401349948078,0.05569401349948078,0.05569401349948078,0.047348531882343003,0.047348531882343003,0.07119999999999993,0.07119999999999993,0.0677000000000001,0.07119999999999993,0.07119999999999993,0.060542195318789904,0.060542195318789904,,,,,,,
1936-11-30,0.03119860371028249,0.03119860371028249,0.03119860371028249,0.03119860371028249,0.03119860371028249,0.026493404346620286,0.026493404346620286,0.03269999999999995,0.03269999999999995,0.1180000000000001,0.11129200000000017,0.11129200000000017,0.027757361746122422,0.027757361746122422,,,,,,,
1936-12-31,-0.013824884792627112,-0.013824884792627112,-0.013824884792627112,-0.013824884792627112,-0.013824884792627112,-0.011760299385908723,-0.011760299385908723,0.0020000000000000018,0.0020000000000000018,0.03370000000000006,0.03370000000000006,0.03370000000000006,0.0016756945385820732,0.0016756945385820732,,,,,,,
1937-01-31,0.034632669011332995,0.034632669011332995,0.034632669011332995,0.034632669011332995,0.034632669011332995,0.02944167877235837,0.02944167877235837,0.033600000000000074,0.033600000000000074,0.11369999999999991,0.11369999999999991,0.11369999999999991,0.02857342895103332,0.02857342895103332,,,,,,,
1937-02-28,0.03306803107826384,0.03306803107826384,0.03306803107826384,0.03306803107826384,0.03306803107826384,0.028102692892902903,0.028102692892902903,0.010999999999999899,0.010999999999999899,0.03479999999999994,0.03479999999999994,0.03479999999999994,0.009354850753761301,0.009354850753761301,,,,,,,
1937-03-31,0.0023467697404750965,0.0023467697404750965,0.0023467697404750965,0.0023467697404750965,0.0023467697404750965,0.001988955429608419,0.001988955429608419,-0.0024999999999999467,-0.0024999999999999467,0.014000000000000012,0.014000000000000012,0.014000000000000012,-0.0021181679517922047,-0.0021181679517922047,,,,,,,
1937-04-30,-0.056108347153123184,-0.056108347153123184,-0.056108347153123184,-0.056108347153123184,-0.056108347153123184,-0.047646210502027775,-0.047646210502027775,-0.07330000000000003,-0.07330000000000003,-0.13970000000000005,-0.13970000000000005,-0.13970000000000005,-0.06226186910867926,-0.06226186910867926,,,,,,,
1937-05-31,-0.04071134626690176,-0.04071134626690176,-0.04071134626690176,-0.04071134626690176,-0.04071134626690176,-0.03457840366581977,-0.03457840366581977,-0.00770000000000004,-0.005403600000000064,-0.03620000000000001,-0.0029385037079905363,-0.0029385037079905363,-0.006514654656599839,-0.005410168419436534,,,,,,,
1937-06-30,-0.033230769230769286,-0.033230769230769286,-0.033230769230769286,-0.0029463733105653533,-0.0029463733105653533,-0.028226611878944707,-0.028226611878944707,-0.04200000000000004,0.00029999999999996696,-0.11109999999999998,0.0030720590436967843,0.0030720590436967843,-0.03566116289003263,-0.017689489842298123,,,,,,,
1937-07-31,0.06381429560954843,-0.00570180000000009,0.06381429560954843,0.00306414221165352,0.00306414221165352,0.05425928851479589,0.024701126381950766,0.08939999999999992,0.00029999999999996696,0.1056999999999999,0.00306414221165352,0.00306414221165352,0.07599889263740423,0.038101951655135746,,,,,,,
1937-08-31,0.014249311003821985,0.00023333333333330764,0.014249311003821985,0.0030562256529789167,0.0030562256529789167,0.012100268014388904,0.00609890911071842,-0.04859999999999998,-0.054308400000000034,-0.05589999999999995,-0.054308400000000034,-0.054308400000000034,-0.0413407301744646,-0.04360409078897187,,,,,,,
1937-09-30,-0.13774392672242164,0.00024166666666669556,-0.13774392672242164,-0.1429174631620871,-0.1429174631620871,-0.11705544132521861,-0.058421442185009775,-0.13579999999999992,-0.005602400000000007,-0.22829999999999995,-0.0029699804883299707,-0.0029699804883299707,-0.05876575187392963,-0.05876575187392963,,,,,,,
1937-10-31,-0.14091858037578242,0.00025833333333324937,-0.14091858037578242,-0.14091858037578242,-0.14091858037578242,-0.06096015281048983,-0.06116244039437191,-0.09570000000000001,0.00019999999999997797,-0.002977849003584776,0.0030403933565545938,0.0030403933565545938,-0.0395565575667155,-0.0395565575667155,,,,,,,
1937-11-30,-0.08258686210640642,0.0001666666666666483,-0.0029857172464989867,-0.0029857172464989867,-0.0029857172464989867,-0.03400115564616535,-0.03400115564616535,-0.08309999999999995,0.00019999999999997797,0.0030324776192163228,0.0030324776192163228,0.0030324776192163228,-0.03414318914786074,-0.03414318914786074,,,,,,,
1937-12-31,-0.010119047619047472,7.500000000004725e-05,0.003024562156068722,0.003024562156068722,0.003024562156068722,-0.0031323140232421,-0.0031323140232421,-0.04290000000000005,0.0,0.003024562156068722,0.003024562156068722,0.003024562156068722,-0.017074479555206468,-0.017074479555206468,,,,,,,
1938-01-31,0.03231498033877789,9.166666666660106e-05,0.0030166469673171825,0.0030166469673171825,0.0030166469673171825,0.015011219814385912,0.015011219814385912,0.0047999999999999154,0.0,0.0030166469673171825,0.0030166469673171825,0.0030166469673171825,0.0032545304306883516,0.0032545304306883516,,,,,,,
1938-02-28,-0.01807642941349863,8.333333333343518e-05,0.0035927963643611616,0.0035927963643611616,0.0035927963643611616,-0.006186202109823347,-0.006186202109823347,0.058499999999999996,0.0,0.0035927963643611616,0.0035927963643611616,0.0035927963643611616,0.026385583099673093,0.026385583099673093,,,,,,,
1938-03-31,-0.06023550724637661,6.666666666665932e-05,0.003580071278316721,0.003580071278316721,0.003580071278316721,-0.024098441571681284,-0.024098441571681284,-0.23919999999999997,-9.999999999998899e-05,0.003580071278316721,0.003580071278316721,0.003580071278316721,-0.10022525646677882,-0.10022525646677882,,,,,,,
1938-04-30,-0.03454035725832527,6.666666666665932e-05,0.0035673474667679006,0.0035673474667679006,0.0035673474667679006,-0.013246786348767414,-0.013246786348767414,0.14490000000000003,9.999999999998899e-05,0.0035673474667679006,0.0035673474667679006,0.0035673474667679006,0.06269472150335709,0.06269472150335709,,,,,,,
1938-05-31,0.015447699696663042,7.500000000004725e-05,0.003554624931311423,0.003554624931311423,0.003554624931311423,0.008031527719945197,0.008031527719945197,-0.03859999999999997,0.0,0.003554624931311423,0.003554624931311423,0.003554624931311423,-0.015087536542451652,-0.015087536542451652,,,,,,,
1938-06-30,0.029225116900467585,4.166666666671759e-05,0.0035419036735464537,0.0035419036735464537,0.0035419036735464537,0.013913355740881483,0.013913355740881483,0.2389000000000001,0.0,0.0035419036735464537,0.0035419036735464537,0.0035419036735464537,0.10297012275565898,0.10297012275565898,,,,,,,
1938-07-31,0.20464685765589263,4.166666666671759e-05,0.003529183695073934,0.003529183695073934,0.003529183695073934,0.08843920349908951,0.08843920349908951,0.07319999999999993,0.06676079999999995,0.003529183695073934,0.15254299999999987,0.15254299999999987,0.05974069967544282,0.05974069967544282,,,,,,,
1938-08-31,0.010393974673202688,5.83333333332714e-05,0.0035164649974976925,0.0035164649974976925,0.0035164649974976925,0.00564693234486513,0.00564693234486513,-0.026800000000000046,-0.026800000000000046,0.0035164649974976925,-0.08889999999999998,-0.08889999999999998,-0.022831588086000387,-0.022831588086000387,,,,,,,
1938-09-30,-0.0410235580828594,-0.0467774167343622,0.003503747582422223,-0.0467774167343622,-0.0467774167343622,-0.0373177427282011,-0.0373177427282011,0.008499999999999952,0.008499999999999952,0.003503747582422223,0.0024489999999999235,0.0024489999999999235,0.007233867868023491,0.007233867868023491,,,,,,,
1938-10-31,0.11581560283687908,0.11581560283687908,0.003491031451456461,0.11581560283687908,0.11581560283687908,0.09841750087525947,0.09841750087525947,0.07810000000000006,0.07810000000000006,0.003491031451456461,0.07810000000000006,0.07810000000000006,0.06639327766374947,0.06639327766374947,,,,,,,
1938-11-30,0.004338948443083801,0.004338948443083801,0.003478316606209564,0.004338948443083801,0.004338948443083801,0.0036134468955197896,0.0036134468955197896,-0.018000000000000016,-0.018000000000000016,-0.023892000000000024,-0.062260399999999994,-0.062260399999999994,-0.015445093472149285,-0.015445093472149285,,,,,,,
1938-12-31,-0.025822494261668272,-0.025822494261668272,-0.03166755929609821,-0.025822494261668272,-0.025822494261668272,-0.021947323568753507,-0.021947323568753507,0.04160000000000008,0.04160000000000008,0.04160000000000008,0.012199999999999989,0.012199999999999989,0.035346002907790997,0.035346002907790997,,,,,,,
1939-01-31,-0.011601438140268039,-0.011601438140268039,-0.011601438140268039,-0.011601438140268039,-0.011601438140268039,-0.00987749656159631,-0.00987749656159631,-0.059799999999999964,-0.059799999999999964,-0.10033059999999994,-0.06544119999999998,-0.06544119999999998,-0.05087417430528518,-0.05087417430528518,,,,,,,
1939-02-28,-0.00455555333333324,-0.00455555333333324,-0.00455555333333324,-0.00455555333333324,-0.00455555333333324,-0.0038774183563544673,-0.0038774183563544673,0.0351999999999999,0.0351999999999999,0.028988799999999815,-0.002946848915081235,-0.002946848915081235,0.029885442607985535,0.029885442607985535,,,,,,,
1939-03-31,0.0026881720430107503,0.0026881720430107503,0.0026881720430107503,0.0026881720430107503,0.0026881720430107503,0.0022851704540001183,0.0022851704540001183,-0.12039999999999995,-0.12039999999999995,-0.12039999999999995,-0.12567759999999994,-0.12567759999999994,-0.10237840255911057,-0.10237840255911057,,,,,,,
1939-04-30,-0.1223881288673665,-0.1223881288673665,-0.1223881288673665,-0.0029662386049448264,-0.0029662386049448264,-0.10402798076038466,-0.10402798076038466,-0.0018000000000000238,-0.006000000000000005,-0.0018000000000000238,-0.0029662386049448264,-0.0029662386049448264,-0.002019225553836601,-0.002019225553836601,,,,,,,
1939-05-31,0.04098697291474296,0.04098697291474296,0.04098697291474296,0.03474105107725456,0.03474105107725456,0.03473451654019066,0.03473451654019066,0.06820000000000004,9.999999999998899e-05,0.06820000000000004,0.003042321291694794,0.003042321291694794,0.030286369558526927,0.030286369558526927,,,,,,,
1939-06-30,0.021742356782428196,-0.00597515000000004,0.021742356782428196,-0.0029856261239381565,-0.0029856261239381565,0.007925634398333159,0.007925634398333159,-0.053200000000000025,9.999999999998899e-05,-0.053200000000000025,0.0030325692918127256,0.0030325692918127256,-0.021397979863652883,-0.021397979863652883,,,,,,,
1939-07-31,0.028433945756780377,2.4999999999941735e-05,0.028433945756780377,0.0030228178389521965,0.0030228178389521965,0.013344210581873517,0.013344210581873517,0.10220000000000007,0.0,0.10220000000000007,0.0030228178389521965,0.0030228178389521965,0.04463288154686329,0.04463288154686329,,,,,,,
1939-08-31,-0.010603472815257753,3.333333333332966e-05,-0.010603472815257753,0.0030130669336272398,0.0030130669336272398,-0.0032586993444359003,-0.0032586993444359003,-0.06689999999999996,-0.07249859999999997,-0.06689999999999996,-0.07249859999999997,-0.07249859999999997,-0.05918896933357609,-0.05918896933357609,,,,,,,
1939-09-30,0.11062969381860177,4.166666666671759e-05,0.11062969381860177,0.10396591565569024,0.10396591565569024,0.0482804808678865,0.0482804808678865,0.16900000000000004,-0.005900600000000034,-0.003014703323104495,-0.003014703323104495,-0.003014703323104495,0.07037996270061075,0.07037996270061075,,,,,,,
1939-10-31,0.013965022187418796,0.00011666666666676484,-0.0030243946329594484,-0.0030243946329594484,-0.0030243946329594484,0.007072188019577652,0.007072188019577652,-0.005299999999999971,-0.01126819999999995,-0.055898800000000026,-0.055898800000000026,-0.055898800000000026,-0.006877656110066632,-0.006877656110066632,,,,,,,
1939-11-30,-0.013953488372093314,-0.019869767441860753,-0.019869767441860753,-0.019869767441860753,-0.019869767441860753,-0.014363401352305738,-0.014363401352305738,-0.03649999999999998,-0.03649999999999998,-0.04228100000000001,-0.12990000000000002,-0.12990000000000002,-0.0310289464880662,-0.0310289464880662,,,,,,,
1939-12-31,-0.019600105235464182,-0.019600105235464182,-0.019600105235464182,-0.019600105235464182,-0.019600105235464182,-0.016664493741111452,-0.016664493741111452,0.029300000000000104,0.029300000000000104,0.029300000000000104,-0.0010999999999999899,-0.0010999999999999899,0.024875465791312834,0.024875465791312834,,,,,,,
1940-01-31,-0.001459626785233037,-0.001459626785233037,-0.001459626785233037,-0.001459626785233037,-0.001459626785233037,-0.001250944319069358,-0.001250944319069358,-0.02410000000000001,-0.02410000000000001,-0.02410000000000001,-0.029955399999999965,-0.029955399999999965,-0.020506421828332844,-0.020506421828332844,,,,,,,
1940-02-29,-0.0022583536585367714,-0.0022583536585367714,-0.0022583536585367714,-0.0022583536585367714,-0.0022583536585367714,-0.0019194919435975288,-0.0019194919435975288,0.014399999999999968,0.014399999999999968,0.014399999999999968,-0.0022510739180203743,-0.0022510739180203743,0.012220947547755712,0.012220947547755712,,,,,,,
1940-03-31,-0.001432078559738148,-0.001432078559738148,-0.001432078559738148,-0.001432078559738148,-0.001432078559738148,-0.0012165020136964966,-0.0012165020136964966,0.020499999999999963,0.020499999999999963,0.020499999999999963,0.02878999999999987,0.02878999999999987,0.017413927572710097,0.017413927572710097,,,,,,,
1940-04-30,0.014243257887517125,0.014243257887517125,0.014243257887517125,0.014243257887517125,0.014243257887517125,0.012108146129434116,0.012108146129434116,0.0021999999999999797,0.0021999999999999797,0.049266400000000043,-0.003813200000000072,-0.003813200000000072,0.001854557263410106,0.001854557263410106,,,,,,,
1940-05-31,-0.13336502988318377,-0.005983433333333177,-0.13336502988318377,-0.0022989023709847345,-0.0022989023709847345,-0.057514844424699785,-0.057514844424699785,-0.22019999999999995,-0.22019999999999995,-0.31010000000000004,-0.31423940000000006,-0.31423940000000006,-0.18720136538912235,-0.18720136538912235,,,,,,,
1940-06-30,-0.08089161940768741,5.0000000000105516e-05,-0.08089161940768741,-0.08640626969124132,-0.08640626969124132,-0.03300008946297539,-0.03300008946297539,0.06689999999999996,-0.006000000000000005,-0.0023148394568782704,-0.0023148394568782704,-0.0023148394568782704,0.02738162633836838,0.02738162633836838,,,,,,,
1940-07-31,0.03875100827300937,8.333333333343518e-05,-0.002330773669089403,-0.002330773669089403,-0.002330773669089403,0.017921420887623718,0.017921420887623718,0.03180000000000005,9.999999999998899e-05,0.0036913745783808682,0.0036913745783808682,0.0036913745783808682,0.015006121690331664,0.015006121690331664,,,,,,,
1940-08-31,0.02655432932932933,4.166666666671759e-05,0.003675347079553193,0.003675347079553193,0.003675347079553193,0.012801345658167929,0.012801345658167929,0.02200000000000002,-9.999999999998899e-05,0.003675347079553193,0.003675347079553193,0.003675347079553193,0.016116545038427743,0.006705382387808045,,,,,,,
1940-09-30,0.04763071895424864,3.333333333332966e-05,0.003659322481206484,0.003659322481206484,0.003659322481206484,0.03786190263868283,0.01764893823782332,0.023900000000000032,0.0,0.03505219999999998,0.01775660000000001,0.01775660000000001,0.009116053853627903,0.00913284463877373,,,,,,,
1940-10-31,0.0146597679523357,4.166666666671759e-05,0.0036433007880791735,0.0036433007880791735,0.0036433007880791735,0.005179934875316317,0.005215202326428692,0.030299999999999994,0.0,-0.0023785590166492954,0.030299999999999994,0.030299999999999994,0.01439474190743284,0.01439474190743284,,,,,,,
1940-11-30,0.02850264057160623,1.6666666666775853e-05,0.003627282004918353,0.022331624728176624,0.022331624728176624,0.013640084419444198,0.013640084419444198,-0.01649999999999996,-0.022401000000000004,0.003627282004918353,-0.01649999999999996,-0.01649999999999996,-0.016512511765875648,-0.016512511765875648,,,,,,,
1940-12-31,-0.035898603521554606,1.6666666666775853e-05,0.0036112661364795517,-0.035898603521554606,-0.035898603521554606,-0.013756450550232335,-0.013756450550232335,0.006899999999999906,0.006899999999999906,0.0036112661364795517,-0.03164520000000004,-0.03164520000000004,0.005852122867250786,0.005852122867250786,,,,,,,
1941-01-31,0.0072280231085792845,0.001184654969927701,0.0035952531875262927,0.0072280231085792845,0.0072280231085792845,0.003522950939888414,0.003522950939888414,-0.04190000000000005,-0.04190000000000005,0.0035952531875262927,-0.007000000000000006,-0.007000000000000006,-0.03563506074577116,-0.03563506074577116,,,,,,,
1941-02-28,-0.057214320695102905,-0.005983433333333177,-0.002196456939434377,-0.057214320695102905,-0.057214320695102905,-0.02773804499747501,-0.02773804499747501,-0.014399999999999968,-0.006099399999999977,-0.002196456939434377,-0.021299999999999986,-0.021299999999999986,-0.009600469539051582,-0.009600469539051582,,,,,,,
1941-03-31,0.01179642736771136,3.333333333332966e-05,-0.002153208472186585,0.01179642736771136,0.01179642736771136,0.004019397054036311,0.004019397054036311,0.008499999999999952,9.999999999998899e-05,-0.002153208472186585,-0.008140289221353458,-0.008140289221353458,0.0026935069009186297,0.0026935069009186297,,,,,,,
1941-04-30,-0.02543272194304813,9.166666666660106e-05,-0.002109981934214633,-0.008097322042609378,-0.008097322042609378,-0.011711207854906536,-0.011711207854906536,-0.05469999999999997,-9.999999999998899e-05,-0.002109981934214633,-0.06375140000000001,-0.06375140000000001,-0.02417360522685874,-0.02417360522685874,,,,,,,
1941-05-31,-0.01584831431535305,8.333333333343518e-05,-0.0020667772554163744,-0.0020667772554163744,-0.0020667772554163744,-0.007636598038206599,-0.007636598038206599,0.013700000000000045,0.0,-0.0020667772554163744,-0.008054376591883905,-0.008054376591883905,0.00486391808209885,0.00486391808209885,,,,,,,
1941-06-30,0.041092258748674615,9.166666666660106e-05,-0.0020235943659313582,-0.0020235943659313582,-0.0020235943659313582,0.016596389542353318,0.016596389542353318,0.05830000000000002,0.0,0.06954400000000005,-0.0020235943659313582,-0.006000000000000005,0.04689730615722132,0.02215977984874029,,,,,,,
1941-07-31,0.057149359631147645,9.999999999998899e-05,-0.0019804331961403854,-0.0019804331961403854,-0.005900600000000034,0.04596707716143733,0.02171890889536221,0.05899999999999994,0.05264599999999997,0.16179999999999994,0.1548292,0.1548292,0.05015037330401695,0.047604605339648165,,,,,,,
1941-08-31,0.0007851445743989327,9.999999999998899e-05,-0.0052195662930474285,-0.0019372936766648419,9.999999999998899e-05,0.0006407241415389286,0.00030949398124380245,-0.0016000000000000458,-0.0016000000000000458,-0.005099999999999993,-0.005099999999999993,-0.005099999999999993,-0.0013877016907359874,-0.0013877016907359874,,,,,,,
1941-09-30,0.008651648710414683,0.0025997388181522307,0.008651648710414683,0.0025997388181522307,0.0025997388181522307,0.0073696237653404495,0.004802369119284222,-0.008700000000000041,-0.008700000000000041,-0.029000000000000026,-0.029000000000000026,-0.029000000000000026,-0.007381292640912029,-0.007381292640912029,,,,,,,
1941-10-31,-0.03431532389322922,-0.03431532389322922,-0.03431532389322922,-0.03431532389322922,-0.03431532389322922,-0.029161823973490653,-0.029161823973490653,-0.05259999999999998,-0.05259999999999998,-0.05679999999999996,-0.05679999999999996,-0.05679999999999996,-0.04471647882601604,-0.04471647882601604,,,,,,,
1941-11-30,-0.04080478975924051,-0.04080478975924051,-0.04080478975924051,-0.04080478975924051,-0.04080478975924051,-0.0346989867204992,-0.0346989867204992,-0.019499999999999962,-0.006000000000000005,-0.007797156303940955,-0.04849999999999999,-0.04849999999999999,-0.01661642411055808,-0.010774593675984545,,,,,,,
1941-12-31,-0.05878690857346114,-0.005768066666666738,-0.007754361018348699,-0.007754361018348699,-0.005768066666666738,-0.0499646509248588,-0.027305310036281782,-0.048699999999999966,9.999999999998899e-05,-0.0017649507226847883,-0.007754361018348699,-0.005900600000000034,-0.041394541234817006,-0.020668235742415275,,,,,,,
1942-01-31,0.02609715563165871,0.0002750000000000252,-0.0017219184224386286,-0.0017219184224386286,0.0002750000000000252,0.022175252613853447,0.011159674092809047,0.008099999999999996,0.00019999999999997797,-0.0017219184224386286,-0.0017219184224386286,0.00019999999999997797,0.006875787224572827,0.0034841791069704087,,,,,,,
1942-02-28,-0.02485379805897725,0.0002249999999999197,0.0019767381834872033,0.0019767381834872033,0.0002249999999999197,-0.021110895243458327,-0.010470539090830289,-0.024499999999999966,9.999999999998899e-05,0.0019767381834872033,-0.02717219999999998,-0.02717219999999998,-0.020815877094655377,-0.010366422792567387,,,,,,,
1942-03-31,-0.047687861271676346,0.0002083333333333659,0.001977435551568041,0.001977435551568041,0.0002083333333333659,-0.0405222369230569,-0.020183960191919148,-0.06589999999999996,9.999999999998899e-05,0.001977435551568041,-0.00403442906174134,-0.005900600000000034,-0.056018142685280714,-0.027985428462213746,,,,,,,
1942-04-30,-0.03463732681336584,0.0002083333333333659,0.001978132919488562,0.001978132919488562,0.0002083333333333659,-0.029447541990271775,-0.014671697550390661,-0.04359999999999997,9.999999999998899e-05,0.001978132919488562,0.001978132919488562,9.999999999998899e-05,-0.03709650381138774,-0.01857021603311948,,,,,,,
1942-05-31,0.018601190476190466,0.0002666666666666373,0.0019788302872494334,0.0019788302872494334,0.0002666666666666373,0.015823111882448115,0.008006571931270079,0.059900000000000064,0.00029999999999996696,0.0019788302872494334,0.0019788302872494334,-0.0040330426944740205,0.05092351426776953,0.025563045818427277,,,,,,,
1942-06-30,0.05737704918032782,0.0003083333333333549,0.0019795276548497664,0.0019795276548497664,-0.004032349511079336,0.04880226073292104,0.024535214450795317,0.026999999999999913,0.00019999999999997797,0.0019795276548497664,0.0019795276548497664,0.0019795276548497664,0.02293561986172632,0.011503807774036368,,,,,,,
1942-07-31,0.04368414365746309,0.0003083333333333549,0.0019802250222902273,0.0019802250222902273,0.0019802250222902273,0.03713459901966787,0.018659850999384053,0.0354000000000001,0.00029999999999996696,0.0019802250222902273,0.04151320000000003,0.04151320000000003,0.030114354603442806,0.015178063588735302,,,,,,,
1942-08-31,0.00032149884259258243,0.0003166666666667428,0.001980922389570594,-0.005680430150462934,-0.005680430150462934,0.00028877068960642127,0.0002562707843443146,0.018299999999999983,0.01219020000000004,0.001980922389570594,0.01219020000000004,0.01219020000000004,0.01557352736932538,0.013061704765432003,,,,,,,
1942-09-30,0.016492045013581702,0.0003166666666667428,0.0019816197566910887,0.016492045013581702,0.016492045013581702,0.005328661843552407,0.0053286655681710204,0.026499999999999968,0.026499999999999968,0.0019816197566910887,0.05006160000000004,0.05006160000000004,0.022556135497341367,0.022556135497341367,,,,,,,
1942-10-31,0.07958909370199696,0.07311155913978507,0.001982317123651489,0.07958909370199696,0.07958909370199696,0.06499158322189214,0.06499158322189214,0.0685,0.0685,0.001982317123651489,0.11549999999999994,0.11549999999999994,0.05824925725807528,0.05824925725807528,,,,,,,
1942-11-30,0.02145922746781115,0.02145922746781115,0.0019830144904517955,0.02145922746781115,0.02145922746781115,0.018230006365157925,0.018230006365157925,0.0016000000000000458,0.0016000000000000458,-0.02766920000000006,-0.02180000000000004,-0.02180000000000004,0.001355630460029067,0.001355630460029067,,,,,,,
1942-12-31,0.01047166490672291,0.01047166490672291,0.004408834917282611,0.01047166490672291,0.01047166490672291,0.008932389455279965,0.008932389455279965,0.05170000000000008,0.05170000000000008,0.02069999999999994,0.02069999999999994,0.02069999999999994,0.04398896320863677,0.04398896320863677,,,,,,,
1943-01-31,0.06503851540616234,0.06503851540616234,0.06503851540616234,0.06503851540616234,0.06503851540616234,0.055322112396678724,0.055322112396678724,0.07160000000000011,0.07160000000000011,0.2198,0.2198,0.2198,0.06086504191083719,0.06086504191083719,,,,,,,
1943-02-28,0.0643376280145358,0.0643376280145358,0.0643376280145358,0.0643376280145358,0.0643376280145358,0.05468499954867001,0.05468499954867001,0.061900000000000066,0.061900000000000066,0.17520000000000002,0.17520000000000002,0.17520000000000002,0.05260587940167105,0.05260587940167105,,,,,,,
1943-03-31,0.040146554412223256,0.040146554412223256,0.040146554412223256,0.040146554412223256,0.040146554412223256,0.03412405001966223,0.03412405001966223,0.06059999999999999,0.06059999999999999,0.15189999999999992,0.15189999999999992,0.15189999999999992,0.05150792546708338,0.05150792546708338,,,,,,,
1943-04-30,0.037865100873230695,0.037865100873230695,0.037865100873230695,0.037865100873230695,0.037865100873230695,0.03220242301391485,0.03220242301391485,0.008399999999999963,0.008399999999999963,0.06929999999999992,0.06929999999999992,0.06929999999999992,0.007140816918318693,0.007140816918318693,,,,,,,
1943-05-31,0.04363344988344986,0.04363344988344986,0.04363344988344986,0.04363344988344986,0.04363344988344986,0.03710707140740066,0.03710707140740066,0.057700000000000085,0.057700000000000085,0.12650000000000006,0.12650000000000006,0.12650000000000006,0.04906854578033082,0.04906854578033082,,,,,,,
1943-06-30,0.021797028315110767,0.021797028315110767,0.021797028315110767,0.021797028315110767,0.021797028315110767,0.018542429766444712,0.018542429766444712,0.01849999999999996,0.01849999999999996,0.0020000000000000018,0.0020000000000000018,0.0020000000000000018,0.015727408971832446,0.015727408971832446,,,,,,,
1943-07-31,0.024747472451790653,0.024747472451790653,0.024747472451790653,0.024747472451790653,0.024747472451790653,0.02106637864824923,0.02106637864824923,-0.04749999999999999,-0.04749999999999999,-0.07699999999999996,-0.07699999999999996,-0.07699999999999996,-0.04034315404610289,-0.04034315404610289,,,,,,,
1943-08-31,-0.04536661943319842,-0.04536661943319842,-0.04536661943319842,-0.04536661943319842,-0.04536661943319842,-0.038531725241056636,-0.038531725241056636,0.01330000000000009,0.01330000000000009,-0.008000000000000007,-0.008000000000000007,-0.008000000000000007,0.011311463799587251,0.011311463799587251,,,,,,,
1943-09-30,0.025553662691652823,0.025553662691652823,0.025553662691652823,0.025553662691652823,0.025553662691652823,0.021730974458676222,0.021730974458676222,0.02429999999999999,0.02429999999999999,0.04190000000000005,0.04190000000000005,0.04190000000000005,0.020689963057793914,0.020689963057793914,,,,,,,
1943-10-31,-0.0049810050041703136,-0.0049810050041703136,-0.0049810050041703136,-0.0049810050041703136,-0.0049810050041703136,-0.004205170146005743,-0.004205170146005743,-0.011199999999999988,-0.011199999999999988,-0.0031999999999999806,-0.0031999999999999806,-0.0031999999999999806,-0.009492817222494399,-0.009492817222494399,,,,,,,
1943-11-30,-0.042040775813692366,-0.042040775813692366,-0.042040775813692366,-0.042040775813692366,-0.042040775813692366,-0.0356910839598672,-0.0356910839598672,-0.05899999999999994,-0.05899999999999994,-0.10040000000000004,-0.10040000000000004,-0.10040000000000004,-0.05011343663841139,-0.05011343663841139,,,,,,,
1943-12-31,0.01772580170638416,0.01772580170638416,0.01772580170638416,0.01772580170638416,0.01772580170638416,0.01508032094008227,0.01508032094008227,0.06400000000000006,-0.00570180000000009,0.10939999999999994,-0.004019872237167044,-0.004019872237167044,0.025470000436861984,0.025470000436861984,,,,,,,
1944-01-31,0.03668215011614384,-0.005685233333333262,0.03668215011614384,-0.004019179056793609,-0.004019179056793609,0.013878973244065174,0.013878973244065174,0.01770000000000005,0.011593799999999987,0.06010000000000004,0.05373939999999999,0.05373939999999999,0.012567232697126896,0.012567232697126896,,,,,,,
1944-02-29,-0.0024144374120956824,0.0003166666666667428,-0.0024144374120956824,0.0028721608445136937,0.0028721608445136937,0.00019135103815215437,0.00019135103815215437,0.0040000000000000036,0.0040000000000000036,0.022299999999999986,0.022299999999999986,0.022299999999999986,0.003431841702316918,0.003431841702316918,,,,,,,
1944-03-31,0.03242707448314919,0.02623251203625032,0.03242707448314919,0.02623251203625032,0.02623251203625032,0.0249831471543851,0.0249831471543851,0.024799999999999933,0.024799999999999933,0.05879999999999996,0.05879999999999996,0.05879999999999996,0.02110711967087875,0.02110711967087875,,,,,,,
1944-04-30,-0.013062444903581105,-0.005685233333333262,-0.013062444903581105,-0.013062444903581105,-0.013062444903581105,-0.006852426615252427,-0.006852426615252427,-0.016599999999999948,-0.016599999999999948,-0.03510000000000002,-0.03510000000000002,-0.03510000000000002,-0.014083170726723826,-0.014083170726723826,,,,,,,
1944-05-31,0.02205401597981438,0.01592169188393555,0.02205401597981438,0.02205401597981438,0.02205401597981438,0.01617260091919981,0.01617260091919981,0.05109999999999992,0.05109999999999992,0.0693999999999999,0.0693999999999999,0.0693999999999999,0.04346631691624703,0.04346631691624703,,,,,,,
1944-06-30,0.05144628099173576,0.05144628099173576,0.05144628099173576,0.05144628099173576,0.05144628099173576,0.043759801983286106,0.043759801983286106,0.055399999999999894,0.055399999999999894,0.13040000000000007,0.13040000000000007,0.13040000000000007,0.04709600187797558,0.04709600187797558,,,,,,,
1944-07-31,0.03021134569850048,0.03021134569850048,0.03021134569850048,0.03021134569850048,0.03021134569850048,0.025688706077187096,0.025688706077187096,-0.014599999999999946,-0.014599999999999946,-0.01529999999999998,-0.01529999999999998,-0.01529999999999998,-0.012404756379743365,-0.012404756379743365,,,,,,,
1944-08-31,-0.010534185897436044,-0.010534185897436044,-0.010534185897436044,-0.010534185897436044,-0.010534185897436044,-0.008928655255440288,-0.008928655255440288,0.015900000000000025,0.015900000000000025,0.03180000000000005,0.03180000000000005,0.03180000000000005,0.013548302294208003,0.013548302294208003,,,,,,,
1944-09-30,-0.012230028623471334,-0.012230028623471334,-0.012230028623471334,-0.012230028623471334,-0.012230028623471334,-0.0103563131591623,-0.0103563131591623,0.00039999999999995595,0.00039999999999995595,-9.999999999998899e-05,-9.999999999998899e-05,-9.999999999998899e-05,0.00035822130354401516,0.00035822130354401516,,,,,,,
1944-10-31,0.02883597883597866,0.02883597883597866,0.02883597883597866,0.02883597883597866,0.02883597883597866,0.02454814524891291,0.02454814524891291,0.0019000000000000128,0.0019000000000000128,0.0012000000000000899,0.0012000000000000899,0.0012000000000000899,0.0016598468027029245,0.0016598468027029245,,,,,,,
1944-11-30,-0.0028401755744899004,-0.0028401755744899004,-0.0028401755744899004,-0.0028401755744899004,-0.0028401755744899004,-0.002387893168121158,-0.002387893168121158,0.017400000000000082,0.017400000000000082,0.03400000000000003,0.03400000000000003,0.03400000000000003,0.014833759900525045,0.014833759900525045,,,,,,,
1944-12-31,0.026001040041601753,0.026001040041601753,0.026001040041601753,0.026001040041601753,0.026001040041601753,0.02214590970718011,0.02214590970718011,0.04059999999999997,0.04059999999999997,0.0794999999999999,0.0794999999999999,0.0794999999999999,0.03452666449717445,0.03452666449717445,,,,,,,
1945-01-31,0.03386344147582676,0.03386344147582676,0.03386344147582676,0.03386344147582676,0.03386344147582676,0.028811648242110577,0.028811648242110577,0.020399999999999974,0.020399999999999974,0.05509999999999993,0.05509999999999993,0.05509999999999993,0.017354606490991076,0.017354606490991076,,,,,,,
1945-02-28,0.03735277365950096,0.03735277365950096,0.03735277365950096,0.03735277365950096,0.03735277365950096,0.03177162034530845,0.03177162034530845,0.0625,0.0625,0.09610000000000007,0.09610000000000007,0.09610000000000007,0.05313908288125191,0.05313908288125191,,,,,,,
1945-03-31,0.003168340506934486,0.003168340506934486,0.003168340506934486,0.003168340506934486,0.003168340506934486,0.0027130546928724186,0.0027130546928724186,-0.038900000000000046,-0.038900000000000046,-0.07279999999999998,-0.07279999999999998,-0.07279999999999998,-0.03307875905580615,-0.03307875905580615,,,,,,,
1945-04-30,0.029014118210097806,0.029014118210097806,0.029014118210097806,0.029014118210097806,0.029014118210097806,0.024707271153232124,0.024707271153232124,0.07830000000000004,0.07830000000000004,0.08919999999999995,0.08919999999999995,0.08919999999999995,0.06656700645225011,0.06656700645225011,,,,,,,
1945-05-31,0.04160830999066323,0.04160830999066323,0.04160830999066323,0.04160830999066323,0.04160830999066323,0.03539238059454419,0.03539238059454419,0.01770000000000005,0.01770000000000005,0.04129999999999989,0.04129999999999989,0.04129999999999989,0.01503321168169891,0.01503321168169891,,,,,,,
1945-06-30,0.02187359424201496,0.02187359424201496,0.02187359424201496,0.02187359424201496,0.02187359424201496,0.018608978750081606,0.018608978750081606,0.0040999999999999925,0.0040999999999999925,0.06000000000000005,0.06000000000000005,0.06000000000000005,0.0035018407843983024,0.0035018407843983024,,,,,,,
1945-07-31,-0.016935426330903613,-0.016935426330903613,-0.016935426330903613,-0.016935426330903613,-0.016935426330903613,-0.014363569384260755,-0.014363569384260755,-0.021399999999999975,-0.021399999999999975,-0.03839999999999999,-0.03839999999999999,-0.03839999999999999,-0.018147919103742804,-0.018147919103742804,,,,,,,
1945-08-31,0.0070854025710422874,0.0070854025710422874,0.0070854025710422874,0.0070854025710422874,0.0070854025710422874,0.0060566209418899675,0.0060566209418899675,0.0625,0.0625,0.06570000000000009,0.06570000000000009,0.06570000000000009,0.0531521937571382,0.0531521937571382,,,,,,,
1945-09-30,0.07181389076196876,0.07181389076196876,0.07181389076196876,0.07181389076196876,0.07181389076196876,0.061083845889546184,0.061083845889546184,0.04800000000000004,0.04800000000000004,0.06570000000000009,0.06570000000000009,0.06570000000000009,0.04079797385262118,0.04079797385262118,,,,,,,
1945-10-31,0.04513888888888862,0.04513888888888862,0.04513888888888862,0.04513888888888862,0.04513888888888862,0.03836202893030127,0.03836202893030127,0.0391999999999999,0.0391999999999999,0.07869999999999999,0.07869999999999999,0.07869999999999999,0.03332877173783566,0.03332877173783566,,,,,,,
1945-11-30,0.036060606060606126,0.036060606060606126,0.036060606060606126,0.036060606060606126,0.036060606060606126,0.030664980955531274,0.030664980955531274,0.054200000000000026,0.054200000000000026,0.11640000000000006,0.11640000000000006,0.11640000000000006,0.046069874761725194,0.046069874761725194,,,,,,,
1945-12-31,0.020246478873239493,0.020246478873239493,0.020246478873239493,0.020246478873239493,0.020246478873239493,0.017230019540772412,0.017230019540772412,0.012199999999999989,0.012199999999999989,0.03249999999999997,0.03249999999999997,0.03249999999999997,0.010375099183969061,0.010375099183969061,,,,,,,
1946-01-31,0.04302109540296217,0.04302109540296217,0.04302109540296217,0.04302109540296217,0.04302109540296217,0.036599894648622344,0.036599894648622344,0.06269999999999998,0.06269999999999998,0.12630000000000008,0.12630000000000008,0.12630000000000008,0.05333050976015796,0.05333050976015796,,,,,,,
1946-02-28,0.005888517388087378,0.005888517388087378,0.005888517388087378,0.005888517388087378,0.005888517388087378,0.005021065588666662,0.005021065588666662,-0.05810000000000004,-0.05810000000000004,-0.07050000000000001,-0.07050000000000001,-0.07050000000000001,-0.049383082675831136,-0.049383082675831136,,,,,,,
1946-03-31,-0.026747832503228097,-0.026747832503228097,-0.026747832503228097,-0.026747832503228097,-0.026747832503228097,-0.022692302443375056,-0.022692302443375056,0.05909999999999993,0.05909999999999993,0.038799999999999946,0.038799999999999946,0.038799999999999946,0.050230642386047686,0.050230642386047686,,,,,,,
1946-04-30,0.06769347784749935,0.06769347784749935,0.06769347784749935,0.06769347784749935,0.06769347784749935,0.05756455120100523,0.05756455120100523,0.04259999999999997,0.04259999999999997,0.07030000000000003,0.07030000000000003,0.07030000000000003,0.03621061867082109,0.03621061867082109,,,,,,,
1946-05-31,0.005180421579135341,0.005180421579135341,0.005180421579135341,0.005180421579135341,0.005180421579135341,0.004401904757878938,0.004401904757878938,0.03970000000000007,0.03970000000000007,0.05279999999999996,0.05279999999999996,0.05279999999999996,0.033757717475423554,0.033757717475423554,,,,,,,
1946-06-30,-0.0033868092691622387,-0.0033868092691622387,-0.0033868092691622387,-0.0033868092691622387,-0.0033868092691622387,-0.00283498167614904,-0.00283498167614904,-0.03859999999999997,-0.03859999999999997,-0.05510000000000004,-0.05510000000000004,-0.05510000000000004,-0.032793200534088185,-0.032793200534088185,,,,,,,
1946-07-31,-0.025460472730534534,-0.025460472730534534,-0.025460472730534534,-0.025460472730534534,-0.025460472730534534,-0.021596681671643636,-0.021596681671643636,-0.026599999999999957,-0.026599999999999957,-0.05149999999999999,-0.05149999999999999,-0.05149999999999999,-0.022595072318978726,-0.022595072318978726,,,,,,,
1946-08-31,-0.01622037396121867,-0.01622037396121867,-0.01622037396121867,-0.01622037396121867,-0.01622037396121867,-0.013759695675623407,-0.013759695675623407,-0.06430000000000002,-0.06430000000000002,-0.08689999999999998,-0.004603006620680361,-0.004603006620680361,-0.054629903838224525,-0.054629903838224525,,,,,,,
1946-09-30,-0.1442090395480229,-0.1442090395480229,-0.1442090395480229,-0.004598758713446727,-0.004598758713446727,-0.12254143898941516,-0.12254143898941516,-0.10150000000000003,-0.00570180000000009,-0.15490000000000004,0.001409699483454041,0.001409699483454041,-0.08627776610671789,-0.04535541152317302,,,,,,,
1946-10-31,-0.018684189308592725,-0.005685233333333262,-0.018684189308592725,0.0014139729967910242,0.0014139729967910242,-0.015958066906770263,-0.010163888945939448,-0.014100000000000001,0.00029999999999996696,-0.004594510841189781,0.0014139729967910242,0.0014139729967910242,-0.012024208442627748,-0.005975057581034227,,,,,,,
1946-11-30,-9.416384180804815e-05,0.0003166666666667428,-0.004590263003895978,0.0014182464749536994,0.0014182464749536994,-4.730830118848672e-05,0.00011398185909317071,9.999999999998899e-05,0.00029999999999996696,0.0014182464749536994,0.0014182464749536994,0.0014182464749536994,0.00011884943011564175,0.0001937578310668986,,,,,,,
1946-12-31,0.03398003176764286,0.0003166666666667428,0.0014225199179553893,0.0014225199179553893,0.0014225199179553893,0.028930203614194072,0.014622985732198446,0.050000000000000044,0.00029999999999996696,0.0014225199179553893,0.0014225199179553893,0.0014225199179553893,0.04254484051134866,0.021422200532237312,,,,,,,
1947-01-31,0.009216418814716576,0.0003166666666667428,0.0014267933258089727,0.0014267933258089727,0.0014267933258089727,0.007856230342560888,0.004050214412929076,0.012799999999999923,0.00029999999999996696,0.0014267933258089727,0.0014267933258089727,0.0014267933258089727,0.010888132647547621,0.005540755327635871,,,,,,,
1947-02-28,0.04271678172255111,0.0003166666666667428,0.0004699429526016097,0.0004699429526016097,0.0004699429526016097,0.036349763801056145,0.018323481271415254,-0.010600000000000054,0.00029999999999996696,0.0004699429526016097,0.0004699429526016097,0.0004699429526016097,-0.008974374357333614,-0.004350646869095587,,,,,,,
1947-03-31,-0.036708860759493867,0.0003166666666667428,0.00048420592578102273,0.00048420592578102273,0.00048420592578102273,-0.031185354736754767,-0.015479290870115459,-0.01649999999999996,0.00029999999999996696,0.00048420592578102273,0.00048420592578102273,0.00048420592578102273,-0.01398829630413656,-0.006855941875440363,,,,,,,
1947-04-30,-0.03290823988566427,0.0003166666666667428,0.0004984677859261044,-0.038710790446350285,-0.038710790446350285,-0.0279529228769273,-0.013858296361496825,-0.047699999999999965,0.00029999999999996696,0.0004984677859261044,0.0004984677859261044,0.0004984677859261044,-0.040512506332528675,-0.020124304116859282,,,,,,,
1947-05-31,-0.013546421232876416,0.0003166666666667428,0.0005127285343617949,-0.013546421232876416,-0.013546421232876416,-0.011492805420219132,-0.005624268194005522,-0.009299999999999975,0.00029999999999996696,0.0005127285343617949,0.0005127285343617949,0.0005127285343617949,-0.007897969130588822,-0.003851552162057348,,,,,,,
1947-06-30,0.03928405392840495,0.0003166666666667428,0.000526988172411702,-0.005476173756622793,-0.005476173756622793,0.033427858813655176,0.016857020545935297,0.0532999999999999,0.00029999999999996696,0.000526988172411702,0.000526988172411702,0.000526988172411702,0.0453422621299413,0.022810548087069282,,,,,,,
1947-07-31,0.06699236298292921,0.0003166666666667428,0.0005412467013974354,0.0005412467013974354,0.0005412467013974354,0.056960519113480323,0.02859604000247251,0.04160000000000008,0.035350400000000004,0.0005412467013974354,0.035350400000000004,0.035350400000000004,0.03536484072729218,0.03284338429158207,,,,,,,
1947-08-31,-0.01553582752060878,0.0005500000000000504,0.000555504122638828,-0.021442612555485185,-0.021442612555485185,-0.008866066351020163,-0.00881811289365475,-0.017100000000000004,-0.017100000000000004,0.000555504122638828,-0.017100000000000004,-0.017100000000000004,-0.014520071996653505,-0.014520071996653505,,,,,,,
1947-09-30,-0.021614920224234502,-0.027485230702889107,0.0005697604374541587,-0.021614920224234502,-0.021614920224234502,-0.020805627954769257,-0.020805627954769257,-0.0048000000000000265,-0.0048000000000000265,0.0005697604374541587,-0.0048000000000000265,-0.0048000000000000265,-0.004003452820478759,-0.004003452820478759,,,,,,,
1947-10-31,0.030360043160690298,0.030360043160690298,0.0005840156471601521,0.030360043160690298,0.030360043160690298,0.02588825740802303,0.02588825740802303,0.0253000000000001,0.0253000000000001,0.01914820000000006,0.03465459999999987,0.03465459999999987,0.021590762884966086,0.021590762884966086,,,,,,,
1947-11-30,-0.007209638619201542,-0.0052959166666667334,-0.013166380787486331,-0.007209638619201542,-0.007209638619201542,-0.005268769598419265,-0.005268769598419265,-0.019299999999999984,-0.019299999999999984,-0.019299999999999984,-0.03490000000000004,-0.03490000000000004,-0.01633319431371283,-0.01633319431371283,,,,,,,
1947-12-31,-0.011132940406025194,-0.017066142763589087,-0.011132940406025194,-0.011132940406025194,-0.011132940406025194,-0.011885575837476403,-0.011885575837476403,0.030899999999999928,0.030899999999999928,0.030899999999999928,0.018299999999999983,0.018299999999999983,0.02636911567519329,0.02636911567519329,,,,,,,
1948-01-31,-0.008630888223552624,-0.008630888223552624,-0.008630888223552624,-0.008630888223552624,-0.008630888223552624,-0.00722662776675409,-0.00722662776675409,-0.03859999999999997,-0.03859999999999997,-0.03859999999999997,-0.011299999999999977,-0.011299999999999977,-0.03272670084161167,-0.03272670084161167,,,,,,,
1948-02-29,-0.04446691953247939,-0.005196516666666651,-0.04446691953247939,-0.04446691953247939,-0.04446691953247939,-0.020012993647768318,-0.020012993647768318,-0.04310000000000003,-0.04310000000000003,-0.0030307403288027945,-0.0030307403288027945,-0.0030307403288027945,-0.03655994561515874,-0.03655994561515874,,,,,,,
1948-03-31,0.0192080378250592,0.0008333333333332416,0.0192080378250592,-0.0030392215979894166,-0.0030392215979894166,0.009483702727988819,0.009483702727988819,0.08200000000000007,-0.005105400000000149,0.0029786503038335965,0.0029786503038335965,0.0029786503038335965,0.033608486516862435,0.033608486516862435,,,,,,,
1948-04-30,0.08187645687645673,0.0008333333333332416,-0.0030477025164239446,0.002970118192732407,0.002970118192732407,0.03615952812558687,0.03615952812558687,0.03730000000000011,0.0310762,0.0310762,0.03574800000000011,0.03574800000000011,0.0292783281758906,0.0292783281758906,,,,,,,
1948-05-31,0.05330086580086579,0.0008333333333332416,0.002961586434788499,0.002961586434788499,0.002961586434788499,0.04285034073885052,0.02049163241703389,0.07400000000000007,0.07400000000000007,0.0841558,0.06755599999999995,0.06755599999999995,0.06299123332352874,0.06299123332352874,,,,,,,
1948-06-30,0.04587203302373588,0.03959680082559336,0.03959680082559336,0.03959680082559336,0.03959680082559336,0.03907633284339629,0.0365446140786696,-0.00019999999999997797,-0.00019999999999997797,-0.0027000000000000357,-0.00868380000000002,-0.00868380000000002,-8.767637492246294e-05,-8.767637492246294e-05,,,,,,,
1948-07-31,-0.019536925287356177,-0.019536925287356177,-0.019536925287356177,-0.019536925287356177,-0.019536925287356177,-0.01651399761578276,-0.01651399761578276,-0.050000000000000044,-0.050000000000000044,-0.05830000000000002,-0.05830000000000002,-0.05830000000000002,-0.042380805865435245,-0.042380805865435245,,,,,,,
1948-08-31,-0.024851131749898503,-0.024851131749898503,-0.024851131749898503,-0.024851131749898503,-0.024851131749898503,-0.02101397366497415,-0.02101397366497415,0.0033000000000000806,0.0033000000000000806,-0.010399999999999965,-0.002719799999999939,-0.002719799999999939,0.0028992988301412836,0.0028992988301412836,,,,,,,
1948-09-30,-0.006744040150564623,-0.006744040150564623,-0.006744040150564623,-0.006744040150564623,-0.006744040150564623,-0.005619891793086529,-0.005619891793086529,-0.02949999999999997,-0.02949999999999997,-0.04600000000000004,-0.02949999999999997,-0.02949999999999997,-0.0250167848250743,-0.0250167848250743,,,,,,,
1948-10-31,0.03199027072758076,0.03199027072758076,0.03199027072758076,0.03199027072758076,0.03199027072758076,0.027321951963312996,0.027321951963312996,0.06000000000000005,-0.005602400000000007,0.05364000000000013,-0.003098580645213067,-0.003098580645213067,0.02418220511122593,0.02418220511122593,,,,,,,
1948-11-30,-0.05090590899732372,-0.05090590899732372,-0.05090590899732372,-0.05090590899732372,-0.05090590899732372,-0.043152169567286514,-0.043152169567286514,-0.09299999999999997,-0.09844200000000003,-0.09299999999999997,-0.09844200000000003,-0.09844200000000003,-0.08128395167585001,-0.08128395167585001,,,,,,,
1948-12-31,-0.0014715500327010522,-0.0014715500327010522,-0.0014715500327010522,-0.0014715500327010522,-0.0014715500327010522,-0.0011497161177295157,-0.0011497161177295157,0.03299999999999992,-0.005602400000000007,0.03299999999999992,-0.003115537202473706,-0.003115537202473706,0.012729234811762247,0.012729234811762247,,,,,,,
1949-01-31,0.016385050471801943,-0.00503913333333339,0.016385050471801943,-0.003124014951248255,-0.003124014951248255,0.005767055415067945,0.005767055415067945,0.0033000000000000806,0.0009999999999998899,0.0033000000000000806,0.0028933451194685933,0.0028933451194685933,0.0027376400370968668,0.0027376400370968668,,,,,,,
1949-02-28,-0.03318504231770847,0.0009749999999999481,-0.03318504231770847,0.001851209311110491,0.001851209311110491,-0.013190710499245029,-0.013190710499245029,-0.02839999999999998,0.0008999999999999009,-0.02839999999999998,0.001851209311110491,0.001851209311110491,-0.011149817715537691,-0.011149817715537691,,,,,,,
1949-03-31,0.01500789889415488,0.0009749999999999481,0.01500789889415488,0.0018519067081717022,0.0018519067081717022,0.007259571325510361,0.007259571325510361,0.04150000000000009,0.0009999999999998899,0.04150000000000009,0.0018519067081717022,0.0018519067081717022,0.018529246046294023,0.018529246046294023,,,,,,,
1949-04-30,0.00421044600938969,0.0009749999999999481,0.00421044600938969,0.001852604105071043,0.001852604105071043,0.00270351030810545,0.00270351030810545,-0.017800000000000038,0.0008999999999999009,-0.017800000000000038,-0.032838000000000034,-0.032838000000000034,-0.006699655815148531,-0.006699655815148531,,,,,,,
1949-05-31,-0.0017535818222521593,0.0009749999999999481,-0.0017535818222521593,0.001853301501808291,0.001853301501808291,0.0001848475811505601,0.0001848475811505601,-0.028800000000000048,0.0009999999999998899,-0.004157818307202521,-0.004157818307202521,-0.004157818307202521,-0.011330664660459289,-0.011330664660459289,,,,,,,
1949-06-30,-0.04905277401894437,0.0009749999999999481,-0.04905277401894437,0.0018539988983838906,0.0018539988983838906,-0.019918082530039127,-0.019918082530039127,0.0020000000000000018,0.0009999999999998899,0.0018539988983838906,0.0018539988983838906,0.0018539988983838906,0.0017427397632772124,0.0017427397632772124,,,,,,,
1949-07-31,0.06267400381770472,0.0009749999999999481,-0.00415643188297099,0.05629795979479857,0.05629795979479857,0.02749304166908373,0.02749304166908373,0.05630000000000002,0.0008999999999999009,0.0018546962947978418,0.0018546962947978418,0.0018546962947978418,0.02485002044481277,0.02485002044481277,,,,,,,
1949-08-31,0.041741926377597105,0.0008500000000000174,0.0018553936910497004,-0.004155738671096643,-0.004155738671096643,0.018567624794759263,0.018567624794759263,0.026799999999999935,0.02063919999999997,0.0018553936910497004,0.02063919999999997,0.02063919999999997,0.020365095917016074,0.020365095917016074,,,,,,,
1949-09-30,0.01874863745367339,0.0008666666666665712,0.0018560910871399106,0.012636145628951434,0.012636145628951434,0.008828706009413212,0.008828706009413212,0.03180000000000005,0.03180000000000005,0.02560920000000011,0.03180000000000005,0.03180000000000005,0.027145104179010504,0.027145104179010504,,,,,,,
1949-10-31,0.03159742844846147,0.02540784387777073,0.02540784387777073,0.03159742844846147,0.03159742844846147,0.024390986269260173,0.024390986269260173,0.032299999999999995,0.032299999999999995,0.032299999999999995,0.032299999999999995,0.032299999999999995,0.02756635171932942,0.02756635171932942,,,,,,,
1949-11-30,0.019648993077407084,0.019648993077407084,0.019648993077407084,0.019648993077407084,0.019648993077407084,0.01680963656264134,0.01680963656264134,0.018899999999999917,0.018899999999999917,0.018899999999999917,-0.008186799999999939,-0.008186799999999939,0.016161245603903085,0.016161245603903085,,,,,,,
1949-12-31,0.03258845437616409,0.03258845437616409,0.03258845437616409,0.03258845437616409,0.03258845437616409,0.027820668714799712,0.027820668714799712,0.05230000000000001,0.05230000000000001,0.05230000000000001,0.04598619999999998,0.04598619999999998,0.04457576645449879,0.04457576645449879,,,,,,,
1950-01-31,0.026350261991132662,0.026350261991132662,0.026350261991132662,0.026350261991132662,0.026350261991132662,0.022511106025405736,0.022511106025405736,0.017900000000000027,0.017900000000000027,0.04618499999999992,0.04618499999999992,0.04618499999999992,0.015311779667285697,0.015311779667285697,,,,,,,
1950-02-28,0.02527646129541883,0.02527646129541883,0.02527646129541883,0.02527646129541883,0.02527646129541883,0.02159930283938616,0.02159930283938616,0.015700000000000047,0.015700000000000047,0.02519999999999989,0.02519999999999989,0.02519999999999989,0.013467018951691445,0.013467018951691445,,,,,,,
1950-03-31,0.01380011621150512,0.01380011621150512,0.01380011621150512,0.01380011621150512,0.01380011621150512,0.01185162241839044,0.01185162241839044,0.013600000000000056,0.013600000000000056,-0.008700000000000041,-0.008700000000000041,-0.008700000000000041,0.011698697773394606,0.011698697773394606,,,,,,,
1950-04-30,0.03390970220941414,0.03390970220941414,0.03390970220941414,0.03390970220941414,0.03390970220941414,0.028953237513432484,0.028953237513432484,0.0403,0.0403,0.03405820000000004,0.059900000000000064,0.059900000000000064,0.0343801449178025,0.0343801449178025,,,,,,,
1950-05-31,0.03919095665171879,0.03919095665171879,0.03919095665171879,0.03919095665171879,0.03919095665171879,0.033430726082135154,0.033430726082135154,0.04420000000000002,0.04420000000000002,0.016364999999999963,0.022499999999999964,0.022499999999999964,0.037689761967420354,0.037689761967420354,,,,,,,
1950-06-30,0.02169197396963085,0.02169197396963085,0.02169197396963085,0.02169197396963085,0.02169197396963085,0.018554350836554878,0.018554350836554878,-0.058599999999999985,-0.058599999999999985,-0.09309999999999996,-0.09309999999999996,-0.09309999999999996,-0.04969026523177744,-0.04969026523177744,,,,,,,
1950-07-31,-0.06704317858413389,-0.06704317858413389,-0.06704317858413389,-0.06704317858413389,-0.06704317858413389,-0.05685763260350518,-0.05685763260350518,0.014699999999999935,0.014699999999999935,0.08030000000000004,0.008611799999999947,0.008611799999999947,0.012596416823315915,0.012596416823315915,,,,,,,
1950-08-31,0.06658357307249729,0.06658357307249729,0.06658357307249729,0.06658357307249729,0.06658357307249729,0.05668275106997167,0.05668275106997167,0.04960000000000009,0.04960000000000009,0.04760000000000009,0.041314400000000084,0.041314400000000084,0.04229921247825752,0.04229921247825752,,,,,,,
1950-09-30,0.0412823295351783,0.0412823295351783,0.0412823295351783,-0.00577577382143013,-0.00577577382143013,0.035190804506992635,0.035190804506992635,0.04919999999999991,0.04919999999999991,0.044300000000000006,0.044300000000000006,0.044300000000000006,0.04193283312773555,0.04193283312773555,,,,,,,
1950-10-31,0.047417321802934786,0.047417321802934786,0.047417321802934786,0.04113281787211709,0.04113281787211709,0.04043625195107725,0.04043625195107725,-0.0007000000000000339,-0.0007000000000000339,-0.005299999999999971,-0.005299999999999971,-0.005299999999999971,-0.00045037308915329977,-0.00045037308915329977,,,,,,,
1950-11-30,0.003956257339372549,0.003956257339372549,0.003956257339372549,0.003956257339372549,0.003956257339372549,0.0034923816911756056,0.0034923816911756056,0.02849999999999997,0.02849999999999997,0.034499999999999975,0.022329000000000043,0.022329000000000043,0.024388510430963795,0.024388510430963795,,,,,,,
1950-12-31,0.0021432173474531524,0.0021432173474531524,0.0021432173474531524,0.0021432173474531524,0.0021432173474531524,0.0019895466851040933,0.0019895466851040933,0.05679999999999996,0.05679999999999996,0.11769999999999992,0.11099379999999992,0.11099379999999992,0.04842354678819105,0.04842354678819105,,,,,,,
1951-01-31,0.08019691983122379,0.08019691983122379,0.08019691983122379,0.08019691983122379,0.08019691983122379,0.06833405814300497,0.06833405814300497,0.05830000000000002,0.05830000000000002,0.08689999999999998,0.08689999999999998,0.08689999999999998,0.04970733646268988,0.04970733646268988,,,,,,,
1951-02-28,0.04315311173974523,0.04315311173974523,0.04315311173974523,0.04315311173974523,0.04315311173974523,0.03678893160681307,0.03678893160681307,0.014999999999999902,0.014999999999999902,0.0047999999999999154,0.0047999999999999154,0.0047999999999999154,0.012857925692307592,0.012857925692307592,,,,,,,
1951-03-31,-0.011060606060605993,-0.011060606060605993,-0.011060606060605993,-0.011060606060605993,-0.011060606060605993,-0.009262243884588184,-0.009262243884588184,-0.020499999999999963,-0.020499999999999963,-0.04949999999999999,-0.04949999999999999,-0.04949999999999999,-0.01727039110020745,-0.01727039110020745,,,,,,,
1951-04-30,0.019314724919093917,0.019314724919093917,0.019314724919093917,0.019314724919093917,0.019314724919093917,0.016582944677083322,0.016582944677083322,0.049900000000000055,0.049900000000000055,0.04150000000000009,0.04150000000000009,0.04150000000000009,0.04259246933304839,0.04259246933304839,,,,,,,
1951-05-31,0.006336184610705509,0.006336184610705509,0.006336184610705509,0.006336184610705509,0.006336184610705509,0.005555774192093521,0.005555774192093521,-0.022399999999999975,-0.022399999999999975,-0.034499999999999975,-0.028265600000000002,-0.028265600000000002,-0.018894987007663455,-0.018894987007663455,,,,,,,
1951-06-30,-0.011399908800729608,-0.011399908800729608,-0.011399908800729608,-0.011399908800729608,-0.011399908800729608,-0.009500023955463233,-0.009500023955463233,-0.02510000000000001,-0.02510000000000001,-0.06620000000000004,-0.02510000000000001,-0.02510000000000001,-0.021173011769604844,-0.021173011769604844,,,,,,,
1951-07-31,0.02361434648105165,0.02361434648105165,0.02361434648105165,0.02361434648105165,0.02361434648105165,0.020243443843809494,0.020243443843809494,0.07079999999999997,0.07079999999999997,0.055600000000000094,0.07079999999999997,0.07079999999999997,0.06035320470573757,0.06035320470573757,,,,,,,
1951-08-31,0.049602257181942555,0.049602257181942555,0.049602257181942555,0.049602257181942555,0.049602257181942555,0.04233940665881475,0.04233940665881475,0.04420000000000002,0.04420000000000002,0.037934799999999935,0.04420000000000002,0.04420000000000002,0.03771296617174347,0.03771296617174347,,,,,,,
1951-09-30,0.03130915974952675,0.03130915974952675,0.03130915974952675,0.03130915974952675,0.03130915974952675,0.02677888550637597,0.02677888550637597,0.008199999999999985,0.008199999999999985,0.008199999999999985,0.008199999999999985,0.008199999999999985,0.0071181496752394935,0.0071181496752394935,,,,,,,
1951-10-31,0.00015378336172600093,0.00015378336172600093,0.00015378336172600093,0.00015378336172600093,0.00015378336172600093,0.00031213815834973957,0.00031213815834973957,-0.023700000000000054,-0.023700000000000054,-0.023700000000000054,-0.023700000000000054,-0.023700000000000054,-0.019910211149009593,-0.019910211149009593,,,,,,,
1951-11-30,-0.022664561929223725,-0.022664561929223725,-0.022664561929223725,-0.022664561929223725,-0.022664561929223725,-0.019073281243515483,-0.019073281243515483,0.006899999999999906,0.006899999999999906,-0.005304200000000092,0.006899999999999906,0.006899999999999906,0.006010133346629587,0.006010133346629587,,,,,,,
1951-12-31,0.03599735799207404,0.03599735799207404,0.03599735799207404,0.03599735799207404,0.03599735799207404,0.030773502855122814,0.030773502855122814,0.034499999999999975,0.034499999999999975,0.0282929999999999,0.034499999999999975,0.034499999999999975,0.02950045946573643,0.02950045946573643,,,,,,,
1952-01-31,0.03835017086715098,0.03835017086715098,0.03835017086715098,0.03835017086715098,0.03835017086715098,0.032787299712726314,0.032787299712726314,0.016000000000000014,0.016000000000000014,0.016000000000000014,0.016000000000000014,0.016000000000000014,0.013799913492442917,0.013799913492442917,,,,,,,
1952-02-29,-0.013308977538928124,-0.013308977538928124,-0.013308977538928124,-0.013308977538928124,-0.013308977538928124,-0.01114341495048865,-0.01114341495048865,-0.0252,-0.0252,-0.0252,-0.0252,-0.0252,-0.021250708845510946,-0.021250708845510946,,,,,,,
1952-03-31,0.007508771929824576,0.007508771929824576,0.007508771929824576,0.007508771929824576,0.007508771929824576,0.006563573844845072,0.006563573844845072,0.045500000000000096,0.045500000000000096,0.045500000000000096,0.045500000000000096,0.045500000000000096,0.03881856429294217,0.03881856429294217,,,,,,,
1952-04-30,0.002064958700826125,0.002064958700826125,0.002064958700826125,0.002064958700826125,0.002064958700826125,0.0019492242987124708,0.0019492242987124708,-0.04849999999999999,-0.04849999999999999,-0.04849999999999999,-0.04849999999999999,-0.04849999999999999,-0.04107635407332222,-0.04107635407332222,,,,,,,
1952-05-31,0.004633529907329459,0.004633529907329459,0.004633529907329459,0.004633529907329459,0.004633529907329459,0.004134183120757751,0.004134183120757751,0.03330000000000011,0.03330000000000011,0.03330000000000011,-0.004827381125233732,-0.004827381125233732,0.028459222190561517,0.028459222190561517,,,,,,,
1952-06-30,0.03248349487287561,0.03248349487287561,0.03248349487287561,0.03248349487287561,0.03248349487287561,0.027817116865410885,0.027817116865410885,0.03990000000000005,0.03990000000000005,0.03990000000000005,0.03366060000000015,0.03366060000000015,0.034115385758677785,0.034115385758677785,,,,,,,
1952-07-31,0.03366830735575577,0.03366830735575577,0.03366830735575577,0.03366830735575577,0.03366830735575577,0.028806752611487463,0.028806752611487463,0.010599999999999943,0.010599999999999943,0.010599999999999943,0.010599999999999943,0.010599999999999943,0.009206331456708128,0.009206331456708128,,,,,,,
1952-08-31,0.00880515683147265,0.00880515683147265,0.00880515683147265,0.00880515683147265,0.00880515683147265,0.0076864672810685875,0.0076864672810685875,-0.006199999999999983,-0.006199999999999983,-0.006199999999999983,-0.006199999999999983,-0.006199999999999983,-0.005051862999432721,-0.005051862999432721,,,,,,,
1952-09-30,-0.011086841408525228,-0.011086841408525228,-0.011086841408525228,-0.011086841408525228,-0.011086841408525228,-0.00920055362050598,-0.00920055362050598,-0.01880000000000004,-0.01880000000000004,-0.01880000000000004,-0.01880000000000004,-0.01880000000000004,-0.01574582718166151,-0.01574582718166151,,,,,,,
1952-10-31,-0.016153248587570723,-0.016153248587570723,-0.016153248587570723,-0.016153248587570723,-0.016153248587570723,-0.013526117277614103,-0.013526117277614103,-0.005199999999999982,-0.005199999999999982,-0.005199999999999982,-0.00477240466251827,-0.00477240466251827,-0.004225788814683162,-0.004225788814683162,,,,,,,
1952-11-30,0.03662864111019548,0.03662864111019548,0.03662864111019548,0.03662864111019548,0.03662864111019548,0.031337785955472874,0.031337785955472874,0.06059999999999999,0.06059999999999999,0.06059999999999999,0.05423639999999996,0.05423639999999996,0.05165466771976024,0.05165466771976024,,,,,,,
1952-12-31,0.045045944866160426,-0.004467583333333192,0.045045944866160426,0.045045944866160426,0.045045944866160426,0.017282670951255685,0.017282670951255685,0.030899999999999928,0.030899999999999928,0.030899999999999928,0.030899999999999928,0.030899999999999928,0.02646049657781968,0.02646049657781968,,,,,,,
1953-01-31,0.009888632872503411,0.0038293010752683543,0.009888632872503411,0.009888632872503411,0.009888632872503411,0.006141528757865888,0.006141528757865888,-0.0018000000000000238,-0.0018000000000000238,-0.0018000000000000238,-0.0018000000000000238,-0.0018000000000000238,-0.0013118075755061964,-0.0013118075755061964,,,,,,,
1953-02-28,-0.0077349121466769866,-0.0077349121466769866,-0.0077349121466769866,-0.0077349121466769866,-0.0077349121466769866,-0.006335815093721497,-0.006335815093721497,-0.0012999999999999678,-0.0012999999999999678,-0.0012999999999999678,0.015569799999999967,0.015569799999999967,-0.0008976020287220221,-0.0008976020287220221,,,,,,,
1953-03-31,0.009570765661252922,0.009570765661252922,0.009570765661252922,0.009570765661252922,0.009570765661252922,0.00837412800270032,0.00837412800270032,-0.012599999999999945,-0.012599999999999945,-0.022003400000000006,-0.016100000000000003,-0.016100000000000003,-0.010442045767141583,-0.010442045767141583,,,,,,,
1953-04-30,-0.04471806464024619,-0.04471806464024619,-0.04471806464024619,-0.04471806464024619,-0.04471806464024619,-0.037764893153938495,-0.037764893153938495,-0.026699999999999946,-0.026699999999999946,-0.02070000000000005,-0.02070000000000005,-0.02070000000000005,-0.022465882246372137,-0.022465882246372137,,,,,,,
1953-05-31,0.010038682045055758,0.010038682045055758,0.010038682045055758,0.010038682045055758,0.010038682045055758,0.008769421542263567,0.008769421542263567,0.006799999999999917,-0.004310199999999931,0.007500000000000062,0.007500000000000062,0.007500000000000062,-0.006385377980997808,-0.006385377980997808,,,,,,,
1953-06-30,-0.03106548577563073,-0.004210799999999959,-0.03106548577563073,-0.00855720436735552,-0.00855720436735552,-0.016546577974132615,-0.016546577974132615,-0.017100000000000004,-0.022997400000000057,-0.040100000000000025,-0.040100000000000025,-0.040100000000000025,-0.01675176297283576,-0.01675176297283576,,,,,,,
1953-07-31,0.01913709116214335,0.0017583333333333062,0.01913709116214335,0.013022268615170418,0.013022268615170418,-0.0033361625567644992,-0.0033361625567644992,0.025500000000000078,-0.004508999999999985,0.011957692104458628,0.011957692104458628,-0.004508999999999985,-0.0035929602631538105,-0.0035929602631538105,,,,,,,
1953-08-31,0.008988609853163076,0.0017000000000000348,0.008988609853163076,-0.005280425085193663,-0.004310199999999931,0.0017000000000000348,0.0017000000000000348,-0.04390000000000005,-0.04963660000000003,-0.06593820000000006,-0.04963660000000003,-0.04963660000000003,-0.04197099399999993,-0.04197099399999993,,,,,,,
1953-09-30,-0.04106874402077376,0.0017000000000000348,-0.04106874402077376,0.009355489270684414,0.0032993563350602884,-0.01825569528911719,-0.01825569528911719,0.0037000000000000366,-0.0044096000000000135,0.0032993563350602884,0.0032993563350602884,0.0032993563350602884,0.003223822053543657,0.003223822053543657,,,,,,,
1953-10-31,0.03520269302392198,0.001491666666666669,0.03520269302392198,0.02067870140431305,0.02067870140431305,0.023899659747443458,0.023899659747443458,0.0472999999999999,0.0013000000000000789,0.02067870140431305,0.02067870140431305,0.02067870140431305,0.029076641801478953,0.029076641801478953,,,,,,,
1953-11-30,0.027117229870671666,0.0011499999999999844,-0.005526154826946961,0.0004767054054859443,0.0004767054054859443,0.011871625275329034,0.011871625275329034,0.029199999999999893,0.023024799999999956,0.023024799999999956,0.023024799999999956,0.023024799999999956,0.022347755108416578,0.022347755108416578,,,,,,,
1953-12-31,0.018401360544217704,0.0012000000000000899,0.012290952380952458,0.012290952380952458,0.012290952380952458,0.012252930327263378,0.012252930327263378,0.0015000000000000568,0.0015000000000000568,0.0015000000000000568,0.0015000000000000568,0.0015000000000000568,0.001448771501531887,0.001448771501531887,,,,,,,
1954-01-31,0.030261343804537377,0.0013333333333334085,0.030261343804537377,0.030261343804537377,0.030261343804537377,0.018068911931433673,0.018068911931433673,0.0524,0.0524,0.0057491021634115125,0.0524,0.0524,0.04470484039475475,0.04470484039475475,,,,,,,
1954-02-28,0.026784924063891324,0.02062421451950791,-0.003072249885437972,0.026784924063891324,0.026784924063891324,0.02032230341855823,0.02032230341855823,0.017400000000000082,0.017400000000000082,0.011295600000000183,0.017400000000000082,0.017400000000000082,0.014856875317120766,0.014856875317120766,,,,,,,
1954-03-31,0.025845503458877817,0.025845503458877817,0.019690430438124462,0.025845503458877817,0.025845503458877817,0.022070205637702678,0.022070205637702678,0.0374000000000001,0.0374000000000001,0.0374000000000001,0.0374000000000001,0.0374000000000001,0.03189701031515102,0.03189701031515102,,,,,,,
1954-04-30,0.04448416133483879,0.04448416133483879,0.04448416133483879,0.04448416133483879,0.04448416133483879,0.03792083667195634,0.03792083667195634,0.04360000000000008,0.04360000000000008,0.04360000000000008,0.04360000000000008,0.04360000000000008,0.03716685760114258,0.03716685760114258,,,,,,,
1954-05-31,0.044205181565930785,0.044205181565930785,0.044205181565930785,0.044205181565930785,0.044205181565930785,0.03766228843850228,0.03766228843850228,0.031500000000000083,0.031500000000000083,0.031500000000000083,0.031500000000000083,0.031500000000000083,0.02681766030623467,0.02681766030623467,,,,,,,
1954-06-30,0.012211393433112505,0.012211393433112505,0.012211393433112505,0.012211393433112505,0.012211393433112505,0.01044235669903082,0.01044235669903082,0.011400000000000077,0.011400000000000077,0.011400000000000077,0.011400000000000077,0.011400000000000077,0.00975667922997503,0.00975667922997503,,,,,,,
1954-07-31,0.04459216735727445,0.04459216735727445,0.04459216735727445,0.04459216735727445,0.04459216735727445,0.03797424391328552,0.03797424391328552,0.05049999999999999,0.05049999999999999,0.05049999999999999,0.05049999999999999,0.05049999999999999,0.04299146619461647,0.04299146619461647,,,,,,,
1954-08-31,0.023960974665339085,0.023960974665339085,0.023960974665339085,0.023960974665339085,0.023960974665339085,0.020423692571930108,0.020423692571930108,-0.02300000000000002,-0.02300000000000002,-0.02300000000000002,-0.004906599999999872,-0.004906599999999872,-0.019510958850671112,-0.019510958850671112,,,,,,,
1954-09-30,0.02741620566221936,0.02741620566221936,0.02741620566221936,0.02741620566221936,0.02741620566221936,0.023400851795034372,0.023400851795034372,0.06489999999999996,0.06489999999999996,0.06489999999999996,0.03980000000000006,0.03980000000000006,0.05528065153285211,0.05528065153285211,,,,,,,
1954-10-31,0.02716833598304169,0.02716833598304169,0.02716833598304169,0.02716833598304169,0.02716833598304169,0.023198952661160233,0.023198952661160233,-0.016000000000000014,-0.016000000000000014,-0.016000000000000014,-0.0048000000000000265,-0.0048000000000000265,-0.013540768297924832,-0.013540768297924832,,,,,,,
1954-11-30,0.04308232338926876,0.04308232338926876,0.04308232338926876,0.04308232338926876,0.04308232338926876,0.03672206880454154,0.03672206880454154,0.0947,0.0947,0.0947,0.0847,0.0847,0.08057100613918067,0.08057100613918067,,,,,,,
1954-12-31,0.04959130781499166,0.04959130781499166,0.04959130781499166,0.04959130781499166,0.04959130781499166,0.04223635606211462,0.04223635606211462,0.05570000000000008,0.05570000000000008,0.05570000000000008,0.10860000000000003,0.10860000000000003,0.04739521989087159,0.04739521989087159,,,,,,,
1955-01-31,0.021701148603564757,0.021701148603564757,0.021701148603564757,0.021701148603564757,0.021701148603564757,0.018553230260565323,0.018553230260565323,0.006799999999999917,0.006799999999999917,0.01517220000000008,0.021300000000000097,0.021300000000000097,0.005859668064183587,0.005859668064183587,,,,,,,
1955-02-28,0.03706303838951319,0.03706303838951319,0.03706303838951319,0.03706303838951319,0.03706303838951319,0.031640010821201825,0.031640010821201825,0.031099999999999905,0.031099999999999905,0.05360000000000009,0.05360000000000009,0.05360000000000009,0.026565315681181145,0.026565315681181145,,,,,,,
1955-03-31,-0.004349007882576972,-0.004349007882576972,-0.004349007882576972,-0.004349007882576972,-0.004349007882576972,-0.0035770411287385784,-0.0035770411287385784,-0.0004999999999999449,-0.0004999999999999449,-0.0017000000000000348,-0.0017000000000000348,-0.0017000000000000348,-0.00029749885217278393,-0.00029749885217278393,,,,,,,
1955-04-30,0.03808979452054806,0.03808979452054806,0.03808979452054806,0.03808979452054806,0.03808979452054806,0.03253210497632497,0.03253210497632497,0.03210000000000002,0.03210000000000002,0.025700000000000056,0.025700000000000056,0.025700000000000056,0.027433820694028554,0.027433820694028554,,,,,,,
1955-05-31,-0.0007797713629941194,-0.0007797713629941194,-0.0007797713629941194,-0.0007797713629941194,-0.0007797713629941194,-0.0004914731438262487,-0.0004914731438262487,0.01079999999999992,0.01079999999999992,0.0046999999999999265,0.0046999999999999265,0.0046999999999999265,0.00936662635379859,0.00936662635379859,,,,,,,
1955-06-30,0.06145833333333339,0.06145833333333339,0.06145833333333339,0.06145833333333339,0.06145833333333339,0.052419137991097875,0.052419137991097875,0.0665,0.0665,0.03770000000000007,0.03770000000000007,0.03770000000000007,0.056667472136711305,0.056667472136711305,,,,,,,
1955-07-31,0.07647618149823998,0.07647618149823998,0.07647618149823998,0.07647618149823998,0.07647618149823998,0.06513435418600255,0.06513435418600255,0.01990000000000003,0.01990000000000003,0.016199999999999992,0.013780600000000032,0.013780600000000032,0.017016770805131864,0.017016770805131864,,,,,,,
1955-08-31,-0.00296062700085864,-0.00296062700085864,-0.00296062700085864,-0.00296062700085864,-0.00296062700085864,-0.002370488061456899,-0.002370488061456899,0.0038000000000000256,0.0038000000000000256,0.0019000000000000128,0.0038000000000000256,0.0038000000000000256,0.003455734765236418,0.003455734765236418,,,,,,,
1955-09-30,0.04819703040301704,0.04819703040301704,0.04819703040301704,0.04819703040301704,0.04819703040301704,0.04120154766804274,0.04120154766804274,-0.0020999999999999908,-0.0020999999999999908,-0.0023999999999999577,-0.0020999999999999908,-0.0020999999999999908,-0.0015466745889414213,-0.0015466745889414213,,,,,,,
1955-10-31,-0.04723599834611336,-0.04723599834611336,-0.04723599834611336,-0.04723599834611336,-0.04723599834611336,-0.03992473064580493,-0.03992473064580493,-0.024900000000000033,-0.024900000000000033,-0.013000000000000012,-0.024900000000000033,-0.024900000000000033,-0.020897775645074113,-0.020897775645074113,,,,,,,
1955-11-30,0.0706746813900101,0.0706746813900101,0.0706746813900101,0.0706746813900101,0.0706746813900101,0.06031086335589575,0.06031086335589575,0.07210000000000005,0.07210000000000005,0.04279999999999995,0.07210000000000005,0.07210000000000005,0.06151785479057903,0.06151785479057903,,,,,,,
1955-12-31,0.012384130515387337,0.012384130515387337,0.012384130515387337,0.012384130515387337,0.012384130515387337,0.010756326284120377,0.010756326284120377,0.016699999999999937,0.016699999999999937,0.021300000000000097,0.016699999999999937,0.016699999999999937,0.014413532295495246,0.014413532295495246,,,,,,,
1956-01-31,-0.023822643450150616,-0.023822643450150616,-0.023822643450150616,-0.023822643450150616,-0.023822643450150616,-0.019939548120804562,-0.019939548120804562,-0.028100000000000014,-0.028100000000000014,-0.033931400000000056,-0.028100000000000014,-0.028100000000000014,-0.023565971308357025,-0.023565971308357025,,,,,,,
1956-02-29,0.009550773876934482,0.009550773876934482,0.009550773876934482,0.009550773876934482,0.009550773876934482,0.008398990193555278,0.008398990193555278,0.03970000000000007,0.03970000000000007,0.03970000000000007,0.025509800000000027,0.025509800000000027,0.034005453509019956,0.034005453509019956,,,,,,,
1956-03-31,0.07211718808612821,0.07211718808612821,0.07211718808612821,0.07211718808612821,0.07211718808612821,0.06158353567730801,0.06158353567730801,0.06790000000000007,0.06790000000000007,0.06790000000000007,0.046599999999999975,0.046599999999999975,0.057910414348732786,0.057910414348732786,,,,,,,
1956-04-30,0.014868621464167786,0.014868621464167786,0.014868621464167786,0.014868621464167786,0.014868621464167786,0.012868349117091338,0.012868349117091338,0.0046999999999999265,0.0046999999999999265,0.0046999999999999265,-0.0013282000000001126,-0.0013282000000001126,0.004231780434731824,0.004231780434731824,,,,,,,
1956-05-31,-0.028344311481096063,-0.028344311481096063,-0.028344311481096063,-0.028344311481096063,-0.028344311481096063,-0.02377724485509991,-0.02377724485509991,-0.049900000000000055,-0.049900000000000055,-0.049900000000000055,-0.049900000000000055,-0.049900000000000055,-0.04207204314141477,-0.04207204314141477,,,,,,,
1956-06-30,-0.0025784271594326835,-0.0025784271594326835,-0.0025784271594326835,-0.0025784271594326835,-0.0025784271594326835,-0.0018892776483119267,-0.0018892776483119267,0.036699999999999955,0.036699999999999955,0.036699999999999955,0.036699999999999955,0.036699999999999955,0.031452000313347606,0.031452000313347606,,,,,,,
1956-07-31,0.057512661191556624,0.057512661191556624,0.057512661191556624,0.057512661191556624,0.057512661191556624,0.04919318961206387,0.04919318961206387,0.05059999999999998,0.05059999999999998,0.05059999999999998,0.05059999999999998,0.05059999999999998,0.043313149669198525,0.043313149669198525,,,,,,,
1956-08-31,-0.00282446699466965,-0.00282446699466965,-0.00282446699466965,-0.00282446699466965,-0.00282446699466965,-0.0021523827821285924,-0.0021523827821285924,-0.030200000000000005,-0.030200000000000005,-0.030200000000000005,-0.030200000000000005,-0.030200000000000005,-0.02544958602584968,-0.02544958602584968,,,,,,,
1956-09-30,-0.03086547054375477,-0.03086547054375477,-0.03086547054375477,-0.03086547054375477,-0.03086547054375477,-0.025914196652960575,-0.025914196652960575,-0.04959999999999998,-0.04959999999999998,-0.04959999999999998,-0.04959999999999998,-0.04959999999999998,-0.04191399096783244,-0.04191399096783244,,,,,,,
1956-10-31,-0.009595306717904872,-0.009595306717904872,-0.009595306717904872,-0.009595306717904872,-0.009595306717904872,-0.007826750090966894,-0.007826750090966894,0.00770000000000004,-0.003515000000000046,0.00770000000000004,0.00015222489574018283,-0.003515000000000046,-0.002571607226727668,-0.002571607226727668,,,,,,,
1956-11-30,-0.007184742647059039,-0.007184742647059039,-0.007184742647059039,-0.015716622077690312,-0.0035978333333333,-0.005753701126255839,-0.005753701126255839,0.00550000000000006,0.0020000000000000018,0.00550000000000006,-0.009775273720010413,0.0020000000000000018,0.0020000000000000018,0.0020000000000000018,,,,,,,
1956-12-31,0.018028846153846034,-0.0035232833333334046,0.018028846153846034,-0.005424837736313637,0.0024916666666665588,-0.0026136349101649747,-0.0026136349101649747,0.03400000000000003,0.0023999999999999577,0.011593799999999987,0.011593799999999987,0.011593799999999987,0.0023999999999999577,0.0023999999999999577,,,,,,,
1957-01-31,-0.018632159776055257,0.002674999999999983,-0.018632159776055257,0.013891158711215157,0.002674999999999983,0.002674999999999983,0.002674999999999983,-0.03300000000000003,-0.038802,-0.038802,-0.038802,-0.038802,-0.03260401050000006,-0.03260401050000006,,,,,,,
1957-02-28,-0.03996380879007988,0.00259166666666677,-0.03996380879007988,-0.045724025937339374,-0.045724025937339374,-0.038509226985462885,-0.018004899655924445,-0.018299999999999983,-0.0036144000000000176,-0.029855999999999994,-0.029855999999999994,-0.029855999999999994,-0.01522266018270324,-0.008903279097229877,,,,,,,
1957-03-31,0.016198911126447335,0.002583333333333382,0.016198911126447335,-0.009080853117143572,-0.0034321666666665696,0.014122411441615634,0.0083060444303098,0.023600000000000065,0.0022999999999999687,-0.009080853117143572,-0.009080853117143572,-0.009080853117143572,0.020388592057942967,0.011321606419333108,,,,,,,
1957-04-30,0.026440305852070356,0.002566666666666606,-0.009003642181052207,-0.003021772817960011,-0.009003642181052207,0.022848754676128458,0.012692913496052505,0.04509999999999992,0.0024999999999999467,-0.003021772817960011,0.016961399999999793,0.016961399999999793,0.0386934131936878,0.020573483152678484,,,,,,,
1957-05-31,0.041601923788383344,0.00255833333333344,-0.007095114063856767,-0.007095114063856767,-0.007095114063856767,0.03572689180209143,0.019116631990928834,0.0371999999999999,0.030976799999999916,-0.007095114063856767,0.030976799999999916,0.030976799999999916,0.03197762120910563,0.029441534749678144,,,,,,,
1957-06-30,0.019541826991591904,0.0025500000000000522,-0.013503211354783606,0.01342457602964231,0.01342457602964231,0.016963725367245885,0.009714805717745412,-0.005099999999999993,-0.005099999999999993,-0.011069400000000007,-0.005099999999999993,-0.005099999999999993,-0.004000546056457721,-0.004000546056457721,,,,,,,
1957-07-31,0.02323869610935847,0.017099263932702335,0.017099263932702335,0.02323869610935847,0.02323869610935847,0.02015110241387652,0.017587893816744637,0.009600000000000053,0.009600000000000053,0.00225019999999998,0.009600000000000053,0.009600000000000053,0.008604190005396362,0.008604190005396362,,,,,,,
1957-08-31,-0.05203394489108748,-0.05203394489108748,-0.05203394489108748,-0.05203394489108748,-0.05203394489108748,-0.04384854971665464,-0.04384854971665464,-0.048699999999999966,-0.048699999999999966,-0.002744650000000126,-0.048699999999999966,-0.048699999999999966,-0.04102480055722235,-0.04102480055722235,,,,,,,
1957-09-30,-0.03737638161721957,-0.03737638161721957,-0.03737638161721957,-0.03737638161721957,-0.03737638161721957,-0.031391040914956925,-0.031391040914956925,-0.05730000000000002,-0.05730000000000002,0.004095549353101413,-0.001929023943017194,-0.003415600000000074,-0.04835387004742531,-0.04835387004742531,,,,,,,
1957-10-31,-0.05894724874943125,-0.0030759833333333653,-0.006821567045087851,-0.05894724874943125,-0.05894724874943125,-0.0021415062814611474,-0.0021415062814611474,-0.0403,-0.003117400000000048,-0.000826526202301614,-0.000826526202301614,0.0028999999999999027,-0.0021665005048939756,-0.0021665005048939756,,,,,,,
1957-11-30,-0.017984157775622567,0.002983333333333338,0.02401470114747961,0.017870612940594777,-0.0030345666666666826,0.002983333333333338,0.002983333333333338,0.025900000000000034,0.0027999999999999137,0.02401470114747961,0.02401470114747961,0.0027999999999999137,0.0027999999999999137,0.0027999999999999137,,,,,,,
1957-12-31,0.0032011565468814673,0.002758333333333418,0.0463665008075973,0.0463665008075973,0.002758333333333418,0.002758333333333418,0.002758333333333418,-0.036599999999999966,0.0023999999999999577,0.0463665008075973,0.0463665008075973,0.0400883018027518,-0.0006122420472716161,-0.0006122420472716161,,,,,,,
1958-01-31,0.023273266385651636,0.0025333333333332764,0.012913303743928184,0.012913303743928184,0.0068358239214645344,0.010578919914315588,0.010578919914315588,0.04930000000000012,0.0027999999999999137,0.012913303743928184,0.012913303743928184,0.012913303743928184,0.026751547219709293,0.026751547219709293,,,,,,,
1958-02-28,0.007005248865110003,0.0020333333333333314,0.005994240583880206,0.005994240583880206,0.005994240583880206,0.005810809685830698,0.005810809685830698,-0.014100000000000001,0.0012000000000000899,0.005994240583880206,-0.01663580000000009,-0.01663580000000009,-0.003320489378113245,-0.003320489378113245,,,,,,,
1958-03-31,0.024175957343674392,0.001274999999999915,0.008545231626615024,0.008545231626615024,0.008545231626615024,0.014094310421349121,0.014094310421349121,0.033600000000000074,0.0008999999999999009,0.008545231626615024,0.0024939602368552194,0.0024939602368552194,0.02604331244062008,0.01218572757658265,,,,,,,
1958-04-30,0.008938237156653095,0.001083333333333325,0.011100680921622974,0.011100680921622974,0.011100680921622974,0.005204284026158357,0.0018489618407759867,0.03170000000000006,0.0007999999999999119,0.011100680921622974,0.03117560000000008,0.03117560000000008,0.01568883518605446,0.01571359815374085,,,,,,,
1958-05-31,0.03555213745866803,0.0009416666666666185,-0.0010403940173348003,0.029338824633916127,0.029338824633916127,0.012214927641952977,0.012220978673112004,0.02429999999999999,0.018154199999999898,-0.0010403940173348003,0.0391999999999999,0.0391999999999999,0.01823533881173578,0.01823533881173578,,,,,,,
1958-06-30,0.027326468344774923,0.0007583333333334163,-0.0018569626597836342,0.027326468344774923,0.027326468344774923,0.02077248301622392,0.009456617310258153,0.02960000000000007,0.02960000000000007,-0.0018569626597836342,0.03309999999999991,0.03309999999999991,0.025187175762289016,0.025187175762289016,,,,,,,
1958-07-31,0.03070763500931073,0.024523389199254897,-0.017046566309400824,0.03070763500931073,0.03070763500931073,0.02618485825277239,0.023627916791944426,0.04459999999999997,0.04459999999999997,-0.017046566309400824,0.055299999999999905,0.055299999999999905,0.03799230542943355,0.03799230542943355,,,,,,,
1958-08-31,0.040542989705669275,0.040542989705669275,-0.02573270369769476,0.040542989705669275,0.040542989705669275,0.034552141747009824,0.034552141747009824,0.019400000000000084,0.019400000000000084,0.025509800000000027,0.03170000000000006,0.03170000000000006,0.016517110969566984,0.016517110969566984,,,,,,,
1958-09-30,0.029437456324248767,0.029437456324248767,-0.015237523904414019,0.029437456324248767,0.029437456324248767,0.025202927443565226,0.025202927443565226,0.04849999999999999,0.04849999999999999,0.05459999999999998,0.05459999999999998,0.05459999999999998,0.04149510811288182,0.04149510811288182,,,,,,,
1958-10-31,0.04360135825163414,0.04360135825163414,0.037339750102124425,0.04360135825163414,0.04360135825163414,0.037344458477285736,0.037344458477285736,0.027099999999999902,0.027099999999999902,0.032299999999999995,0.032299999999999995,0.032299999999999995,0.023269974124161097,0.023269974124161097,,,,,,,
1958-11-30,0.03327335623159944,0.03327335623159944,0.03327335623159944,0.03327335623159944,0.03327335623159944,0.028579571636139667,0.028579571636139667,0.031199999999999894,0.031199999999999894,0.05570000000000008,0.05570000000000008,0.05570000000000008,0.026665581571640562,0.026665581571640562,,,,,,,
1958-12-31,0.02163492063492045,0.02163492063492045,0.02163492063492045,0.02163492063492045,0.02163492063492045,0.018699883611687618,0.018699883611687618,0.05380000000000007,0.05380000000000007,0.032399999999999984,0.032399999999999984,0.032399999999999984,0.04603653895733362,0.04603653895733362,,,,,,,
1959-01-31,0.04255728485075072,0.04255728485075072,0.04255728485075072,0.04255728485075072,0.04255728485075072,0.036504834137579545,0.036504834137579545,0.009200000000000097,0.009200000000000097,0.06709999999999994,0.06709999999999994,0.06709999999999994,0.008096957133443494,0.008096957133443494,,,,,,,
1959-02-28,-0.012640342203044108,-0.012640342203044108,-0.012640342203044108,-0.012640342203044108,-0.012640342203044108,-0.010421187779272034,-0.010421187779272034,0.011400000000000077,0.011400000000000077,0.035600000000000076,0.035600000000000076,0.035600000000000076,0.009969558586685023,0.009969558586685023,,,,,,,
1959-03-31,0.02807193719189338,0.02807193719189338,0.02807193719189338,0.02807193719189338,0.02807193719189338,0.024186778166221057,0.024186778166221057,0.004999999999999893,0.004999999999999893,0.024899999999999922,0.024899999999999922,0.024899999999999922,0.0045727713209238185,0.0045727713209238185,,,,,,,
1959-04-30,0.01937421355650537,0.01937421355650537,0.01937421355650537,0.01937421355650537,0.01937421355650537,0.016798470090488182,0.016798470090488182,0.03859999999999997,0.03859999999999997,0.019400000000000084,0.019400000000000084,0.019400000000000084,0.03310779716735346,0.03310779716735346,,,,,,,
1959-05-31,0.017663937536485763,0.017663937536485763,0.017663937536485763,0.017663937536485763,0.017663937536485763,0.01537007903008436,0.01537007903008436,0.019500000000000073,0.019500000000000073,0.0040000000000000036,0.0040000000000000036,0.0040000000000000036,0.01687744018246362,0.01687744018246362,,,,,,,
1959-06-30,-0.006053025074764129,-0.006053025074764129,-0.006053025074764129,-0.006053025074764129,-0.006053025074764129,-0.004801472495788328,-0.004801472495788328,0.0,0.0,0.0038000000000000256,0.0038000000000000256,0.0038000000000000256,0.0003469808247378303,0.0003469808247378303,,,,,,,
1959-07-31,0.04228545945005213,0.04228545945005213,0.04228545945005213,0.04228545945005213,0.04228545945005213,0.036337183246652804,0.036337183246652804,0.0343,0.0343,0.02950000000000008,0.02950000000000008,0.02950000000000008,0.02952811046315329,0.02952811046315329,,,,,,,
1959-08-31,-0.0031758034817545022,-0.0031758034817545022,-0.0031758034817545022,-0.0031758034817545022,-0.0031758034817545022,-0.002328605056065247,-0.002328605056065247,-0.011900000000000022,-0.011900000000000022,-0.010800000000000032,-0.017828599999999972,-0.017828599999999972,-0.009853396953551696,-0.009853396953551696,,,,,,,
1959-09-30,-0.03702300785634116,-0.03702300785634116,-0.03702300785634116,-0.03702300785634116,-0.03702300785634116,-0.031051397384217805,-0.031051397384217805,-0.04500000000000004,-0.04500000000000004,-0.04369999999999996,-0.04500000000000004,-0.04500000000000004,-0.03779525894922586,-0.03779525894922586,,,,,,,
1959-10-31,0.0017771983640082478,0.0017771983640082478,0.0017771983640082478,0.0017771983640082478,0.0017771983640082478,0.001984101308245556,0.001984101308245556,0.015800000000000036,0.015800000000000036,0.016999999999999904,0.009769630708832189,-0.003018000000000076,0.013841227755314378,0.013841227755314378,,,,,,,
1959-11-30,0.00670077485380105,0.00670077485380105,0.00670077485380105,-0.0022476499999999344,-0.0026452500000001544,0.006200687602427868,0.006200687602427868,0.01859999999999995,0.01859999999999995,0.00770000000000004,0.003775000000000084,0.0025999999999999357,0.016190185593561335,0.016190185593561335,,,,,,,
1959-12-31,0.03464092259304552,-0.002562416666666678,0.03464092259304552,-0.008893754196341752,0.003458333333333341,-0.0016618414472009402,-0.0016618414472009402,0.028000000000000025,0.028000000000000025,0.02849999999999997,0.021832000000000074,0.021832000000000074,0.02429766231607955,0.02429766231607955,,,,,,,
1960-01-31,-0.01480603059036023,0.003741666666666754,-0.01480603059036023,0.0015362166752055373,-0.00447300062484568,-0.010152520967279588,-0.010152520967279588,-0.0665,-0.0665,-0.024399999999999977,-0.0665,-0.0665,-0.056047342963975844,-0.056047342963975844,,,,,,,
1960-02-29,-0.03603979263599277,-0.04182355388017678,-0.03603979263599277,-0.04182355388017678,-0.04182355388017678,-0.032587525866202505,-0.032587525866202505,0.014499999999999957,-0.003117400000000048,0.010000000000000009,0.01617940845000798,-0.003117400000000048,-0.002158059541087276,-0.002158059541087276,,,,,,,
1960-03-31,-0.010726664276323516,-0.010726664276323516,-0.010726664276323516,0.01699609875316166,-0.002719799999999939,-0.008653679807681836,-0.008653679807681836,-0.012800000000000034,0.0035000000000000586,-0.029000000000000026,-0.034826000000000024,-0.034826000000000024,-0.0002077424275188644,-0.0002077424275188644,,,,,,,
1960-04-30,0.01584776747849226,-0.0032582166666665913,0.01584776747849226,0.001120880415860226,-0.004885844866634903,0.005055980520444203,0.005055980520444203,-0.015199999999999991,0.0019000000000000128,-0.004885844866634903,-0.004885844866634903,-0.004885844866634903,-0.005744589883110551,-0.005744589883110551,,,,,,,
1960-05-31,-0.006240400143549096,0.002691666666666759,-0.008051170367463611,-0.0020635516775288076,-0.0020635516775288076,-0.0031461727893562497,-0.0031461727893562497,0.03390000000000004,0.0026999999999999247,-0.0020635516775288076,-0.0020635516775288076,-0.0020635516775288076,0.013910783601226884,0.013910783601226884,,,,,,,
1960-06-30,0.03988591090184701,0.0027416666666666423,0.01986121515037298,0.01986121515037298,0.01986121515037298,0.025795604886905243,0.025795604886905243,0.02320000000000011,0.0023999999999999577,0.01986121515037298,0.017060800000000098,0.017060800000000098,0.01860986967206313,0.01860986967206313,,,,,,,
1960-07-31,-0.0219612294795668,0.0020500000000001073,0.023991218328833108,0.023991218328833108,0.023991218328833108,0.0011351981485754337,0.0011351981485754337,-0.022399999999999975,-0.028265600000000002,0.023991218328833108,-0.022399999999999975,-0.022399999999999975,-0.02134989307210844,-0.02134989307210844,,,,,,,
1960-08-31,0.01490866762177645,0.008819215616045817,0.01150160567739178,0.008819215616045817,0.008819215616045817,0.010317139954766352,0.010317139954766352,0.03170000000000006,-0.004310199999999931,0.01150160567739178,0.03170000000000006,0.03170000000000006,0.016018212422738598,0.016018212422738598,,,,,,,
1960-09-30,-0.02720757388072914,-0.004094833333333492,0.003166666666666762,-0.0028523333333332346,-0.0028523333333332346,-0.012464278650617833,-0.012464278650617833,-0.05840000000000001,-0.06404960000000004,0.003166666666666762,-0.05840000000000001,-0.05840000000000001,-0.05180710042025083,-0.05180710042025083,,,,,,,
1960-10-31,-0.016739646049990897,0.002066666666666661,-0.004228622494661383,-0.022639208173690917,-0.022639208173690917,-0.00864563134918872,-0.00864563134918872,-0.0049000000000000155,-0.003813200000000072,-0.004228622494661383,-0.010203250759693416,-0.010203250759693416,-0.0060906129156025335,-0.0060906129156025335,,,,,,,
1960-11-30,0.03540852410199147,0.0019166666666665666,-3.900014091762216e-05,-0.006038766140072149,-0.006038766140072149,0.01529829472456301,0.01529829472456301,0.04820000000000002,0.0013000000000000789,-3.900014091762216e-05,-3.900014091762216e-05,-3.900014091762216e-05,0.020658124500236408,0.020658124500236408,,,,,,,
1960-12-31,0.026906435911303594,0.00197500000000006,0.010687575569906071,0.010687575569906071,0.010687575569906071,0.016222429848639752,0.016222429848639752,0.048899999999999944,0.04260659999999983,0.010687575569906071,0.04260659999999983,0.04260659999999983,0.039202281927414706,0.039202281927414706,,,,,,,
1961-01-31,0.05426448063380285,0.001875000000000071,0.0032000000000000917,0.047938893750000044,0.047938893750000044,0.02467631590014374,0.02467631590014374,0.06390000000000007,0.06390000000000007,0.0032000000000000917,0.06390000000000007,0.06390000000000007,0.05456337109756637,0.05456337109756637,,,,,,,
1961-02-28,0.04373650647465932,0.037474087435811265,0.008155595591563758,0.04373650647465932,0.04373650647465932,0.03486603435390512,0.03486603435390512,0.03709999999999991,0.03709999999999991,0.030877399999999833,0.03709999999999991,0.03709999999999991,0.0316985978898634,0.0316985978898634,,,,,,,
1961-03-31,0.0339660071846013,0.0339660071846013,0.027762211141493687,0.0339660071846013,0.0339660071846013,0.029141831391108264,0.029141831391108264,0.030899999999999928,0.030899999999999928,0.030899999999999928,0.06825180000000008,0.06825180000000008,0.026537826615653515,0.026537826615653515,,,,,,,
1961-04-30,0.029190060303597498,0.029190060303597498,0.029190060303597498,0.029190060303597498,0.029190060303597498,0.02508595650962553,0.02508595650962553,0.0045999999999999375,0.0045999999999999375,0.012488399999999844,0.01859999999999995,0.01859999999999995,0.004143373915044268,0.004143373915044268,,,,,,,
1961-05-31,0.012633551065876825,0.012633551065876825,0.012633551065876825,0.012633551065876825,0.012633551065876825,0.011004247530398192,0.011004247530398192,0.025800000000000045,0.025800000000000045,0.04299999999999993,0.04299999999999993,0.04299999999999993,0.022197741655305636,0.022197741655305636,,,,,,,
1961-06-30,-0.010802005012531368,-0.010802005012531368,-0.010802005012531368,-0.010802005012531368,-0.010802005012531368,-0.008903497393195403,-0.008903497393195403,-0.028800000000000048,-0.028800000000000048,-0.05020000000000002,-0.05020000000000002,-0.05020000000000002,-0.02419752695675992,-0.02419752695675992,,,,,,,
1961-07-31,-0.0002709158793051669,-0.0002709158793051669,-0.0002709158793051669,-0.0002709158793051669,-0.0002709158793051669,5.116022513518281e-05,5.116022513518281e-05,0.030100000000000016,0.030100000000000016,0.0035000000000000586,0.0035000000000000586,0.0035000000000000586,0.025830229862566778,0.025830229862566778,,,,,,,
1961-08-31,0.038398189180929077,0.038398189180929077,0.038398189180929077,0.038398189180929077,0.038398189180929077,0.03291671256610362,0.03291671256610362,0.027099999999999902,0.027099999999999902,0.008199999999999985,0.008199999999999985,0.008199999999999985,0.02322340558107383,0.02322340558107383,,,,,,,
1961-09-30,-0.0054088606972513276,-0.0054088606972513276,-0.0054088606972513276,-0.0054088606972513276,-0.0054088606972513276,-0.004325721258655046,-0.004325721258655046,-0.01980000000000004,-0.01980000000000004,-0.03520000000000001,-0.02568120000000007,-0.02568120000000007,-0.016593895403556824,-0.016593895403556824,,,,,,,
1961-10-31,0.01345524829021727,0.01345524829021727,0.01345524829021727,0.01345524829021727,0.01345524829021727,0.011716208551781682,0.011716208551781682,0.027700000000000058,0.027700000000000058,0.021533800000000047,0.027700000000000058,0.027700000000000058,0.02381287673800747,0.02381287673800747,,,,,,,
1961-11-30,0.04774509803921578,0.04774509803921578,0.04774509803921578,0.04774509803921578,0.04774509803921578,0.040861738884605536,0.040861738884605536,0.04600000000000004,0.04600000000000004,0.05075739999999995,0.04600000000000004,0.04600000000000004,0.03930496429336405,0.03930496429336405,,,,,,,
1961-12-31,0.011653535921965608,0.011653535921965608,0.011653535921965608,0.011653535921965608,0.011653535921965608,0.010181479320503506,0.010181479320503506,0.00019999999999997797,0.00019999999999997797,-0.0032999999999999696,0.00019999999999997797,0.00019999999999997797,0.00042223066477053983,0.00042223066477053983,,,,,,,
1962-01-31,-0.03486354660347524,-0.03486354660347524,-0.03486354660347524,-0.03486354660347524,-0.03486354660347524,-0.029316061628118284,-0.029316061628118284,-0.0363,-0.0363,0.014000000000000012,-0.0363,-0.0363,-0.0304962602678307,-0.0304962602678307,,,,,,,
1962-02-28,0.019102999372617058,0.019102999372617058,0.019102999372617058,0.019102999372617058,0.019102999372617058,0.016547882225262045,0.016547882225262045,0.020100000000000007,0.020100000000000007,0.013800000000000034,0.007717200000000091,0.007717200000000091,0.01735393240198091,0.01735393240198091,,,,,,,
1962-03-31,0.003417829678154627,0.003417829678154627,0.003417829678154627,0.003417829678154627,0.003417829678154627,0.003233694334321857,0.003233694334321857,-0.0048000000000000265,-0.0048000000000000265,-0.0014999999999999458,-0.0014999999999999458,-0.0014999999999999458,-0.0037935584466353145,-0.0037935584466353145,,,,,,,
1962-04-30,-0.029441516099966925,-0.029441516099966925,-0.029441516099966925,-0.029441516099966925,-0.029441516099966925,-0.024686138609001262,-0.024686138609001262,-0.06369999999999998,-0.06369999999999998,-0.06931779999999998,-0.0706,-0.0706,-0.053819940730330695,-0.053819940730330695,,,,,,,
1962-05-31,-0.07184260347783489,-0.07184260347783489,-0.07184260347783489,-0.07184260347783489,-0.07184260347783489,-0.0607483233840409,-0.0607483233840409,-0.08420000000000005,-0.0036144000000000176,-0.005271794606326541,-0.005271794606326541,-0.005271794606326541,-0.03757410478147294,-0.03757410478147294,,,,,,,
1962-06-30,-0.11411864317087339,-0.0037717833333332784,-0.11411864317087339,-0.006058376635334595,-0.006058376635334595,-0.05061625088701205,-0.05061625088701205,-0.08299999999999996,0.0020000000000000018,-5.872900939096759e-05,-5.872900939096759e-05,-5.872900939096759e-05,-0.03512514478311646,-0.03512514478311646,,,,,,,
1962-07-31,0.02718357900413393,0.002275000000000027,-0.010883333798682893,-0.004912810662658806,-0.004912810662658806,0.009627962440998727,0.009627962440998727,0.0653999999999999,0.0026999999999999247,-0.004912810662658806,-0.004912810662658806,-0.004912810662658806,0.02598190394974642,0.02598190394974642,,,,,,,
1962-08-31,0.03024008249956145,0.0024333333333332874,0.00579643814674502,0.00579643814674502,0.00579643814674502,0.015635951511401514,0.015635951511401514,0.023600000000000065,0.0022999999999999687,0.00579643814674502,0.00579643814674502,0.00579643814674502,0.012739597916261891,0.012739597916261891,,,,,,,
1962-09-30,-0.005923900660742887,0.0023500000000000743,0.0033166666666666345,0.0033166666666666345,0.0033166666666666345,-0.0007921005284927674,-0.0007921005284927674,-0.05010000000000003,0.0020999999999999908,0.0033166666666666345,0.0033166666666666345,0.0033166666666666345,-0.019594480507290846,-0.019594480507290846,,,,,,,
1962-10-31,-0.02853926724137923,0.0023166666666667446,0.007417500176146952,0.007417500176146952,0.007417500176146952,-0.008642326387094279,-0.008642326387094279,0.0020999999999999908,0.0025999999999999357,0.007417500176146952,0.007417500176146952,0.007417500176146952,0.004355174678551288,0.004355174678551288,,,,,,,
1962-11-30,0.07203330662868668,0.002283333333333415,0.004095549353101413,0.004095549353101413,0.004095549353101413,0.03264437681809129,0.03264437681809129,0.1109,0.0020000000000000018,0.004095549353101413,0.004095549353101413,0.004095549353101413,0.04916516418508543,0.04916516418508543,,,,,,,
1962-12-31,0.04626082611592275,0.00235833333333324,0.00820376952068691,0.00820376952068691,0.00820376952068691,0.023401789458815436,0.023401789458815436,0.012399999999999967,0.006325600000000042,0.00820376952068691,0.006325600000000042,0.006325600000000042,0.008417996167094044,0.008417996167094044,,,,,,,
1963-01-31,0.0414759871221797,0.00239166666666657,0.005688679860693657,0.03522713119944654,0.03522713119944654,0.020345872069357673,0.020345872069357673,0.05190000000000006,0.05190000000000006,0.005688679860693657,0.05190000000000006,0.05190000000000006,0.04448201664681428,0.04448201664681428,,,,,,,
1963-02-28,0.015963892304539762,0.00986810895071244,-0.004193277511245985,0.015963892304539762,0.015963892304539762,0.011384814599846083,0.011384814599846083,-0.021700000000000053,-0.021700000000000053,-0.004193277511245985,-0.013454999999999995,-0.013454999999999995,-0.0181355264127947,-0.0181355264127947,,,,,,,
1963-03-31,-0.0010745347896441437,-0.0010745347896441437,0.002446499964770643,-0.0010745347896441437,-0.0010745347896441437,-0.0005585638972273044,-0.0005585638972273044,0.03309999999999991,0.03309999999999991,0.002446499964770643,0.01859999999999995,0.01859999999999995,0.028460769026581234,0.028460769026581234,,,,,,,
1963-04-30,0.04980289071620714,0.04980289071620714,4.4570482526928856e-07,0.04980289071620714,0.04980289071620714,0.04269090748509652,0.04269090748509652,0.04760000000000009,0.04760000000000009,4.4570482526928856e-07,0.04239999999999999,0.04239999999999999,0.04081115495267773,0.04081115495267773,,,,,,,
1963-05-31,0.02271588375024236,0.02271588375024236,0.006589000140917678,0.02271588375024236,0.02271588375024236,0.019635544903259472,0.019635544903259472,0.020000000000000018,0.020000000000000018,0.013880000000000114,0.043400000000000105,0.043400000000000105,0.017326276647076533,0.017326276647076533,,,,,,,
1963-06-30,0.0021861039825110673,0.0021861039825110673,-0.0038270126413839645,0.0021861039825110673,0.0021861039825110673,0.002209175183440548,0.002209175183440548,-0.01770000000000005,-0.01770000000000005,-0.01971719999999999,-0.013800000000000034,-0.013800000000000034,-0.014713039709837283,-0.014713039709837283,,,,,,,
1963-07-31,-0.012214936052869496,-0.012214936052869496,-0.012214936052869496,-0.012214936052869496,-0.012214936052869496,-0.010009138764007552,-0.010009138764007552,-0.0011999999999999789,-0.0011999999999999789,-0.009199999999999986,-0.009199999999999986,-0.009199999999999986,-0.0006305187156195879,-0.0006305187156195879,,,,,,,
1963-08-31,0.030315464987211493,0.030315464987211493,0.030315464987211493,0.030315464987211493,0.030315464987211493,0.026153983589301655,0.026153983589301655,0.0532999999999999,0.0532999999999999,0.03639999999999999,0.03639999999999999,0.03639999999999999,0.04567687829387057,0.04567687829387057,,,,,,,
1963-09-30,0.028940077017000077,0.028940077017000077,0.028940077017000077,0.028940077017000077,0.028940077017000077,0.024992925134410315,0.024992925134410315,-0.013000000000000012,-0.013000000000000012,-0.018921999999999994,-0.018921999999999994,-0.018921999999999994,-0.010681768718929341,-0.010681768718929341,,,,,,,
1963-10-31,0.005025543353923911,0.005025543353923911,0.005025543353923911,0.005025543353923911,0.005025543353923911,0.0046745861206149986,0.0046745861206149986,0.028299999999999992,0.028299999999999992,0.0066237999999998465,0.028299999999999992,0.028299999999999992,0.024477562970677713,0.024477562970677713,,,,,,,
1963-11-30,-0.0030390821123740253,-0.0030390821123740253,-0.0030390821123740253,-0.0030390821123740253,-0.0030390821123740253,-0.00215364807162155,-0.00215364807162155,-0.005900000000000016,-0.005900000000000016,-0.01529999999999998,-0.005900000000000016,-0.005900000000000016,-0.004628879074554226,-0.004628879074554226,,,,,,,
1963-12-31,0.023960341503717508,0.023960341503717508,0.023960341503717508,0.023960341503717508,0.023960341503717508,0.020801661911906022,0.020801661911906022,0.021200000000000108,0.021200000000000108,0.015072799999999997,0.021200000000000108,0.021200000000000108,0.018448268552582414,0.018448268552582414,,,,,,,
1964-01-31,0.03332060356837929,0.03332060356837929,0.03332060356837929,0.03332060356837929,0.03332060356837929,0.028746301999305945,0.028746301999305945,0.02540000000000009,0.02540000000000009,0.02540000000000009,0.02540000000000009,0.02540000000000009,0.022025951221232187,0.022025951221232187,,,,,,,
1964-02-29,0.014817233485938441,0.014817233485938441,0.014817233485938441,0.014817233485938441,0.014817233485938441,0.01301175759340456,0.01301175759340456,0.018100000000000005,0.018100000000000005,0.018100000000000005,0.018100000000000005,0.018100000000000005,0.015757969041916287,0.015757969041916287,,,,,,,
1964-03-31,0.02072834560882142,0.02072834560882142,0.02072834560882142,0.02072834560882142,0.02072834560882142,0.018051207482246534,0.018051207482246534,0.017200000000000104,0.017200000000000104,0.017200000000000104,0.017200000000000104,0.017200000000000104,0.015073150554613557,0.015073150554613557,,,,,,,
1964-04-30,0.01694867808798617,0.01694867808798617,0.01694867808798617,0.01694867808798617,0.01694867808798617,0.014835312488024943,0.014835312488024943,0.0039000000000000146,0.0039000000000000146,0.0039000000000000146,-0.010373599999999983,-0.010373599999999983,0.0037393339480189525,0.0037393339480189525,,,,,,,
1964-05-31,0.01222096780919002,0.01222096780919002,0.01222096780919002,0.01222096780919002,0.01222096780919002,0.010810906146387245,0.010810906146387245,0.016699999999999937,0.016699999999999937,0.016699999999999937,0.010599799999999826,0.010599799999999826,0.014584226742191841,0.014584226742191841,,,,,,,
1964-06-30,-0.003489428477039924,-0.003489428477039924,-0.003489428477039924,-0.003489428477039924,-0.003489428477039924,-0.0025380568447910257,-0.0025380568447910257,0.015700000000000047,0.015700000000000047,0.015700000000000047,0.015700000000000047,0.015700000000000047,0.01378422189883799,0.01378422189883799,,,,,,,
1964-07-31,0.03963110667996039,0.03963110667996039,0.03963110667996039,0.03963110667996039,0.03963110667996039,0.03411637315658678,0.03411637315658678,0.020399999999999974,0.020399999999999974,0.020399999999999974,0.020399999999999974,0.020399999999999974,0.01778024621472274,0.01778024621472274,,,,,,,
1964-08-31,-0.012236641832892636,-0.012236641832892636,-0.012236641832892636,-0.012236641832892636,-0.012236641832892636,-0.00999554683240056,-0.00999554683240056,-0.011600000000000055,-0.011600000000000055,-0.011600000000000055,-0.012361599999999973,-0.012361599999999973,-0.0094529548768999,-0.0094529548768999,,,,,,,
1964-09-30,0.01967479674796735,0.01967479674796735,0.01967479674796735,0.01967479674796735,0.01967479674796735,0.01714919349151356,0.01714919349151356,0.02970000000000006,0.02970000000000006,0.02970000000000006,0.0391999999999999,0.0391999999999999,0.025653593597924518,0.025653593597924518,,,,,,,
1964-10-31,0.01972185589257891,0.01972185589257891,0.01972185589257891,0.01972185589257891,0.01972185589257891,0.017192006987765573,0.017192006987765573,0.008899999999999908,0.008899999999999908,0.008899999999999908,0.01990000000000003,0.01990000000000003,0.00797977592293786,0.00797977592293786,,,,,,,
1964-11-30,0.009389118051463363,0.009389118051463363,0.009389118051463363,0.009389118051463363,0.009389118051463363,0.008414274272747324,0.008414274272747324,0.0027999999999999137,0.0027999999999999137,-0.0028191999999999107,0.0032000000000000917,0.0032000000000000917,0.002810433610267893,0.002810433610267893,,,,,,,
1964-12-31,-0.014883739076155145,-0.014883739076155145,-0.014883739076155145,-0.014883739076155145,-0.014883739076155145,-0.012200984666856485,-0.012200984666856485,0.0035000000000000586,0.0035000000000000586,-0.01639999999999997,-0.01639999999999997,-0.01639999999999997,0.0034399234523219135,0.0034399234523219135,,,,,,,
1965-01-31,0.028224422343973377,0.028224422343973377,0.028224422343973377,0.028224422343973377,0.028224422343973377,0.024456543649189255,0.024456543649189255,0.03820000000000001,0.03820000000000001,0.07129999999999992,0.03197080000000008,0.03197080000000008,0.03288968501919398,0.03288968501919398,,,,,,,
1965-02-28,0.009766730531042045,0.009766730531042045,0.009766730531042045,0.009766730531042045,0.009766730531042045,0.008759120510201557,0.008759120510201557,0.007400000000000073,0.007400000000000073,0.03190000000000004,0.02570859999999997,0.02570859999999997,0.0067136046181683895,0.0067136046181683895,,,,,,,
1965-03-31,0.003371757925072272,0.003371757925072272,0.003371757925072272,0.003371757925072272,0.003371757925072272,0.0033522286595546458,0.0033522286595546458,-0.009800000000000031,-0.009800000000000031,0.019300000000000095,0.019300000000000095,0.019300000000000095,-0.007793317419452883,-0.007793317419452883,,,,,,,
1965-04-30,0.01559560827670925,0.01559560827670925,0.01559560827670925,0.01559560827670925,0.01559560827670925,0.013747442248877473,0.013747442248877473,0.03420000000000001,0.03420000000000001,0.04380000000000006,0.04380000000000006,0.04380000000000006,0.029524363377425145,0.029524363377425145,,,,,,,
1965-05-31,0.017344928195218268,0.017344928195218268,0.017344928195218268,0.017344928195218268,0.017344928195218268,0.01522499987602366,0.01522499987602366,-0.0047000000000000375,-0.0047000000000000375,-0.009399999999999964,-0.009399999999999964,-0.009399999999999964,-0.0035530274016959407,-0.0035530274016959407,,,,,,,
1965-06-30,-0.04505488351254494,-0.04505488351254494,-0.04505488351254494,-0.04505488351254494,-0.04505488351254494,-0.03782060210040805,-0.03782060210040805,-0.05159999999999998,-0.05159999999999998,-0.0938,-0.0938,-0.0938,-0.043340728642161874,-0.043340728642161874,,,,,,,
1965-07-31,0.0010452630134836216,0.0010452630134836216,0.0010452630134836216,0.0010452630134836216,0.0010452630134836216,0.0013250224734500105,0.0013250224734500105,0.01750000000000007,-0.0029185999999998824,0.031500000000000083,-0.0017076480283971796,-0.0017076480283971796,0.007162929863915313,0.007162929863915313,,,,,,,
1965-08-31,0.021202184666117008,-0.0028191999999999107,0.021202184666117008,-0.006537017101353126,-0.006537017101353126,0.0066877021931424085,0.0066877021931424085,0.03059999999999996,0.024416400000000005,0.042100000000000026,-0.0005402586532727849,-0.0005402586532727849,0.02390146145796912,0.02390146145796912,,,,,,,
1965-09-30,0.03597718426022278,0.0032000000000000917,0.03597718426022278,0.000315447039935135,0.000315447039935135,0.015873718674525916,0.015873718674525916,0.03170000000000006,0.03170000000000006,0.026799999999999935,0.02063919999999997,0.02063919999999997,0.02738909708754944,0.02738909708754944,,,,,,,
1965-10-31,0.02498694711717775,0.01883702543447474,0.02498694711717775,0.01883702543447474,0.01883702543447474,0.01916347600169188,0.01916347600169188,0.029099999999999904,0.029099999999999904,0.06909999999999994,0.022925399999999874,0.022925399999999874,0.02517816806260398,0.02517816806260398,,,,,,,
1965-11-30,0.010777984462195134,0.010777984462195134,0.010777984462195134,0.010777984462195134,0.010777984462195134,0.009648616968728874,0.009648616968728874,0.0032000000000000917,0.0032000000000000917,0.0492999999999999,0.04300419999999994,0.04300419999999994,0.003225535950985181,0.003225535950985181,,,,,,,
1965-12-31,-0.0020980285765960227,-0.0020980285765960227,-0.0020980285765960227,-0.0020980285765960227,-0.0020980285765960227,-0.0012776888380718887,-0.0012776888380718887,0.013400000000000079,0.013400000000000079,0.046499999999999986,0.046499999999999986,0.046499999999999986,0.011884768523533484,0.011884768523533484,,,,,,,
1966-01-31,0.01982266797485366,0.01982266797485366,0.01982266797485366,0.01982266797485366,0.01982266797485366,0.017392476671589385,0.017392476671589385,0.010999999999999899,0.010999999999999899,0.0734999999999999,0.0734999999999999,0.0734999999999999,0.00991228850424708,0.00991228850424708,,,,,,,
1966-02-28,-0.004286326618088365,-0.004286326618088365,-0.004286326618088365,-0.004286326618088365,-0.004286326618088365,-0.003081750834018071,-0.003081750834018071,-0.008600000000000052,-0.008600000000000052,0.04499999999999993,0.04499999999999993,0.04499999999999993,-0.006790416892645035,-0.006790416892645035,,,,,,,
1966-03-31,-0.0386053871327362,-0.0386053871327362,-0.0386053871327362,-0.0386053871327362,-0.0386053871327362,-0.032239352704905744,-0.032239352704905744,-0.021299999999999986,-0.021299999999999986,-0.01419999999999999,-0.01419999999999999,-0.01419999999999999,-0.01754415631285522,-0.01754415631285522,,,,,,,
1966-04-30,0.033225200645064845,0.033225200645064845,0.033225200645064845,0.033225200645064845,0.033225200645064845,0.028780623050385534,0.028780623050385534,0.024699999999999944,0.024699999999999944,0.06889999999999996,0.06889999999999996,0.06889999999999996,0.021485035494132276,0.021485035494132276,,,,,,,
1966-05-31,-0.050060653202329,-0.00217310000000015,-0.050060653202329,-0.004416809218784734,-0.00217310000000015,-0.04199499883672364,-0.021584863940173338,-0.05259999999999998,-0.05259999999999998,-0.10949999999999993,-0.10949999999999993,-0.10949999999999993,-0.04411024808397668,-0.04411024808397668,,,,,,,
1966-06-30,-0.005579242529000661,-0.011545767073826707,-0.005579242529000661,-0.011545767073826707,-0.011545767073826707,-0.004205225539033353,-0.006781989290430501,-0.010600000000000054,-0.0022227999999999692,-0.004388722890057539,-0.004388722890057539,-0.004388722890057539,-0.008484993394511031,-0.0048188129020980686,,,,,,,
1966-07-31,0.00020334650244002717,-0.0022725000000001216,-0.018295446000581084,-0.018295446000581084,-0.018295446000581084,0.0007280828672366901,-0.0003057739532394965,-0.012800000000000034,0.0035000000000000586,-0.021406999999999954,-0.021406999999999954,-0.021406999999999954,-0.010365994724797378,-0.0034485905618686363,,,,,,,
1966-08-31,-0.05767513202858032,0.0040000000000000036,-0.011273038724871176,-0.011273038724871176,-0.011273038724871176,-0.0484264421339613,-0.022217004506599913,-0.07530000000000003,0.0040999999999999925,-0.01720540049252195,-0.01720540049252195,-0.001924600000000054,-0.0010082583673943768,0.0015636254000586103,,,,,,,
1966-09-30,-0.032227733002686554,0.004133333333333322,0.007446914235438085,0.007446914235438085,-0.0018914666666667301,-0.0009379592761589173,0.001665661049113254,-0.00660000000000005,0.0040000000000000036,0.007446914235438085,0.007446914235438085,0.0040000000000000036,0.0040000000000000036,0.0040000000000000036,,,,,,,
1966-10-31,-0.005651233774579101,0.004475000000000007,0.017581109187318367,0.017581109187318367,0.004475000000000007,0.004475000000000007,0.004475000000000007,0.043099999999999916,0.0044999999999999485,0.017581109187318367,0.017581109187318367,0.0044999999999999485,0.032019719,0.01830169224999989,,,,,,,
1966-11-30,0.05315340982756389,0.004458333333333231,-0.007449023373672592,-0.007449023373672592,0.004458333333333231,0.040515317696826925,0.02253959880423051,0.017800000000000038,0.0040000000000000036,-0.007449023373672592,-0.007449023373672592,-0.0134043292334306,0.015701085315701135,0.009809014788965342,,,,,,,
1966-12-31,0.007151088611762502,0.004433333333333289,0.029463526499817094,0.029463526499817094,0.023286745340818094,0.006707566479494886,0.005518342844706092,0.005300000000000082,0.0040000000000000036,0.029463526499817094,-0.0007317999999999492,-0.0007317999999999492,0.0050945534310444796,0.004532372194379297,,,,,,,
1967-01-31,0.04131316857248257,0.004133333333333322,0.02472459318729059,0.03506528956104771,0.03506528956104771,0.03573405432921728,0.019930721549971553,0.0858000000000001,0.0042999999999999705,0.02472459318729059,0.0858000000000001,0.0858000000000001,0.07357393775243626,0.038935528629920224,,,,,,,
1967-02-28,0.03731004539175031,0.003933333333333344,-0.0001532665120144161,0.03731004539175031,0.03731004539175031,0.03227519027389758,0.018064018106405788,0.011300000000000088,0.00523220000000002,-0.0001532665120144161,0.0420102,0.0420102,0.010086336175500143,0.007685317889929655,,,,,,,
1967-03-31,0.026346916971917045,0.02018883547008543,0.011033914329699579,0.026346916971917045,0.026346916971917045,0.0229395772255101,0.020405490545003513,0.04380000000000006,0.04380000000000006,0.011033914329699579,0.06909999999999994,0.06909999999999994,0.03780894814679314,0.03780894814679314,,,,,,,
1967-04-30,0.019924699917990063,0.019924699917990063,-0.00019392169101783985,0.019924699917990063,0.019924699917990063,0.01745133921431763,0.01745133921431763,0.042100000000000026,0.042100000000000026,0.037437799999999966,0.04370000000000007,0.04370000000000007,0.03623452208753242,0.03623452208753242,,,,,,,
1967-05-31,0.020576810319554273,0.020576810319554273,-0.016610989613562777,0.020576810319554273,0.020576810319554273,0.017957755948308396,0.017957755948308396,-0.03990000000000005,-0.03990000000000005,-0.009000000000000008,-0.009000000000000008,-0.009000000000000008,-0.03344775735061012,-0.03344775735061012,,,,,,,
1967-06-30,-0.00991827771177578,-0.00991827771177578,-0.009216712114426762,-0.00991827771177578,-0.00991827771177578,-0.007993490433639172,-0.007993490433639172,0.026899999999999924,0.026899999999999924,0.1069,0.1069,0.1069,0.02323501373196213,0.02323501373196213,,,,,,,
1967-07-31,0.01993024718363756,0.01993024718363756,0.013810665700535685,0.01993024718363756,0.01993024718363756,0.017373074950398193,0.017373074950398193,0.04899999999999993,0.04899999999999993,0.09489999999999998,0.09489999999999998,0.09489999999999998,0.0421111457848955,0.0421111457848955,,,,,,,
1967-08-31,0.018522497580905295,0.018522497580905295,0.018522497580905295,0.018522497580905295,0.018522497580905295,0.016257397263313544,0.016257397263313544,-0.005900000000000016,-0.005900000000000016,0.005700000000000038,0.005700000000000038,0.005700000000000038,-0.004583467591999124,-0.004583467591999124,,,,,,,
1967-09-30,0.016544960666031505,0.016544960666031505,0.016544960666031505,0.016544960666031505,0.016544960666031505,0.014585499643230415,0.014585499643230415,0.03420000000000001,0.03420000000000001,0.07339999999999991,0.07339999999999991,0.07339999999999991,0.029542879148375167,0.029542879148375167,,,,,,,
1967-10-31,0.0009741502278817205,0.0009741502278817205,0.0009741502278817205,0.0009741502278817205,0.0009741502278817205,0.001370722337028507,0.001370722337028507,-0.026900000000000035,-0.026900000000000035,-0.022199999999999998,-0.022199999999999998,-0.022199999999999998,-0.022302521130396658,-0.022302521130396658,,,,,,,
1967-11-30,-0.028817339187399926,-0.028817339187399926,-0.028817339187399926,-0.028817339187399926,-0.028817339187399926,-0.023926758460870334,-0.023926758460870334,0.007300000000000084,0.007300000000000084,-0.0006000000000000449,-0.0006000000000000449,-0.0006000000000000449,0.006720738528730008,0.006720738528730008,,,,,,,
1967-12-31,0.031117346571695625,0.031117346571695625,0.031117346571695625,0.031117346571695625,0.031117346571695625,0.027014739439916502,0.027014739439916502,0.03380000000000005,0.03380000000000005,0.10349999999999993,0.10349999999999993,0.10349999999999993,0.02922210629666644,0.02922210629666644,,,,,,,
1968-01-31,-0.00016614200769460297,-0.00016614200769460297,-0.00016614200769460297,0.011597992748316965,-0.0018831833333332604,0.000459777546201634,0.000459777546201634,-0.0363,-0.0363,0.026599999999999957,0.026599999999999957,0.026599999999999957,-0.030276984090177095,-0.030276984090177095,,,,,,,
1968-02-29,-0.042561026936027146,-0.042561026936027146,-0.042561026936027146,-0.04830566077441101,-0.04830566077441101,-0.03555504968404766,-0.03555504968404766,-0.033499999999999974,-0.033499999999999974,-0.06579999999999997,-0.06579999999999997,-0.06579999999999997,-0.027920904686536185,-0.027920904686536185,,,,,,,
1968-03-31,-0.01558310376492189,-0.01558310376492189,-0.01558310376492189,-0.01558310376492189,-0.01558310376492189,-0.012659734725451788,-0.012659734725451788,0.005900000000000016,-0.0022227999999999692,-0.011199999999999988,-0.011199999999999988,-0.011199999999999988,0.0055554037686733615,0.0021601040883967304,,,,,,,
1968-04-30,0.07662974707224923,-0.0017175166666666408,0.07662974707224923,0.006291435788922772,0.006291435788922772,0.0657652404723128,0.03242139420305956,0.09450000000000003,0.0042999999999999705,0.1634,0.006291435788922772,-0.0017257999999999996,0.08096827306661791,0.042631804590962386,,,,,,,
1968-05-31,0.025588542211072873,0.004483333333333395,-0.018483945801156754,-0.012559301610821638,-0.0015435666666666625,0.022369685799141115,0.013349217941487135,0.027300000000000102,0.02113620000000016,0.11119999999999997,0.10453279999999987,0.10453279999999987,0.023814641302126738,0.02139898272321572,,,,,,,
1968-06-30,0.029418275944279593,0.023241766288613963,0.023241766288613963,0.023241766288613963,0.023241766288613963,0.025696837109824955,0.02312878618242009,0.011300000000000088,0.011300000000000088,0.0042999999999999705,0.0042999999999999705,0.0042999999999999705,0.010232790189768526,0.010232790189768526,,,,,,,
1968-07-31,0.0005002736318409085,0.0005002736318409085,0.0005002736318409085,0.0005002736318409085,0.0005002736318409085,0.001096789021749256,0.001096789021749256,-0.02210000000000001,-0.02210000000000001,-0.025499999999999967,-0.025499999999999967,-0.025499999999999967,-0.01807020491158129,-0.01807020491158129,,,,,,,
1968-08-31,-0.019328123961448895,-0.019328123961448895,-0.019328123961448895,-0.019328123961448895,-0.019328123961448895,-0.015768238775076604,-0.015768238775076604,0.01770000000000005,0.01770000000000005,0.04289999999999994,0.04289999999999994,0.04289999999999994,0.015653714407789288,0.015653714407789288,,,,,,,
1968-09-30,0.03508816634389933,0.03508816634389933,0.03508816634389933,0.03508816634389933,0.03508816634389933,0.030442166812458593,0.030442166812458593,0.04479999999999995,0.04479999999999995,0.07000000000000006,0.07000000000000006,0.07000000000000006,0.03871443812495379,0.03871443812495379,,,,,,,
1968-10-31,0.027182732806844356,0.027182732806844356,0.027182732806844356,0.027182732806844356,0.027182732806844356,0.023730628906649898,0.023730628906649898,0.00869999999999993,0.00869999999999993,0.005400000000000071,0.005400000000000071,0.005400000000000071,0.008024932307359789,0.008024932307359789,,,,,,,
1968-11-30,0.017868232177263854,0.017868232177263854,0.017868232177263854,0.017868232177263854,0.017868232177263854,0.015839396074837975,0.015839396074837975,0.058499999999999996,0.058499999999999996,0.07539999999999991,0.07539999999999991,0.07539999999999991,0.05035157246601374,0.05035157246601374,,,,,,,
1968-12-31,0.0128636938646427,0.0128636938646427,0.0128636938646427,0.0128636938646427,0.0128636938646427,0.011605174043443078,0.011605174043443078,-0.03500000000000003,-0.03500000000000003,0.0132000000000001,0.0132000000000001,0.0132000000000001,-0.02914339701134616,-0.02914339701134616,,,,,,,
1969-01-31,-0.03984350547730853,-0.03984350547730853,-0.03984350547730853,-0.03984350547730853,-0.03984350547730853,-0.03312806446296879,-0.03312806446296879,-0.007199999999999984,-0.007199999999999984,-0.006299999999999972,-0.006299999999999972,-0.006299999999999972,-0.005355800865734728,-0.005355800865734728,,,,,,,
1969-02-28,-0.002377450980392104,-0.002377450980392104,-0.002377450980392104,-0.002377450980392104,-0.002377450980392104,-0.0012887429889224533,-0.0012887429889224533,-0.05400000000000005,-0.05400000000000005,-0.09760000000000002,-0.09760000000000002,-0.09760000000000002,-0.045219179057857994,-0.045219179057857994,,,,,,,
1969-03-31,-0.019129720853858778,-0.019129720853858778,-0.019129720853858778,-0.008920892019307791,-0.0009305999999998926,-0.01550091397433695,-0.01550091397433695,0.031199999999999894,-0.0014276000000000844,0.031300000000000106,-0.008920892019307791,-0.0014276000000000844,-0.0004762923365347893,-0.0004762923365347893,,,,,,,
1969-04-30,0.022750923128566525,-0.001013433333333369,0.022750923128566525,0.016614417589795094,0.016614417589795094,-8.999640908136097e-05,-8.999640908136097e-05,0.01990000000000003,0.013780600000000032,0.008899999999999908,0.014874784299405697,0.005300000000000082,0.01251967899999995,0.01251967899999995,,,,,,,
1969-05-31,0.035143139190523476,0.0050916666666667165,0.035143139190523476,-0.011854309949655972,-0.0009388833333332514,0.0050916666666667165,0.0050916666666667165,0.0039000000000000146,0.0039000000000000146,0.008299999999999974,-0.0021233999999999975,-0.0021233999999999975,0.004023981078190353,0.004023981078190353,,,,,,,
1969-06-30,-0.04970522625876361,0.005033333333333223,-0.04970522625876361,-0.05540699490121104,-0.05540699490121104,-0.04638282066411725,-0.020734066579350063,-0.06679999999999997,-0.06679999999999997,-0.129,-0.06679999999999997,-0.06679999999999997,-0.05601564732172937,-0.05601564732172937,,,,,,,
1969-07-31,-0.04204771871427593,-0.047795432401990245,-0.04204771871427593,-0.04204771871427593,-0.04204771871427593,-0.034977722448314985,-0.03747536999260326,-0.06469999999999998,-0.0007317999999999492,-0.01132966770186683,-0.01132966770186683,-0.0007317999999999492,-0.054255109255231804,-0.026880809791243965,,,,,,,
1969-08-31,-0.0028302801534509925,-0.00020166666666665556,0.0017236294377525052,0.0017236294377525052,-0.00020166666666665556,-0.0015682656575169984,-0.0003665222908162402,0.05190000000000006,0.004999999999999893,0.007770250943412993,0.007770250943412993,0.004999999999999893,0.04480584106497143,0.02482466697302166,,,,,,,
1969-09-30,0.006291144616691335,0.005816666666666581,-0.027727639078064636,-0.027727639078064636,0.005816666666666581,0.00621329381200586,0.006005567754730157,-0.023499999999999965,0.006199999999999983,-0.027727639078064636,-0.027727639078064636,0.006199999999999983,0.0010338291760179086,0.00356667971890845,,,,,,,
1969-10-31,0.013467119881493739,0.005908333333333404,0.010229295987382647,0.010229295987382647,0.005908333333333404,0.0007778379701199878,0.003342571456099286,0.056599999999999984,0.006000000000000005,0.010229295987382647,0.010229295987382647,0.006000000000000005,0.04366004900000009,0.024884862249999973,,,,,,,
1969-11-30,0.009977552694026226,0.005833333333333357,0.003079907400783899,0.003079907400783899,0.005833333333333357,0.004208204598993737,0.005025260263895603,-0.03279999999999994,0.0052000000000000934,0.003079907400783899,-0.06673340000000005,-0.06673340000000005,-0.02713590050247372,-0.011021415559887893,,,,,,,
1969-12-31,-0.050271974500225136,0.006033333333333335,-0.029420739489100622,-0.029420739489100622,0.006033333333333335,-0.041829187893030584,-0.017902345229690697,-0.01990000000000003,0.006399999999999961,-0.029420739489100622,-0.03524421505216602,0.00036159999999996195,-0.015984403009713266,-0.004833565223844816,,,,,,,
1970-01-31,-0.005887269966707076,0.006516666666666726,-0.0032756968919481766,-0.0032756968919481766,0.006516666666666726,-0.00407145226354777,0.0011608268728524607,-0.07499999999999996,0.006000000000000005,-0.0032756968919481766,-0.0032756968919481766,0.006000000000000005,-0.06286916069836745,-0.028462646093703414,,,,,,,
1970-02-28,-0.03195782120843005,0.006558333333333444,0.04532620308362634,0.04532620308362634,0.006558333333333444,-0.02618967597190114,-0.009829018790083355,0.057600000000000096,0.006199999999999983,0.04532620308362634,0.04532620308362634,0.006199999999999983,0.049820580553966876,0.02791933080361142,,,,,,,
1970-03-31,0.02012582224261905,0.005941666666666734,0.018126735232375513,0.018126735232375513,0.005941666666666734,0.01796739733626107,0.011912216222055294,-0.0049000000000000155,0.005700000000000038,0.018126735232375513,0.018126735232375513,0.012017974820981214,-0.0033473285272648257,0.0011216031044616326,,,,,,,
1970-04-30,-0.02747383906749412,0.005525000000000002,-0.01655498430520841,-0.01655498430520841,-0.022455654399377134,-0.022534432158685114,-0.008519883443749765,-0.1049,0.004999999999999893,-0.01655498430520841,-0.01655498430520841,-0.01655498430520841,-0.08842241659168348,-0.04172237624449593,,,,,,,
1970-05-31,-0.11198694008144272,0.005425000000000013,-0.029501051191179184,-0.029501051191179184,-0.029501051191179184,-0.09439853756712613,-0.04452170349921958,-0.06369999999999998,0.005300000000000082,-0.029501051191179184,-0.029501051191179184,-0.029501051191179184,-0.041266467367022774,-0.041428094552820593,,,,,,,
1970-06-30,-0.002695240599526749,0.005700000000000038,0.011406556234005771,0.011406556234005771,0.011406556234005771,0.0019956880063347615,0.0018146986702503032,-0.052200000000000024,0.005800000000000027,0.011406556234005771,0.011406556234005771,-0.00023479999999997947,0.0007119668440247473,0.0007119668440247473,,,,,,,
1970-07-31,0.005229230056885914,0.00556666666666672,0.033107284244117796,0.033107284244117796,-0.00046673333333324685,0.0004393061217726757,0.0004393061217726757,0.07440000000000002,0.0052000000000000934,0.033107284244117796,0.033107284244117796,0.0052000000000000934,0.0052000000000000934,0.0052000000000000934,,,,,,,
1970-08-31,0.0325614874977993,0.005374999999999908,0.0013364030516227476,0.0013364030516227476,0.005374999999999908,0.005374999999999908,0.005374999999999908,0.05030000000000001,0.005300000000000082,0.0013364030516227476,0.0013364030516227476,-0.004671615366687032,0.0382278949999999,0.02181271624999992,,,,,,,
1970-09-30,0.063216546885694,0.005341666666666578,0.016095409800195304,0.016095409800195304,0.009998837341394173,0.04915718474709041,0.027312147608315795,0.04719999999999991,0.005400000000000071,0.016095409800195304,0.040916799999999975,0.040916799999999975,0.02505598478217186,0.025089887264712063,,,,,,,
1970-10-31,0.024878229191894752,0.0051000000000001044,0.010378148244413632,0.010378148244413632,0.010378148244413632,0.013116154709064354,0.013158800561384298,-0.018100000000000005,-0.023991399999999996,0.010378148244413632,-0.07895960000000002,-0.07895960000000002,-0.01717913127202464,-0.01717913127202464,,,,,,,
1970-11-30,0.0020511536486114146,0.004925000000000068,0.041321191952788716,-0.003961153273280282,-0.003961153273280282,0.019148638793690997,0.019148638793690997,0.050799999999999956,0.050799999999999956,0.041321191952788716,0.044495199999999846,0.044495199999999846,0.043851602321631544,0.043851602321631544,,,,,,,
1970-12-31,0.07156699889258022,0.06513759689922471,0.038690776463458754,0.07156699889258022,0.07156699889258022,0.058726318855141235,0.058726318855141235,0.0616000000000001,0.0616000000000001,0.038690776463458754,0.0616000000000001,0.0616000000000001,0.052954348218101854,0.052954348218101854,,,,,,,
1971-01-31,0.041097538404590184,0.041097538404590184,0.016395803221401106,0.041097538404590184,0.041097538404590184,0.03549153104382996,0.03549153104382996,0.052100000000000035,0.052100000000000035,0.016395803221401106,0.052100000000000035,0.052100000000000035,0.044811428239674767,0.044811428239674767,,,,,,,
1971-02-28,0.04150176489464119,0.04150176489464119,0.01485068061261563,0.04150176489464119,0.04150176489464119,0.0358031572377544,0.0358031572377544,0.017400000000000082,0.017400000000000082,0.011295600000000183,0.040419800000000006,0.040419800000000006,0.015249096192191613,0.015249096192191613,,,,,,,
1971-03-31,0.028309820478495507,0.028309820478495507,0.022139961555624588,0.028309820478495507,0.028309820478495507,0.0244972446878593,0.0244972446878593,0.04420000000000002,0.04420000000000002,0.04420000000000002,0.05750000000000011,0.05750000000000011,0.03800897196084829,0.03800897196084829,,,,,,,
1971-04-30,0.03673583500669353,0.03673583500669353,0.03673583500669353,0.03673583500669353,0.03673583500669353,0.03162852733887278,0.03162852733887278,0.0343,0.0343,0.0343,0.023900000000000032,0.023900000000000032,0.02954373842040603,0.02954373842040603,,,,,,,
1971-05-31,-0.011081448220064849,-0.011081448220064849,-0.011081448220064849,-0.011081448220064849,-0.011081448220064849,-0.008961658358623725,-0.008961658358623725,-0.03700000000000003,-0.03700000000000003,-0.06414900000000001,-0.058499999999999996,-0.058499999999999996,-0.031037679373564275,-0.031037679373564275,,,,,,,
1971-06-30,-0.015961286089238857,-0.015961286089238857,-0.015961286089238857,-0.015961286089238857,-0.015961286089238857,-0.013060485841357217,-0.013060485841357217,0.0027999999999999137,0.0027999999999999137,-0.022599999999999953,-0.022599999999999953,-0.022599999999999953,0.002903407058445051,0.002903407058445051,,,,,,,
1971-07-31,-0.004632412421446408,-0.004632412421446408,-0.004632412421446408,-0.004632412421446408,-0.004632412421446408,-0.0033587962252275005,-0.0033587962252275005,-0.04090000000000005,-0.04090000000000005,-0.06340000000000001,-0.0466546000000001,-0.0466546000000001,-0.03416566303140034,-0.03416566303140034,,,,,,,
1971-08-31,-0.01517396464646481,-0.01517396464646481,-0.01517396464646481,-0.01517396464646481,-0.01517396464646481,-0.012229383321685439,-0.012229383321685439,0.04259999999999997,0.04259999999999997,0.04499999999999993,0.010413604515215225,-0.0013282000000001126,0.03687812364443466,0.03687812364443466,,,,,,,
1971-09-30,0.024861168243521137,0.024861168243521137,0.024861168243521137,0.024861168243521137,0.024861168243521137,0.02173392479323777,0.02173392479323777,-0.0049000000000000155,-0.0049000000000000155,-0.005600000000000049,-0.010870600000000064,-0.010870600000000064,-0.003637860367980972,-0.003637860367980972,,,,,,,
1971-10-31,-0.01864241281019463,-0.01864241281019463,-0.01864241281019463,0.014707688706050437,0.014707688706050437,-0.0152750956137776,-0.0152750956137776,-0.04049999999999998,-0.04049999999999998,-0.04625699999999999,0.014707688706050437,0.014707688706050437,-0.03387637919817532,-0.03387637919817532,,,,,,,
1971-11-30,-0.043720945969095926,-0.043720945969095926,-0.043720945969095926,-0.04945862029328141,-0.04945862029328141,-0.03662218145009055,-0.03662218145009055,-0.0009000000000000119,-0.002322199999999941,-0.0009000000000000119,0.013970883644328191,0.013970883644328191,0.0035445447286897025,0.0035445447286897025,,,,,,,
1971-12-31,0.07163002083782422,-0.002504433333333389,0.07163002083782422,-0.010114081641552697,-0.010114081641552697,0.026586731314019563,0.026586731314019563,0.09079999999999999,0.0037000000000000366,0.09079999999999999,-0.0041389151323467654,-0.0041389151323467654,0.037365293020886314,0.037365293020886314,,,,,,,
1972-01-31,0.04422540418809451,0.003341666666666576,0.04422540418809451,0.0034462480110160065,0.0034462480110160065,0.020654422268900907,0.020654422268900907,0.02760000000000007,0.021434399999999965,0.10701779999999994,0.021434399999999965,0.021434399999999965,0.02138857913006431,0.02138857913006431,,,,,,,
1972-02-29,0.02086963536624742,0.014744417554049871,0.02086963536624742,0.014744417554049871,0.014744417554049871,0.015609419692806492,0.015609419692806492,0.031199999999999894,0.031199999999999894,0.0394000000000001,0.03316360000000018,0.03316360000000018,0.02687604913641284,0.02687604913641284,,,,,,,
1972-03-31,0.02619613434727497,0.02619613434727497,0.02619613434727497,0.02619613434727497,0.02619613434727497,0.022652842567203013,0.022652842567203013,0.008899999999999908,0.008899999999999908,0.0028465999999998104,-0.0030000000000000027,-0.0030000000000000027,0.007948449125436463,0.007948449125436463,,,,,,,
1972-04-30,0.012588981739399374,0.012588981739399374,0.012588981739399374,0.012588981739399374,0.012588981739399374,0.01114908684518312,0.01114908684518312,0.005800000000000027,0.005800000000000027,0.005800000000000027,0.007300000000000084,0.007300000000000084,0.005360269257820294,0.005360269257820294,,,,,,,
1972-05-31,-0.007758884803921284,-0.007758884803921284,-0.007758884803921284,-0.007758884803921284,-0.007758884803921284,-0.006138430706383424,-0.006138430706383424,0.015900000000000025,0.015900000000000025,0.015900000000000025,-0.026900000000000035,-0.026900000000000035,0.013962762522713001,0.013962762522713001,,,,,,,
1972-06-30,0.005160940885174714,0.005160940885174714,0.005160940885174714,0.005160940885174714,0.005160940885174714,0.00483965738229708,0.00483965738229708,-0.021399999999999975,-0.021399999999999975,-0.021399999999999975,-0.02727159999999995,-0.02727159999999995,-0.017764559782420974,-0.017764559782420974,,,,,,,
1972-07-31,-0.00503601080246896,-0.00503601080246896,-0.00503601080246896,-0.00503601080246896,-0.00503601080246896,-0.0037934412063040934,-0.0037934412063040934,-0.0049000000000000155,-0.0049000000000000155,-0.0049000000000000155,-0.0049000000000000155,-0.0049000000000000155,-0.00371885549822093,-0.00371885549822093,,,,,,,
1972-08-31,0.03783945118159204,0.03783945118159204,0.03783945118159204,0.03783945118159204,0.03783945118159204,0.032654456150774225,0.032654456150774225,0.035600000000000076,0.035600000000000076,0.035600000000000076,0.035600000000000076,0.035600000000000076,0.030688668720867174,0.030688668720867174,,,,,,,
1972-09-30,-0.012102102102102164,-0.012102102102102164,-0.012102102102102164,-0.012102102102102164,-0.012102102102102164,-0.009809611193319911,-0.009809611193319911,-0.008000000000000007,-0.008000000000000007,-0.008000000000000007,-0.008000000000000007,-0.008000000000000007,-0.006314117854947399,-0.006314117854947399,,,,,,,
1972-10-31,0.004192055149299101,0.004192055149299101,0.004192055149299101,0.004192055149299101,0.004192055149299101,0.004133759726796082,0.004133759726796082,0.009200000000000097,0.009200000000000097,0.009200000000000097,0.009200000000000097,0.009200000000000097,0.008411149902064041,0.008411149902064041,,,,,,,
1972-11-30,0.05255981599756687,0.05255981599756687,0.05255981599756687,0.05255981599756687,0.05255981599756687,0.04526809775382623,0.04526809775382623,0.04970000000000008,0.04970000000000008,0.04970000000000008,0.04970000000000008,0.04970000000000008,0.04279588637829468,0.04279588637829468,,,,,,,
1972-12-31,0.023132059079061573,0.023132059079061573,0.023132059079061573,0.023132059079061573,0.023132059079061573,0.020223453414702774,0.020223453414702774,0.00990000000000002,0.00990000000000002,0.00990000000000002,0.00990000000000002,0.00990000000000002,0.00893595161651306,0.00893595161651306,,,,,,,
1973-01-31,0.009898347517730777,0.009898347517730777,0.009898347517730777,0.009898347517730777,0.009898347517730777,0.009032857601328104,0.009032857601328104,-0.028299999999999992,-0.028299999999999992,-0.028299999999999992,-0.028299999999999992,-0.028299999999999992,-0.023399590857523078,-0.023399590857523078,,,,,,,
1973-02-28,-0.03324653012387402,-0.03324653012387402,-0.03324653012387402,-0.03324653012387402,-0.03324653012387402,-0.027587483160539716,-0.027587483160539716,-0.044300000000000006,-0.044300000000000006,-0.044300000000000006,-0.044300000000000006,-0.044300000000000006,-0.037049666370858714,-0.037049666370858714,,,,,,,
1973-03-31,-0.013448628137770036,-0.013448628137770036,-0.013448628137770036,-0.013448628137770036,-0.013448628137770036,-0.010760716920426905,-0.010760716920426905,-0.008399999999999963,-0.0014276000000000844,-0.005528942553959526,-0.005528942553959526,-0.005528942553959526,-0.00648828052532513,-0.0034341478517420088,,,,,,,
1973-04-30,-0.016320677639383163,-0.016320677639383163,-0.016320677639383163,-0.016320677639383163,-0.016320677639383163,-0.013125150853808831,-0.013125150853808831,-0.05159999999999998,0.0052000000000000934,0.0084879014746988,0.0084879014746988,0.0084879014746988,-0.04308957834975591,-0.018958717543652748,,,,,,,
1973-05-31,-0.025685003022061115,-0.025685003022061115,-0.025685003022061115,-0.013327059000669217,-0.013327059000669217,-0.02106598860217712,-0.02106598860217712,-0.024599999999999955,0.0051000000000001044,-0.007371286720995185,-0.007371286720995185,-0.007371286720995185,-0.020189493436713613,-0.007606752241078429,,,,,,,
1973-06-30,-0.01988495024875636,-0.0007317999999999492,-0.003888052375586759,0.002124695799208487,0.002124695799208487,-0.01613096684176596,-0.007915807063992197,-0.010600000000000054,0.0051000000000001044,0.002124695799208487,0.002124695799208487,0.002124695799208487,-0.008267996432612335,-0.0016163086972850182,,,,,,,
1973-07-31,0.01211567270992342,0.005991666666666617,-0.010568537342945605,-0.010568537342945605,-0.010568537342945605,0.011177270646915982,0.008556922084183016,0.05679999999999996,0.006399999999999961,-0.010568537342945605,-0.010568537342945605,-0.010568537342945605,0.049227293336539635,0.027796302190316702,,,,,,,
1973-08-31,-0.01634110743541284,0.0066749999999999865,-0.012989412373969222,-0.012989412373969222,-0.012989412373969222,-0.012893264595655318,-0.0031157208102203793,-0.031200000000000006,0.006999999999999895,-0.012989412373969222,-0.012989412373969222,0.0009579999999997924,-0.025505810661697992,-0.009306234790853463,,,,,,,
1973-09-30,0.019966281310212164,0.007225000000000037,0.028199941811877682,0.028199941811877682,0.001181649999999923,0.018036929840453908,0.01260576411704828,0.054200000000000026,0.006799999999999917,0.028199941811877682,0.028199941811877682,0.006799999999999917,0.047058601160487656,0.02688694389218571,,,,,,,
1973-10-31,0.042382157512626195,0.006908333333333294,0.027514947805418632,0.027514947805418632,0.006908333333333294,0.037051154838014355,0.02196585430880349,-0.0018000000000000238,-0.007789200000000052,0.027514947805418632,-0.010572400000000037,-0.010572400000000037,-0.0005896110412141331,-0.0030359456092853288,,,,,,,
1973-11-30,-0.0685008120825743,0.006016666666666559,0.009991149117713372,0.009991149117713372,0.003931202223007135,-0.05734785792884722,-0.025702850781399222,-0.12219999999999998,-0.12219999999999998,0.009991149117713372,-0.1274668,-0.1274668,-0.10303569847366789,-0.10303569847366789,,,,,,,
1973-12-31,-0.0680228758169934,-0.07361473856209144,0.004886517119261802,-0.07361473856209144,-0.07361473856209144,-0.05689772949333849,-0.05935151463182775,0.012299999999999978,0.00036159999999996195,0.004886517119261802,-0.001142801983453734,-0.001142801983453734,0.011304758843322382,0.006444753721809304,,,,,,,
1974-01-31,0.017021875219806804,0.0001710833333332662,-0.012230521909502579,-0.01815713877804559,-0.01815713877804559,0.015338446711272935,0.008287657547422667,0.0046999999999999265,0.006299999999999972,-0.012230521909502579,-0.012230521909502579,-0.012230521909502579,0.004935515395075196,0.0056113773136610146,,,,,,,
1974-02-28,-0.024711268338362236,0.0064750000000000085,0.007969497237567236,0.007969497237567236,0.007969497237567236,-0.02004131177669244,-0.006794743590731289,0.0012000000000000899,0.005800000000000027,0.007969497237567236,0.007969497237567236,0.007969497237567236,0.0018887797148485763,0.0038426581408783633,,,,,,,
1974-03-31,0.045764223292313,0.005933333333333346,-0.011875315892394434,-0.011875315892394434,-0.011875315892394434,0.039764275901636115,0.02281437007602527,-0.022599999999999953,0.005600000000000049,-0.011875315892394434,-0.0029185999999998824,-0.0029185999999998824,-0.018373447839553303,-0.006391676015491621,,,,,,,
1974-04-30,-0.04814928845101285,0.006633333333333269,-0.014925344845410415,-0.014925344845410415,-0.014925344845410415,-0.03996002960696898,-0.016705427033308795,-0.04530000000000001,0.007500000000000062,-0.014925344845410415,-0.058499999999999996,-0.058499999999999996,-0.03740115522270093,-0.014980992242614066,,,,,,,
1974-05-31,-0.027038719446246584,0.006941666666666624,0.0013886996776262261,-0.03287648712956914,-0.03287648712956914,-0.021984355541145306,-0.007581069809881047,-0.03949999999999998,0.007500000000000062,0.0013886996776262261,-0.0046196325204395094,0.001454999999999984,-0.032490598865180464,-0.012552611729691576,,,,,,,
1974-06-30,0.004590907401211819,0.006858333333333411,0.009104172361083185,0.0030495473269167572,0.000817183333333471,0.00490431206907016,0.005844181155118866,-0.022399999999999975,0.006000000000000005,0.009104172361083185,0.009104172361083185,0.006000000000000005,-0.01817648677205319,-0.0061393607185007415,,,,,,,
1974-07-31,-0.11344062070757677,0.0065833333333333854,-0.012312573316271225,-0.012312573316271225,0.0065833333333333854,-0.09543858894004509,-0.04443000542811637,-0.0736,0.006999999999999895,-0.012312573316271225,-0.012312573316271225,0.006999999999999895,-0.06153076633505794,-0.02729575393731709,,,,,,,
1974-08-31,-0.0376161055772708,0.006291666666666584,-0.009175623562918789,-0.009175623562918789,0.006291666666666584,-0.031128295753991675,-0.012551025634749968,-0.08789999999999998,0.006000000000000005,-0.009175623562918789,-0.009175623562918789,0.006000000000000005,-0.07387585055878587,-0.03402487153121003,,,,,,,
1974-09-30,-0.100103029505897,0.0074666666666667325,0.006699999999999928,0.006699999999999928,0.0074666666666667325,-0.08399932943726174,-0.03831314687643317,-0.10980000000000001,0.008099999999999996,0.006699999999999928,0.006699999999999928,0.008099999999999996,-0.09218541417983173,-0.042144026518571964,,,,,,,
1974-10-31,0.02377340232922287,0.006716666666666704,0.016304763687051027,0.016304763687051027,0.006716666666666704,0.021123152205032802,0.013799491949137321,0.1661999999999999,0.0051000000000001044,0.016304763687051027,0.016304763687051027,0.0051000000000001044,0.14192154495473264,0.07337377348011964,,,,,,,
1974-11-30,0.03743840005760357,0.006216666666666759,0.02182139156075258,0.02182139156075258,0.006216666666666759,0.032741944192588024,0.019460757765438874,-0.03990000000000005,0.005400000000000071,0.02182139156075258,0.02182139156075258,0.015690463211388117,-0.033209341452006824,-0.014069478192940021,,,,,,,
1974-12-31,-0.06091441315862833,0.006224999999999925,0.02390579811941662,0.02390579811941662,0.017762363330700026,-0.05086545241717588,-0.022353152694673306,-0.02739999999999998,0.006999999999999895,0.02390579811941662,0.02390579811941662,0.02390579811941662,-0.02227504391264823,-0.0076868409097294865,,,,,,,
1975-01-31,0.08635670443814925,0.005958333333333288,0.0013050091128390395,0.0013050091128390395,0.0013050091128390395,0.0742388154033844,0.040022911150733975,0.14250000000000007,0.005800000000000027,0.0013050091128390395,0.0013050091128390395,0.0013050091128390395,0.12196480197551551,0.06384342603034865,,,,,,,
1975-02-28,0.10810211089672928,0.005216666666666647,0.013966036271582105,0.013966036271582105,0.013966036271582105,0.09260673767010696,0.0488240972557632,0.059900000000000064,0.05354060000000005,0.013966036271582105,0.04220899999999994,0.04220899999999994,0.05146198939141433,0.04907663401219575,,,,,,,
1975-03-31,0.04976071577195196,0.004583333333333384,-0.017340243105662845,0.04346215147732013,0.04346215147732013,0.04290897997419019,0.02363648341518143,0.03069999999999995,0.03069999999999995,-0.017340243105662845,0.07319999999999993,0.07319999999999993,0.026668471144642325,0.026668471144642325,,,,,,,
1975-04-30,0.014883554149757394,0.008794252824858795,-0.027375602302322055,0.014883554149757394,0.014883554149757394,0.013303692718023674,0.010818826412051896,0.046599999999999975,0.046599999999999975,-0.027375602302322055,0.03550000000000009,0.03550000000000009,0.04024938224597996,0.04024938224597996,,,,,,,
1975-05-31,0.06713946923197978,0.06713946923197978,0.01844081069822079,0.06713946923197978,0.06713946923197978,0.057761567018220994,0.057761567018220994,0.056400000000000006,0.056400000000000006,0.01844081069822079,0.08210000000000006,0.08210000000000006,0.048567458492698945,0.048567458492698945,,,,,,,
1975-06-30,0.028958564557899136,0.028958564557899136,0.02046156704147717,0.028958564557899136,0.028958564557899136,0.025222212817539447,0.025222212817539447,0.05279999999999996,0.05279999999999996,0.06417640000000002,0.0706,0.0706,0.045455337792199124,0.045455337792199124,,,,,,,
1975-07-31,0.004319985569985141,0.004319985569985141,-0.007076443958691003,0.004319985569985141,0.004319985569985141,0.004321052717783491,0.004321052717783491,-0.06120000000000003,-0.06120000000000003,-0.013700000000000045,-0.013700000000000045,-0.013700000000000045,-0.051333806276309235,-0.051333806276309235,,,,,,,
1975-08-31,-0.0699625184704653,-0.0699625184704653,-0.0755427433596425,-0.0699625184704653,-0.0699625184704653,-0.058701983917865186,-0.058701983917865186,-0.023599999999999954,-0.023599999999999954,-0.05800000000000005,-0.05800000000000005,-0.05800000000000005,-0.019392190917466023,-0.019392190917466023,,,,,,,
1975-09-30,-0.008526815229650153,-0.008526815229650153,-0.008526815229650153,-0.008526815229650153,-0.008526815229650153,-0.006503410507918472,-0.006503410507918472,-0.0373,-0.0373,-0.03390000000000004,-0.03390000000000004,-0.03390000000000004,-0.03093146967281213,-0.03093146967281213,,,,,,,
1975-10-31,0.049702767607574305,0.049702767607574305,0.049702767607574305,0.020554943549716764,-0.0006821000000000188,0.04303869450842979,0.04303869450842979,0.05879999999999996,0.05879999999999996,0.01750000000000007,0.020554943549716764,-0.00043359999999992294,0.050784662546327075,0.050784662546327075,,,,,,,
1975-11-30,0.020407587219149148,0.020407587219149148,0.020407587219149148,0.012917882662495828,0.004966666666666564,0.018058331152888796,0.018058331152888796,0.03059999999999996,0.03059999999999996,0.02180000000000004,0.024416400000000005,0.024416400000000005,0.02658523906639565,0.02658523906639565,,,,,,,
1975-12-31,-0.011805632656082365,-0.011805632656082365,-0.011805632656082365,-0.01773479886014584,-0.01773479886014584,-0.009361281677685906,-0.009361281677685906,-0.011199999999999988,-0.011199999999999988,-0.011499999999999955,-0.011199999999999988,-0.011199999999999988,-0.008819572971630385,-0.008819572971630385,,,,,,,
1976-01-31,0.09545596580232996,0.09545596580232996,0.09545596580232996,0.09545596580232996,0.09545596580232996,0.08180389349239414,0.08180389349239414,0.1262000000000001,0.1262000000000001,0.19379999999999997,0.1262000000000001,0.1262000000000001,0.10796131798426134,0.10796131798426134,,,,,,,
1976-02-29,0.041784250464588,0.041784250464588,0.041784250464588,0.041784250464588,0.041784250464588,0.0360587448764913,0.0360587448764913,0.00649999999999995,0.00649999999999995,0.10410000000000008,0.09747539999999999,0.09747539999999999,0.005950604198504017,0.005950604198504017,,,,,,,
1976-03-31,0.008026838966202376,0.008026838966202376,0.008026838966202376,0.008026838966202376,0.008026838966202376,0.00740475199946089,0.00740475199946089,0.02719999999999989,0.02719999999999989,0.013700000000000045,0.013700000000000045,0.013700000000000045,0.023717586811611957,0.023717586811611957,,,,,,,
1976-04-30,0.010973730629739942,0.010973730629739942,0.010973730629739942,0.010973730629739942,0.010973730629739942,0.009949633925803392,0.009949633925803392,-0.010700000000000043,-0.010700000000000043,-0.012599999999999945,-0.012599999999999945,-0.012599999999999945,-0.008482190016000368,-0.008482190016000368,,,,,,,
1976-05-31,-0.003813649002289754,-0.003813649002289754,-0.003813649002289754,-0.003813649002289754,-0.003813649002289754,-0.002639244157381815,-0.002639244157381815,-0.009700000000000042,-0.009700000000000042,-0.022599999999999953,-0.022599999999999953,-0.022599999999999953,-0.007701407409254291,-0.007701407409254291,,,,,,,
1976-06-30,0.009025032938076327,0.009025032938076327,0.009025032938076327,0.009025032938076327,0.009025032938076327,0.008315196227637323,0.008315196227637323,0.04489999999999994,0.04489999999999994,0.025700000000000056,0.025700000000000056,0.025700000000000056,0.038799268634489126,0.038799268634489126,,,,,,,
1976-07-31,0.026678127046496414,0.026678127046496414,0.026678127046496414,0.026678127046496414,0.026678127046496414,0.02334901533467093,0.02334901533467093,-0.005900000000000016,-0.005900000000000016,0.0018000000000000238,0.0018000000000000238,0.0018000000000000238,-0.004339769770901336,-0.004339769770901336,,,,,,,
1976-08-31,-0.00558221369161882,-0.00558221369161882,-0.00558221369161882,-0.00558221369161882,-0.00558221369161882,-0.004107636707665119,-0.004107636707665119,-0.0014999999999999458,-0.0014999999999999458,-0.019299999999999984,-0.019299999999999984,-0.019299999999999984,-0.0006531388481304523,-0.0006531388481304523,,,,,,,
1976-09-30,0.024403033236527927,0.024403033236527927,0.024403033236527927,0.024403033236527927,0.024403033236527927,0.021377279202417387,0.021377279202417387,0.02499999999999991,0.02499999999999991,0.021300000000000097,0.01884999999999981,0.01884999999999981,0.02190554108544518,0.02190554108544518,,,,,,,
1976-10-31,-0.031029486571879872,-0.031029486571879872,-0.031029486571879872,-0.031029486571879872,-0.031029486571879872,-0.025754745013058078,-0.025754745013058078,-0.020100000000000007,-0.020100000000000007,-0.020100000000000007,-0.020100000000000007,-0.020100000000000007,-0.016485167137291867,-0.016485167137291867,,,,,,,
1976-11-30,-0.0036119316323192097,-0.0036119316323192097,-0.0036119316323192097,-0.0036119316323192097,-0.0036119316323192097,-0.002482762675490635,-0.002482762675490635,0.007600000000000051,0.007600000000000051,0.033400000000000096,0.007600000000000051,0.007600000000000051,0.007041044094455717,0.007041044094455717,,,,,,,
1976-12-31,0.03791996047430812,0.03791996047430812,0.03791996047430812,0.03000016026829644,0.03000016026829644,0.032819608119253996,0.032819608119253996,0.0605,0.0605,0.10030000000000006,0.09369819999999995,0.09369819999999995,0.052022123034526135,0.052022123034526135,,,,,,,
1977-01-31,-0.0053353470232410105,-0.0023967500000000586,-0.0053353470232410105,-0.011303334941101584,-0.011303334941101584,-0.004016349485666981,-0.0027578307683355785,-0.036699999999999955,-0.036699999999999955,0.0371999999999999,0.0371999999999999,0.0371999999999999,-0.030694825588044483,-0.030694825588044483,,,,,,,
1977-02-28,-0.023648578998072933,-0.029506687524084474,-0.023648578998072933,-0.023648578998072933,-0.023648578998072933,-0.019530539917106182,-0.02203689044116608,-0.015900000000000025,-0.015900000000000025,-0.0023999999999999577,-0.0023999999999999577,-0.0023999999999999577,-0.013021391325890197,-0.013021391325890197,,,,,,,
1977-03-31,-0.0005033003300334293,-0.0005033003300334293,-0.0005033003300334293,-0.0005033003300334293,-0.0005033003300334293,0.00013448607184463057,0.00013448607184463057,-0.009700000000000042,-0.009700000000000042,0.006000000000000005,0.006000000000000005,0.006000000000000005,-0.00768992091805043,-0.00768992091805043,,,,,,,
1977-04-30,-0.011889769715042964,-0.0021896666666666453,0.006460102365640097,0.006460102365640097,0.006460102365640097,-0.0017028094310468367,-0.0017028094310468367,0.005300000000000082,-0.0022227999999999692,0.006460102365640097,0.019099999999999895,0.019099999999999895,0.005064539805948121,0.0018866379343494,,,,,,,
1977-05-31,0.0006926888776712659,0.0037833333333332497,-0.00015216381220317654,-0.00015216381220317654,-0.00015216381220317654,-0.0014291577158471735,-0.00011633601405569571,-0.01100000000000001,0.0037000000000000366,-0.00015216381220317654,0.0018000000000000238,0.0018000000000000238,-0.008796131664539963,-0.0025496840802362586,,,,,,,
1977-06-30,0.009045497502362387,0.004133333333333322,0.018903876507117223,0.018903876507117223,0.018903876507117223,0.008306291642833585,0.006216454490493906,0.05119999999999991,0.0040000000000000036,0.018903876507117223,0.06040000000000001,0.06040000000000001,0.044108154164415936,0.024037871165561775,,,,,,,
1977-07-31,0.012863556249370633,0.004183333333333428,0.0025501542407664335,0.0025501542407664335,0.0025501542407664335,0.011557752883522898,0.007865213791150127,-0.012700000000000045,-0.01862380000000008,0.0025501542407664335,0.009600000000000053,0.009600000000000053,-0.010199230703539786,-0.012622185209763104,,,,,,,
1977-08-31,-0.020747396872920487,0.004324999999999912,0.0012002758042795048,0.0012002758042795048,0.0012002758042795048,-0.016992990309480205,-0.006343316690383127,-0.01319999999999999,-0.01319999999999999,0.0012002758042795048,-0.0038000000000000256,-0.0038000000000000256,-0.01057292334079929,-0.01057292334079929,,,,,,,
1977-09-30,-0.011713554987212604,0.004574999999999996,0.010384634046547214,-0.01764327365728935,-0.01764327365728935,-0.009289602681138653,-0.002384545633926649,0.0016000000000000458,-0.0017257999999999996,0.010384634046547214,0.014000000000000012,0.014000000000000012,0.0031738363726345753,0.0031738363726345753,,,,,,,
1977-10-31,-0.021929517821885236,0.004841666666666633,-0.006438059722453815,-0.01239943136411914,-0.01239943136411914,-0.01385107903168048,-0.013874747094677509,-0.039000000000000035,0.004899999999999904,-0.006438059722453815,-0.023900000000000032,-0.023900000000000032,-0.018587736672283972,-0.018587736672283972,,,,,,,
1977-11-30,0.009861789702012791,0.005133333333333434,0.002092694961774777,0.002092694961774777,0.002092694961774777,0.0058231574422045185,0.0058231574422045185,0.04499999999999993,0.004999999999999893,0.002092694961774777,0.08190000000000008,0.08190000000000008,0.020710226938563503,0.020710226938563503,,,,,,,
1977-12-31,-0.0007513081600906135,0.005083333333333329,-0.00129904861538499,-0.00129904861538499,-0.00129904861538499,-0.00011906941843964347,-0.00011906941843964347,0.007600000000000051,0.0015544000000000668,-0.00129904861538499,0.02540000000000009,0.02540000000000009,0.004673632651126525,0.004673632651126525,,,,,,,
1978-01-31,-0.033865087401407035,0.005058333333333387,-0.01206707531496043,-0.01206707531496043,-0.01206707531496043,-0.01876700498832784,-0.01876700498832784,-0.05510000000000004,-0.05510000000000004,-0.01206707531496043,-0.014399999999999968,-0.014399999999999968,-0.04610195620555102,-0.04610195620555102,,,,,,,
1978-02-28,-0.009679898430285827,0.005366666666666742,0.001857891824126101,0.001857891824126101,0.001857891824126101,-0.009992942095048973,-0.0035928834807914534,-0.009299999999999975,-0.0014276000000000844,0.001857891824126101,0.027300000000000102,0.027300000000000102,-0.007262771078205277,-0.0038061105382246607,,,,,,,
1978-03-31,0.0026972353337824106,0.005374999999999908,0.006009755497264457,0.006009755497264457,-0.0006572500000000536,0.0030872673930608663,0.004214771713047183,0.03380000000000005,0.005300000000000082,0.006009755497264457,0.07200000000000006,0.07200000000000006,0.029513972986006554,0.017391737095516557,,,,,,,
1978-04-30,0.04833433723635849,0.005241666666666589,-0.0007654895352575686,-0.0007654895352575686,0.005241666666666589,0.041868308983195046,0.023552049854312695,0.08410000000000006,0.005400000000000071,-0.0007654895352575686,0.08190000000000008,0.08190000000000008,0.0002511684009616211,0.002794935263720655,,,,,,,
1978-05-31,0.055076160428576326,0.005241666666666589,-0.0066656095710684315,-0.0066656095710684315,0.005241666666666589,8.312724707049135e-05,0.002616246344611106,0.022699999999999942,0.016563799999999906,0.06248659999999995,0.06889999999999996,0.06889999999999996,0.014857694000000032,0.014857694000000032,,,,,,,
1978-06-30,0.006766930157752427,0.005341666666666578,-0.00040831212757197477,0.0007263285768059902,0.0007263285768059902,0.005341666666666578,0.005341666666666578,-0.011499999999999955,-0.011499999999999955,0.004999999999999893,0.004999999999999893,0.004999999999999893,-0.008978080892535822,-0.008978080892535822,,,,,,,
1978-07-31,-0.0005916188818346768,-0.006588069168543709,-0.004912009602248357,-0.0005916188818346768,-0.0005916188818346768,-0.004763351756706724,-0.004763351756706724,0.05679999999999996,0.05679999999999996,-0.010882537544634863,0.054200000000000026,0.054200000000000026,0.049106313754892605,0.049106313754892605,,,,,,,
1978-08-31,0.07331286655005642,0.07331286655005642,0.022636052463046896,0.07331286655005642,0.07331286655005642,0.06318714559160732,0.06318714559160732,0.043400000000000105,0.043400000000000105,0.08077619999999985,0.08729999999999993,0.08729999999999993,0.03769125723593114,0.03769125723593114,,,,,,,
1978-09-30,0.004026307346807867,0.004026307346807867,0.006337488508537659,0.004026307346807867,0.004026307346807867,0.004258604495976925,0.004258604495976925,-0.008199999999999985,-0.008199999999999985,-0.006299999999999972,-0.006299999999999972,-0.006299999999999972,-0.0060676973213842356,-0.0060676973213842356,,,,,,,
1978-10-31,-0.027721631376323552,-0.027721631376323552,-0.033555301588065634,-0.027721631376323552,-0.027721631376323552,-0.022583531667329293,-0.022583531667329293,-0.11219999999999997,-0.11219999999999997,-0.20589999999999997,-0.20589999999999997,-0.20589999999999997,-0.09436003726548359,-0.09436003726548359,,,,,,,
1978-11-30,-0.05436271537442017,-0.05436271537442017,-0.05436271537442017,-0.05436271537442017,-0.05436271537442017,-0.0452351626915114,-0.0452351626915114,0.03410000000000002,0.0009579999999997924,0.055299999999999905,-0.009991737197236117,-0.009991737197236117,0.02993146194862817,0.016022660699200886,,,,,,,
1978-12-31,0.01924295216978167,0.01924295216978167,0.01924295216978167,0.01924295216978167,0.01924295216978167,0.01738676538412043,0.01738676538412043,0.01649999999999996,0.010400999999999883,0.01869999999999994,-0.005741740710943577,-0.005741740710943577,0.015174567184471854,0.012645858504464869,,,,,,,
1979-01-31,0.041890654805257777,0.001521266666666632,-0.004366643331616626,-0.004366643331616626,-0.004366643331616626,0.036732668914882805,0.01953861242499566,0.049900000000000055,0.049900000000000055,0.09349999999999992,0.0016432159641683874,0.0016537999999999276,0.043563158476809916,0.043563158476809916,,,,,,,
1979-02-28,-0.010533321632734904,0.007791666666666641,-0.01647012170293849,0.007583333333333275,0.0017449166666665406,-0.007809703500559095,-4.56902742892451e-05,-0.028299999999999992,-0.028299999999999992,-0.021499999999999964,-0.027370999999999923,-0.027370999999999923,-0.02299022488411895,-0.02299022488411895,,,,,,,
1979-03-31,0.023448369473005215,0.017307679256167274,0.023448369473005215,0.017307679256167274,0.017307679256167274,0.02108168739229077,0.01846488321264661,0.06479999999999997,0.06479999999999997,0.08739999999999992,0.0002433906761010185,0.0002433906761010185,0.056265556847181264,0.056265556847181264,,,,,,,
1979-04-30,0.024347877122877115,0.001852600000000093,0.024347877122877115,0.024347877122877115,0.024347877122877115,0.021868689834023902,0.012290453797130896,0.007300000000000084,0.007300000000000084,0.024799999999999933,0.018651199999999868,0.018651199999999868,0.007363632109801399,0.007363632109801399,,,,,,,
1979-05-31,-0.018892156382630976,-0.02477880344433514,-0.018892156382630976,-0.018892156382630976,-0.018892156382630976,-0.014887962960582701,-0.017364490181105974,-0.013800000000000034,-0.013800000000000034,-0.012800000000000034,-0.012800000000000034,-0.012800000000000034,-0.010500525982350739,-0.010500525982350739,,,,,,,
1979-06-30,0.02421538153013114,0.02421538153013114,0.02421538153013114,0.02421538153013114,0.02421538153013114,0.021763078792598423,0.021763078792598423,0.046499999999999986,0.046499999999999986,0.05689999999999995,0.05689999999999995,0.05689999999999995,0.040722298479838326,0.040722298479838326,,,,,,,
1979-07-31,0.014254891838741734,0.0015046999999999144,-0.0012271638365980442,0.014254891838741734,0.014254891838741734,0.013236863237275465,0.007810799856242001,0.016000000000000014,0.016000000000000014,0.02540000000000009,0.02540000000000009,0.02540000000000009,0.014726357454426742,0.014726357454426742,,,,,,,
1979-08-31,0.050189329763064006,0.04388819378448572,0.04388819378448572,0.050189329763064006,0.050189329763064006,0.04381064632206688,0.041164355860460855,0.06309999999999993,0.06309999999999993,0.07560000000000011,0.07560000000000011,0.07560000000000011,0.05478339999398396,0.05478339999398396,,,,,,,
1979-09-30,0.015448479205462329,0.015448479205462329,0.015448479205462329,0.015448479205462329,0.015448479205462329,0.01428962145048196,0.01428962145048196,0.0,0.0,-0.006199999999999983,-0.006199999999999983,-0.006199999999999983,0.0012047704146369576,0.0012047704146369576,,,,,,,
1979-10-31,-0.03348935696746458,-0.03348935696746458,-0.05802671777666002,-0.03348935696746458,-0.03348935696746458,-0.0271889672640393,-0.0271889672640393,-0.07230000000000003,-0.07230000000000003,-0.10809999999999997,-0.10809999999999997,-0.10809999999999997,-0.06015596015717939,-0.06015596015717939,,,,,,,
1979-11-30,-0.003187137161084652,-0.003187137161084652,-0.009168014338118202,-0.003187137161084652,-0.003187137161084652,-0.0012795841363014704,-0.0012795841363014704,0.062100000000000044,0.062100000000000044,0.07889999999999997,-0.018720279432003162,0.003840599999999972,0.054200491205458334,0.054200491205458334,,,,,,,
1979-12-31,0.0440774670523949,0.0440774670523949,0.018779082220207632,0.0440774670523949,0.0440774670523949,0.038929301869364163,0.038929301869364163,0.027300000000000102,0.027300000000000102,0.07200000000000006,0.02113620000000016,0.02113620000000016,0.024591189685953196,0.024591189685953196,,,,,,,
1980-01-31,0.03316326530612268,0.03316326530612268,0.026964285714285996,0.03316326530612268,0.03316326530612268,0.02966780556214399,0.02966780556214399,0.06299999999999994,0.06299999999999994,0.09230000000000005,0.0857462,0.0857462,0.054735982714980036,0.054735982714980036,,,,,,,
1980-02-29,0.043996092575893986,0.043996092575893986,0.043996092575893986,0.043996092575893986,0.043996092575893986,0.03887882614761029,0.03887882614761029,-0.0033999999999999586,-0.0033999999999999586,-0.010299999999999976,-0.010299999999999976,-0.010299999999999976,-0.0015948289389665637,-0.0015948289389665637,,,,,,,
1980-03-31,-0.0877421220005784,-0.0877421220005784,-0.0877421220005784,-0.0877421220005784,-0.0877421220005784,-0.07299651023663345,-0.07299651023663345,-0.1169,-0.1169,-0.1845,-0.1845,-0.1845,-0.09755850482828299,-0.09755850482828299,,,,,,,
1980-04-30,-0.011583357211078837,-0.011583357211078837,-0.011583357211078837,-0.011583357211078837,-0.011583357211078837,-0.008026458086871524,-0.008026458086871524,0.052100000000000035,0.006524399999999986,0.0797274166026456,0.0797274166026456,0.006524399999999986,0.046060598337996694,0.026875127784953268,,,,,,,
1980-05-31,0.05039913430420717,0.004933999999999994,0.08336513012732749,0.08336513012732749,0.004933999999999994,0.04446973236123242,0.025143101942644686,0.060699999999999976,0.054335800000000045,0.08990455747216042,0.054335800000000045,0.054335800000000045,0.05277959085604711,0.050184569205267815,,,,,,,
1980-06-30,0.06866295264623878,0.00714999999999999,0.0338153104575889,0.0338153104575889,0.00714999999999999,0.05940543810031973,0.03323492402288597,0.03590000000000004,0.03590000000000004,0.03863059999999985,0.03590000000000004,0.03590000000000004,0.03139057815582125,0.03139057815582125,,,,,,,
1980-07-31,0.04972609802210615,0.04342774143397343,0.04342774143397343,0.04342774143397343,0.04342774143397343,0.043104599251011955,0.04058195227770067,0.07040000000000002,0.07040000000000002,0.09929999999999994,0.09270420000000001,0.09270420000000001,0.06061155750162883,0.06061155750162883,,,,,,,
1980-08-31,0.03507698247078461,0.03507698247078461,0.03507698247078461,0.03507698247078461,0.03507698247078461,0.030789798058493467,0.030789798058493467,0.023900000000000032,0.023900000000000032,0.07200000000000006,0.07200000000000006,0.07200000000000006,0.02122704662592434,0.02122704662592434,,,,,,,
1980-09-30,0.02838731443994602,0.02838731443994602,0.02838731443994602,0.02838731443994602,0.02838731443994602,0.025248888494676436,0.025248888494676436,0.029400000000000093,0.029400000000000093,0.038899999999999935,0.038899999999999935,0.038899999999999935,0.02610154905430706,0.02610154905430706,,,,,,,
1980-10-31,0.033267457180500726,0.033267457180500726,0.033267457180500726,0.033267457180500726,0.033267457180500726,0.029545126160553492,0.029545126160553492,0.01990000000000003,0.01990000000000003,0.0464,0.0464,0.0464,0.018323373443337232,0.018323373443337232,,,,,,,
1980-11-30,0.046166154633896506,0.046166154633896506,0.046166154633896506,0.046166154633896506,0.046166154633896506,0.04067462456657789,0.04067462456657789,0.10559999999999992,0.10559999999999992,0.0777000000000001,0.0777000000000001,0.0777000000000001,0.09119147476559886,0.09119147476559886,,,,,,,
1980-12-31,-0.012429378531073287,-0.012429378531073287,-0.012429378531073287,-0.012429378531073287,-0.012429378531073287,-0.008875302478588254,-0.008875302478588254,-0.03149999999999997,-0.03149999999999997,-0.0413,-0.0413,-0.0413,-0.024875632288856364,-0.024875632288856364,,,,,,,
1981-01-31,0.00012484394506850904,0.00012484394506850904,0.00012484394506850904,0.00012484394506850904,0.00012484394506850904,0.0020239053421480246,0.0020239053421480246,-0.040200000000000014,-0.040200000000000014,-0.00649999999999995,-0.00649999999999995,-0.00649999999999995,-0.03264384610118032,-0.03264384610118032,,,,,,,
1981-02-28,-0.030676691729323302,-0.030676691729323302,-0.030676691729323302,-0.030676691729323302,-0.030676691729323302,-0.024207211251139338,-0.024207211251139338,0.016799999999999926,0.016799999999999926,-0.0012999999999999678,-0.0012999999999999678,-0.0012999999999999678,0.015844350528261497,0.015844350528261497,,,,,,,
1981-03-31,0.04145898234683276,0.04145898234683276,0.04145898234683276,0.04145898234683276,0.04145898234683276,0.03705376677077865,0.03705376677077865,0.048799999999999955,0.048799999999999955,0.07709999999999995,0.07709999999999995,0.07709999999999995,0.04329020759129487,0.04329020759129487,,,,,,,
1981-04-30,0.012960879629629662,0.012960879629629662,0.012960879629629662,-0.025262484907807248,0.005066533333333512,0.012664984601358675,0.012664984601358675,-0.010800000000000032,-0.010800000000000032,0.03279999999999994,0.03279999999999994,0.03279999999999994,-0.0075867069709143475,-0.0075867069709143475,,,,,,,
1981-05-31,-0.01614996899801635,-0.01614996899801635,-0.01614996899801635,-0.022053069184028273,-0.022053069184028273,-0.012017587617342729,-0.012017587617342729,0.012799999999999923,0.012799999999999923,0.034599999999999964,0.034599999999999964,0.034599999999999964,0.012588140255310076,0.012588140255310076,,,,,,,
1981-06-30,0.008599088838268765,0.008599088838268765,0.008599088838268765,0.008599088838268765,0.008599088838268765,0.00932518755774936,0.00932518755774936,-0.00990000000000002,-0.00990000000000002,-0.017199999999999993,-0.017199999999999993,-0.017199999999999993,-0.006390975844623559,-0.006390975844623559,,,,,,,
1981-07-31,-0.020135216679264212,-0.020135216679264212,-0.020135216679264212,-0.020135216679264212,-0.020135216679264212,-0.01527740411740608,-0.01527740411740608,-0.0030999999999999917,-0.0030999999999999917,-0.02529999999999999,-0.02529999999999999,-0.02529999999999999,-0.000793002160530687,-0.000793002160530687,,,,,,,
1981-08-31,0.008053621223857776,0.008053621223857776,0.008053621223857776,0.008053621223857776,0.008053621223857776,0.008688930245174253,0.008688930245174253,-0.05740000000000001,-0.05740000000000001,-0.08089999999999997,-0.08089999999999997,-0.08089999999999997,-0.04688131050461608,-0.04688131050461608,,,,,,,
1981-09-30,-0.0829989711934156,0.006847449999999977,-0.012831354382471738,-0.012831354382471738,0.006847449999999977,0.0077624661704907005,0.0077624661704907005,-0.0595,0.006325600000000042,-0.012831354382471738,-0.012831354382471738,0.006325600000000042,-0.04876859904562325,-0.020605877602621114,,,,,,,
1981-10-31,0.01729830233868679,0.012250000000000094,0.021466355316585917,0.011194512524654643,0.011194512524654643,0.011356697597245446,0.011808819896282241,0.06129999999999991,0.0121,0.021466355316585917,0.021466355316585917,0.0121,0.053859062122581625,0.03289908261700947,,,,,,,
1981-11-30,0.030462806065665093,0.011283333333333312,0.10897087617885104,0.1023170509217779,0.005215633333333303,0.027581981244009235,0.01942717040095321,0.04469999999999996,0.010699999999999932,0.10897087617885104,0.10897087617885104,0.010699999999999932,0.03956287340139686,0.02507840939736794,,,,,,,
1981-12-31,0.011818551668022703,0.009050000000000002,-0.006676504322579158,-0.006676504322579158,0.009050000000000002,0.01138882768327254,0.010198766566210216,-0.027599999999999958,-0.033434399999999975,-0.006676504322579158,-0.033434399999999975,-0.033434399999999975,-0.022179464936947002,-0.024600952667024334,,,,,,,
1982-01-31,-0.04802100161550893,0.009041666666666615,-0.03404194356422896,-0.03404194356422896,-0.039837691902843586,-0.0359870482908764,-0.035985024422050205,-0.02429999999999999,0.0019519999999999538,-0.03404194356422896,-0.02429999999999999,-0.02429999999999999,-0.02608515793345967,-0.02608515793345967,,,,,,,
1982-02-28,-0.019117647058823684,0.010233333333333317,0.020572747245703127,-0.025002941176470728,-0.025002941176470728,0.002113697709205997,0.002113697709205997,-0.0494,0.009200000000000097,0.020572747245703127,0.014449310762228995,0.014449310762228995,-0.010900388767054126,-0.010900388767054126,,,,,,,
1982-03-31,-0.027423580786026136,0.011233333333333428,0.04266438186397559,0.03640839557279163,0.03640839557279163,0.008107774012382274,0.008107774012382274,-0.008399999999999963,0.009800000000000031,0.04266438186397559,0.04266438186397559,0.04266438186397559,0.015931442530909168,0.015931442530909168,,,,,,,
1982-04-30,0.054715703971119245,0.010566666666666613,0.011012674403183542,0.011012674403183542,0.011012674403183542,0.029426894359066536,0.029426894359066536,0.04370000000000007,0.011300000000000088,0.011012674403183542,0.011012674403183542,0.011012674403183542,0.024879379057388018,0.024879379057388018,,,,,,,
1982-05-31,0.005717970765261926,0.010583333333333389,0.025122022842248404,0.025122022842248404,0.025122022842248404,0.014631172319372832,0.014631172319372832,-0.028699999999999948,0.010599999999999943,0.025122022842248404,-0.026874000000000065,-0.026874000000000065,2.2702500916516044e-05,2.2702500916516044e-05,,,,,,,
1982-06-30,-0.05268470790377966,0.010075000000000056,-0.024589358725634836,-0.05836859965635699,-0.05836859965635699,-0.03135561242425988,-0.03135561242425988,-0.021199999999999997,0.009600000000000053,-0.024589358725634836,-0.030441822573280986,-0.030441822573280986,-0.01809251231345843,-0.01809251231345843,,,,,,,
1982-07-31,0.0024485946520815816,0.010391666666666577,0.030665137651948227,0.0024485946520815816,0.0024485946520815816,0.01557499231239956,0.01557499231239956,-0.021499999999999964,0.010499999999999954,0.030665137651948227,0.030665137651948227,0.030665137651948227,0.005444730415419041,0.005444730415419041,,,,,,,
1982-08-31,0.007949931444241276,0.009458333333333346,0.0609778281904545,0.054611961221311844,0.054611961221311844,0.030674144343887377,0.030674144343887377,0.1198999999999999,0.007600000000000051,0.0609778281904545,0.0609778281904545,0.0609778281904545,0.10016676099931576,0.052568981978977414,,,,,,,
1982-09-30,0.12097386812518973,0.007233333333333425,0.051960746698568094,0.051960746698568094,0.051960746698568094,0.10101515423774088,0.05280231271867786,0.018199999999999994,0.012090799999999957,0.051960746698568094,0.012090799999999957,0.012090799999999957,0.016155852323109343,0.013802161128717128,,,,,,,
1982-10-31,0.08881853894335512,0.006599999999999939,0.09671128692319408,0.09671128692319408,0.09671128692319408,0.07700146946271236,0.07708658354450049,0.1189,0.1189,0.09671128692319408,0.1189,0.1189,0.10193913323008452,0.10193913323008452,,,,,,,
1982-11-30,0.045003347148957706,0.038733327066063916,0.031173594115453396,0.038733327066063916,0.038733327066063916,0.036525189888581,0.036525189888581,0.053099999999999925,0.053099999999999925,0.04678139999999997,0.053099999999999925,0.053099999999999925,0.04599793785053752,0.04599793785053752,,,,,,,
1982-12-31,0.01355901520637226,0.01355901520637226,0.007477661115133927,0.01355901520637226,0.01355901520637226,0.012505158244238146,0.012505158244238146,0.012299999999999978,0.012299999999999978,0.00970519999999997,0.00970519999999997,0.00970519999999997,0.011425382866587563,0.011425382866587563,,,,,,,
1983-01-31,0.03926550095647974,0.03926550095647974,0.03926550095647974,0.03926550095647974,0.03926550095647974,0.03436283505441162,0.03436283505441162,0.04279999999999995,0.04279999999999995,0.08850000000000002,0.08850000000000002,0.08850000000000002,0.03741060606859392,0.03741060606859392,,,,,,,
1983-02-28,0.02130784823284837,0.02130784823284837,0.02130784823284837,0.02130784823284837,0.02130784823284837,0.019069563453255833,0.019069563453255833,0.03210000000000002,0.03210000000000002,0.05630000000000002,0.05630000000000002,0.05630000000000002,0.02818778005171274,0.02818778005171274,,,,,,,
1983-03-31,0.03866371480472308,0.03866371480472308,0.03866371480472308,0.03866371480472308,0.03866371480472308,0.033866454052565276,0.033866454052565276,0.034399999999999986,0.034399999999999986,0.0492999999999999,0.0492999999999999,0.0492999999999999,0.03016514853848884,0.03016514853848884,,,,,,,
1983-04-30,0.041979372394119085,0.041979372394119085,0.041979372394119085,0.041979372394119085,0.041979372394119085,0.036701741675774,0.036701741675774,0.0737000000000001,0.0737000000000001,0.07879999999999998,0.07879999999999998,0.07879999999999998,0.06368780394587858,0.06368780394587858,,,,,,,
1983-05-31,0.04424540266328458,0.04424540266328458,0.04424540266328458,0.04424540266328458,0.04424540266328458,0.038608001846174966,0.038608001846174966,0.01200000000000001,0.01200000000000001,0.08440000000000003,0.08440000000000003,0.08440000000000003,0.011186564418859568,0.011186564418859568,,,,,,,
1983-06-30,0.01754011781434084,0.01754011781434084,0.01754011781434084,0.01754011781434084,0.01754011781434084,0.015904861712410012,0.015904861712410012,0.0374000000000001,0.0374000000000001,0.043199999999999905,0.043199999999999905,0.043199999999999905,0.032791015318207384,0.032791015318207384,,,,,,,
1983-07-31,0.007091346153846434,0.007091346153846434,0.007091346153846434,0.007091346153846434,0.007091346153846434,0.00711826822062589,0.00711826822062589,-0.03320000000000001,-0.03320000000000001,-0.021700000000000053,-0.021700000000000053,-0.021700000000000053,-0.02713212327528214,-0.02713212327528214,,,,,,,
1983-08-31,-0.02406187624750511,-0.02406187624750511,-0.02406187624750511,-0.02406187624750511,-0.02406187624750511,-0.01931776886228198,-0.01931776886228198,0.0025999999999999357,0.0025999999999999357,-0.036599999999999966,-0.036599999999999966,-0.036599999999999966,0.0033179685805693193,0.0033179685805693193,,,,,,,
1983-09-30,0.03314860426929411,0.03314860426929411,0.03314860426929411,0.03314860426929411,0.03314860426929411,0.029318417197516933,0.029318417197516933,0.016799999999999926,0.016799999999999926,0.007800000000000029,0.007800000000000029,0.007800000000000029,0.015416128986395439,0.015416128986395439,,,,,,,
1983-10-31,0.006494218500797455,0.006494218500797455,0.006494218500797455,0.006494218500797455,0.006494218500797455,0.006626109193130558,0.006626109193130558,-0.026700000000000057,-0.026700000000000057,-0.06000000000000005,-0.06000000000000005,-0.06000000000000005,-0.021561781721760487,-0.021561781721760487,,,,,,,
1983-11-30,-0.011399324190021987,-0.011399324190021987,-0.011399324190021987,-0.011399324190021987,-0.011399324190021987,-0.008610183324675669,-0.008610183324675669,0.028699999999999948,0.028699999999999948,0.03420000000000001,-0.005171690020338238,-0.005171690020338238,0.025417500075039845,0.025417500075039845,,,,,,,
1983-12-31,-0.0012661420500402754,-0.0012661420500402754,-0.0012661420500402754,-0.0012661420500402754,-0.0012661420500402754,4.4269420689246886e-06,4.4269420689246886e-06,-0.010399999999999965,-0.010399999999999965,-0.014599999999999946,-0.016337599999999952,-0.016337599999999952,-0.00776106320097858,-0.00776106320097858,,,,,,,
1984-01-31,0.015774533657745282,0.015774533657745282,0.015774533657745282,0.015774533657745282,0.015774533657745282,0.014526705396763484,0.014526705396763484,-0.011600000000000055,-0.011600000000000055,-0.0041999999999999815,0.013119390533792519,0.013119390533792519,-0.008733527194965007,-0.008733527194965007,,,,,,,
1984-02-29,-0.05110677083333337,-0.05110677083333337,-0.05110677083333337,-0.05110677083333337,-0.05110677083333337,-0.04233423044768725,-0.04233423044768725,-0.04059999999999997,0.0010574000000000972,-0.054200000000000026,-0.00016959546561079453,-0.00016959546561079453,-0.033459321644580764,-0.015674288098609934,,,,,,,
1984-03-31,0.004439499894045351,0.004439499894045351,0.004439499894045351,0.004439499894045351,0.004439499894045351,0.004862846135736287,0.004862846135736287,0.013800000000000034,0.007300000000000084,-0.02343483051328965,-0.01754007093892318,-0.01754007093892318,0.012786762661553208,0.009990913124373169,,,,,,,
1984-04-30,0.005094943879712099,0.001885733333333306,0.005094943879712099,-0.013173899454431814,-0.013173899454431814,0.005518302182047741,0.004162266915222812,0.0029999999999998916,0.008099999999999996,-0.007217202670454559,-0.007217202670454559,-0.007217202670454559,0.003760071980388968,0.005923008344351999,,,,,,,
1984-05-31,-0.002502818316412858,0.008075000000000054,-0.037947647818626806,-0.03214049076320602,-0.03214049076320602,-0.0009183030368558054,0.003575278439062135,-0.052000000000000046,0.007800000000000029,-0.03214049076320602,-0.03214049076320602,0.0017532000000000103,-0.043033719614107846,-0.01762230282820354,,,,,,,
1984-06-30,-0.01845998297147733,0.008191666666666597,0.003017816123175532,0.003017816123175532,0.0021425166666666495,-0.01447021784087199,-0.0031506903837564826,0.025600000000000067,0.007500000000000062,0.003017816123175532,0.003017816123175532,0.007500000000000062,0.0228361019989185,0.015101890050757127,,,,,,,
1984-07-31,-0.00907177770520351,0.008224999999999927,0.022261202186388607,0.022261202186388607,0.008224999999999927,-0.0064978147521718155,0.0008346343316165683,-0.019000000000000017,0.008199999999999985,0.022261202186388607,0.022261202186388607,0.008199999999999985,0.003044532286620605,0.005602733672677829,,,,,,,
1984-08-31,0.09207846348996251,0.008433333333333293,0.04710093781955149,0.04710093781955149,0.008433333333333293,0.003303753952062616,0.005887381284841897,0.11099999999999999,0.008299999999999974,0.04710093781955149,0.04710093781955149,0.008299999999999974,0.008299999999999974,0.008299999999999974,,,,,,,
1984-09-30,0.0140815085158148,0.008725000000000094,0.021929143136015794,0.021929143136015794,0.008725000000000094,0.008725000000000094,0.008725000000000094,0.0005999999999999339,-0.005403600000000064,0.021929143136015794,-0.005403600000000064,-0.005403600000000064,-0.0033091800000000227,-0.0033091800000000227,,,,,,,
1984-10-31,-0.004098936383704399,-0.0100743427654022,0.03111986034177594,-0.0100743427654022,-0.0100743427654022,-0.0072766879119253725,-0.0072766879119253725,0.0016000000000000458,0.0016000000000000458,0.03111986034177594,0.0016000000000000458,0.0016000000000000458,0.0028538735244560964,0.0028538735244560964,,,,,,,
1984-11-30,0.012884304207119612,0.012884304207119612,0.0448487934823083,0.012884304207119612,0.012884304207119612,0.01215927177647358,0.01215927177647358,-0.010399999999999965,-0.010399999999999965,0.0448487934823083,-0.010399999999999965,-0.010399999999999965,-0.007751358046616752,-0.007751358046616752,,,,,,,
1984-12-31,-0.007050511124473968,-0.007050511124473968,0.013772114949892611,-0.007050511124473968,-0.007050511124473968,-0.004920270131523297,-0.004920270131523297,0.024799999999999933,0.024799999999999933,0.013772114949892611,0.024799999999999933,0.024799999999999933,0.02202605304823857,0.02202605304823857,,,,,,,
1985-01-31,0.046997634245187214,0.046997634245187214,0.016698578055968083,0.046997634245187214,0.046997634245187214,0.040944104921176505,0.040944104921176505,0.08620000000000005,0.08620000000000005,0.016698578055968083,0.08620000000000005,0.08620000000000005,0.07423020500898203,0.07423020500898203,,,,,,,
1985-02-28,0.05789465326340304,0.05789465326340304,0.0018156011347723044,0.05789465326340304,0.05789465326340304,0.050149367251143495,0.050149367251143495,0.018000000000000016,0.018000000000000016,0.011892000000000014,0.02570859999999997,0.02570859999999997,0.016112325639882075,0.016112325639882075,,,,,,,
1985-03-31,-0.004763220932375023,-0.004763220932375023,-0.010763206138119985,-0.004763220932375023,-0.004763220932375023,-0.0030523373667413756,-0.0030523373667413756,-0.0020999999999999908,-0.0020999999999999908,-0.0020999999999999908,-0.015900000000000025,-0.015900000000000025,-0.0008641766341115353,-0.0008641766341115353,,,,,,,
1985-04-30,0.010259508547008522,0.010259508547008522,0.0041979514957264374,0.010259508547008522,0.010259508547008522,0.009776551801061517,0.009776551801061517,-0.0023999999999999577,-0.0023999999999999577,-0.0023999999999999577,-0.008399999999999963,-0.008399999999999963,-0.0009663488327319447,-0.0009663488327319447,,,,,,,
1985-05-31,0.027368646179402267,0.027368646179402267,0.027368646179402267,0.027368646179402267,0.027368646179402267,0.024254647589412315,0.024254647589412315,0.05729999999999991,0.05729999999999991,0.05729999999999991,0.050956199999999896,0.050956199999999896,0.04968728363220687,0.04968728363220687,,,,,,,
1985-06-30,0.02512168739859355,0.02512168739859355,0.02512168739859355,0.02512168739859355,0.02512168739859355,0.022272595900145964,0.022272595900145964,0.018199999999999994,0.018199999999999994,0.018199999999999994,0.018199999999999994,0.018199999999999994,0.01625744860676437,0.01625744860676437,,,,,,,
1985-07-31,0.022486911064055093,0.022486911064055093,0.022486911064055093,0.022486911064055093,0.022486911064055093,0.019968207405180793,0.019968207405180793,-0.0010000000000000009,-0.0010000000000000009,-0.0010000000000000009,-0.0010000000000000009,-0.0010000000000000009,7.043951092944312e-05,7.043951092944312e-05,,,,,,,
1985-08-31,-0.018438670995670647,-0.018438670995670647,-0.018438670995670647,-0.018438670995670647,-0.018438670995670647,-0.014800206824436613,-0.014800206824436613,-0.0046000000000000485,-0.0046000000000000485,-0.0046000000000000485,-0.010373599999999983,-0.010373599999999983,-0.0030904905685744666,-0.0030904905685744666,,,,,,,
1985-09-30,-0.018835192069392992,-0.018835192069392992,-0.018835192069392992,-0.018835192069392992,-0.018835192069392992,-0.015136026114411671,-0.015136026114411671,-0.039100000000000024,-0.039100000000000024,-0.039100000000000024,-0.05689999999999995,-0.05689999999999995,-0.032342499800507074,-0.032342499800507074,,,,,,,
1985-10-31,0.014964693101575,0.014964693101575,0.014964693101575,0.014964693101575,0.014964693101575,0.013587975460973567,0.013587975460973567,0.046499999999999986,0.046499999999999986,0.046499999999999986,0.010618148305283182,0.010618148305283182,0.040462901612903224,0.040462901612903224,,,,,,,
1985-11-30,0.06421410669530991,0.06421410669530991,0.06421410669530991,0.06421410669530991,0.06421410669530991,0.05546978303161976,0.05546978303161976,0.07069999999999999,0.07069999999999999,0.07069999999999999,0.06427579999999988,0.06427579999999988,0.06097879682268137,0.06097879682268137,,,,,,,
1985-12-31,0.052953586497890504,0.052953586497890504,0.052953586497890504,0.052953586497890504,0.052953586497890504,0.04587139288897757,0.04587139288897757,0.045299999999999896,0.045299999999999896,0.045299999999999896,0.045299999999999896,0.045299999999999896,0.03943158380965306,0.03943158380965306,,,,,,,
1986-01-31,0.007533365492844002,0.007533365492844002,0.007533365492844002,0.007533365492844002,0.007533365492844002,0.007256292207029169,0.007256292207029169,0.0121,0.0121,0.0121,0.0121,0.0121,0.011096127667439504,0.011096127667439504,,,,,,,
1986-02-28,0.05698847262247875,0.05698847262247875,0.05698847262247875,0.05698847262247875,0.05698847262247875,0.04932266334532076,0.04932266334532076,0.07669999999999999,0.07669999999999999,0.07669999999999999,0.07669999999999999,0.07669999999999999,0.06598475768547418,0.06598475768547418,,,,,,,
1986-03-31,0.06184290489213007,0.06184290489213007,0.06184290489213007,0.06184290489213007,0.06184290489213007,0.05340972643801756,0.05340972643801756,0.05509999999999993,0.05509999999999993,0.05509999999999993,0.05509999999999993,0.05509999999999993,0.04768131438058987,0.04768131438058987,,,,,,,
1986-04-30,0.027423830535227456,0.027423830535227456,0.027423830535227456,0.027423830535227456,0.027423830535227456,0.024088638309099686,0.024088638309099686,-0.007600000000000051,-0.007600000000000051,-0.007600000000000051,-0.007600000000000051,-0.007600000000000051,-0.0057156465620410435,-0.0057156465620410435,,,,,,,
1986-05-31,0.004927636554621806,0.004927636554621806,0.004927636554621806,0.004927636554621806,0.004927636554621806,0.004929508491002155,0.004929508491002155,0.05109999999999992,0.05109999999999992,0.05109999999999992,0.030877399999999833,0.030877399999999833,0.04415971708037669,0.04415971708037669,,,,,,,
1986-06-30,0.031341719077568,0.031341719077568,0.031341719077568,0.031341719077568,0.031341719077568,0.027409115515508065,0.027409115515508065,0.015800000000000036,0.015800000000000036,0.015800000000000036,0.00970519999999997,0.00970519999999997,0.014175671084181829,0.014175671084181829,,,,,,,
1986-07-31,-0.01802441568147839,-0.01802441568147839,-0.01802441568147839,-0.01802441568147839,-0.01802441568147839,-0.014563740151715243,-0.014563740151715243,-0.05910000000000004,-0.05910000000000004,-0.05910000000000004,-0.09217980000000003,-0.09217980000000003,-0.049462599973777666,-0.049462599973777666,,,,,,,
1986-08-31,0.022823574104912536,0.022823574104912536,0.022823574104912536,0.022823574104912536,0.022823574104912536,0.020110415987812713,0.020110415987812713,0.06529999999999991,0.06529999999999991,0.06529999999999991,0.058908199999999855,0.058908199999999855,0.05614034324629302,0.05614034324629302,,,,,,,
1986-09-30,-0.02454761904761882,-0.02454761904761882,-0.02454761904761882,-0.02454761904761882,-0.02454761904761882,-0.02018742662820827,-0.02018742662820827,-0.08140000000000003,-0.08140000000000003,-0.08140000000000003,-0.08140000000000003,-0.08140000000000003,-0.06855595263821312,-0.06855595263821312,,,,,,,
1986-10-31,-0.0008928976080569972,-0.0008928976080569972,-0.0008928976080569972,-0.0008928976080569972,-0.0008928976080569972,-0.00013047405530397516,-0.00013047405530397516,0.050999999999999934,-0.0014276000000000844,0.050999999999999934,0.00156314439978944,0.00156314439978944,0.0229834620187801,0.0229834620187801,,,,,,,
1986-11-30,0.035335344706543204,0.035335344706543204,0.035335344706543204,0.012782203909915912,0.012782203909915912,0.03067841524782522,0.03067841524782522,0.015600000000000058,0.009506400000000026,0.015600000000000058,0.009506400000000026,0.009506400000000026,0.011305043864192177,0.011305043864192177,,,,,,,
1986-12-31,0.017095063239493946,0.017095063239493946,0.017095063239493946,0.01099249286005688,0.01099249286005688,0.015176180927995997,0.015176180927995997,-0.027699999999999947,-0.027699999999999947,-0.027699999999999947,0.00988752765136991,0.00988752765136991,-0.02281862689966907,-0.02281862689966907,,,,,,,
1987-01-31,0.06674041297935118,0.06674041297935118,0.06674041297935118,0.06674041297935118,0.06674041297935118,0.05741053188994405,0.05741053188994405,0.12870000000000004,-0.0018251999999999713,0.12870000000000004,0.008058190795441122,0.008058190795441122,0.05605241289878782,0.05605241289878782,,,,,,,
1987-02-28,0.06462507876496537,0.06462507876496537,0.06462507876496537,0.06462507876496537,0.06462507876496537,0.055562617292772565,0.055562617292772565,0.04810000000000003,0.041811400000000054,0.04810000000000003,0.041811400000000054,0.041811400000000054,0.0390012655308698,0.0390012655308698,,,,,,,
1987-03-31,0.04377002491990023,0.04377002491990023,0.04377002491990023,0.04377002491990023,0.04377002491990023,0.03785806583215523,0.03785806583215523,0.020999999999999908,0.020999999999999908,0.020999999999999908,0.019843999999999973,0.019843999999999973,0.0185222321273657,0.0185222321273657,,,,,,,
1987-04-30,-0.008547008547008517,-0.008547008547008517,-0.008547008547008517,-0.008547008547008517,-0.008547008547008517,-0.006594845752812328,-0.006594845752812328,-0.01649999999999996,-0.01649999999999996,-0.01649999999999996,-0.022401000000000004,-0.022401000000000004,-0.013377078724401303,-0.013377078724401303,,,,,,,
1987-05-31,0.0017455928102316776,0.0017455928102316776,0.0017455928102316776,0.0017455928102316776,0.0017455928102316776,0.002178562774207249,0.002178562774207249,0.004899999999999904,0.004899999999999904,0.004899999999999904,-0.009081400000000017,-0.009081400000000017,0.004718718188035487,0.004718718188035487,,,,,,,
1987-06-30,0.04500172950536108,0.04500172950536108,0.04500172950536108,0.04500172950536108,0.04500172950536108,0.03895662703439995,0.03895662703439995,0.04390000000000005,0.04390000000000005,0.04390000000000005,0.03763660000000013,0.03763660000000013,0.03803413061010863,0.03803413061010863,,,,,,,
1987-07-31,0.03123387248396403,0.03123387248396403,0.03123387248396403,0.03123387248396403,0.03123387248396403,0.027227070631386185,0.027227070631386185,0.04299999999999993,0.04299999999999993,0.04299999999999993,0.04299999999999993,0.04299999999999993,0.03721011140832431,0.03721011140832431,,,,,,,
1987-08-31,0.06455265237020336,0.06455265237020336,0.06455265237020336,0.06455265237020336,0.06455265237020336,0.05556016608832848,0.05556016608832848,0.03990000000000005,0.03990000000000005,0.03990000000000005,0.03990000000000005,0.03990000000000005,0.03459069820184335,0.03459069820184335,,,,,,,
1987-09-30,-0.03029245092086652,-0.03029245092086652,-0.03029245092086652,-0.03029245092086652,-0.03029245092086652,-0.02503584608622611,-0.02503584608622611,-0.021299999999999986,-0.021299999999999986,-0.021299999999999986,-0.021299999999999986,-0.021299999999999986,-0.01745557329740388,-0.01745557329740388,,,,,,,
1987-10-31,-0.11852578182198525,-0.11852578182198525,-0.11852578182198525,-0.11852578182198525,-0.11852578182198525,-0.0999718612943038,-0.0999718612943038,-0.2259,-0.2259,-0.2259,-0.2259,-0.2259,-0.19113124816882765,-0.19113124816882765,,,,,,,
1987-11-30,-0.12301927194860829,-0.12301927194860829,-0.12301927194860829,-0.12301927194860829,-0.12301927194860829,-0.10389447773573768,-0.10389447773573768,-0.07410000000000005,-0.0025209999999999955,0.04507627494406341,0.04507627494406341,-0.0025209999999999955,-0.06266561993038566,-0.03174197294323666,,,,,,,
1987-12-31,-0.013329931972788756,-0.001286783333333319,-0.013329931972788756,-0.007121332482206144,-0.001286783333333319,-0.010727401018993055,-0.005372220057344945,0.07210000000000005,0.0039000000000000146,-0.00112810108873862,-0.00112810108873862,-0.007121332482206144,0.06180276356136294,0.032763907505064305,,,,,,,
1988-01-31,0.042481559474412345,0.004808333333333303,0.022557849845131983,0.028730231232527048,0.022557849845131983,0.03681608775725653,0.020792325573365078,0.04499999999999993,0.0028999999999999027,0.028730231232527048,0.028730231232527048,0.028730231232527048,0.0386339661516899,0.020693672479401792,,,,,,,
1988-02-29,0.03330117431803048,0.004841666666666633,0.03836369556216912,0.03836369556216912,0.03836369556216912,0.029003644916706817,0.016881929139530127,0.05230000000000001,0.0045999999999999375,0.03836369556216912,0.03836369556216912,0.03836369556216912,0.045112593194815975,0.02481052415019569,,,,,,,
1988-03-31,0.03233565801368954,0.004716666666666702,-0.003914910368096436,-0.003914910368096436,-0.003914910368096436,0.028171055548525725,0.016413029023336634,-0.018199999999999994,0.0043999999999999595,-0.003914910368096436,-0.024090799999999968,-0.024090799999999968,-0.01130116205619569,-0.011266552872329583,,,,,,,
1988-04-30,-0.008830971647220909,0.004750000000000032,-0.016205163928143973,-0.016205163928143973,-0.016205163928143973,-0.012472886762190716,-0.01245254158260034,0.010299999999999976,0.0045999999999999375,-0.016205163928143973,0.011494400000000127,0.011494400000000127,-0.0018439890379825519,-0.0018439890379825519,,,,,,,
1988-05-31,-0.02185304963188628,0.004925000000000068,-0.016855696727429814,-0.016855696727429814,-0.016855696727429814,-0.015728380810304476,-0.015728380810304476,0.0023999999999999577,0.0051000000000001044,-0.016855696727429814,-0.02290000000000003,-0.02290000000000003,-0.00541522326402355,-0.00541522326402355,,,,,,,
1988-06-30,0.06001236496160334,0.005216666666666647,0.018738472701669062,0.053652290771833755,0.053652290771833755,0.034232089453446246,0.034232089453446246,0.05269999999999997,0.004899999999999904,0.018738472701669062,0.059900000000000064,0.059900000000000064,0.031066011216995593,0.031066011216995593,,,,,,,
1988-07-31,-0.0030456009112175275,0.0053833333333332956,-0.0017056561901873657,-0.0030456009112175275,-0.0030456009112175275,-0.0012752217652430842,-0.0012752217652430842,-0.007399999999999962,-0.013355600000000023,-0.0017056561901873657,-0.0020000000000000018,-0.0020000000000000018,-0.008030517890235456,-0.008030517890235456,,,,,,,
1988-08-31,-0.01716111420785349,-0.023058147522606376,-0.005395714953005837,-0.01716111420785349,-0.01716111420785349,-0.016265263098969696,-0.016265263098969696,-0.027200000000000002,-0.027200000000000002,-0.005395714953005837,-0.022499999999999964,-0.022499999999999964,-0.022244401822883897,-0.022244401822883897,,,,,,,
1988-09-30,0.019295917077487124,0.019295917077487124,0.02605676912504018,0.019295917077487124,0.019295917077487124,0.017266062860219478,0.017266062860219478,0.03929999999999989,0.03929999999999989,0.02605676912504018,0.02089999999999992,0.02089999999999992,0.034308213488207784,0.034308213488207784,,,,,,,
1988-10-31,0.03804415422885543,0.03804415422885543,0.019363978978597984,0.03804415422885543,0.03804415422885543,0.033232109505812124,0.033232109505812124,0.01770000000000005,0.01770000000000005,0.019363978978597984,0.011593799999999987,0.011593799999999987,0.01593512833739541,0.01593512833739541,,,,,,,
1988-11-30,-0.020175438596490847,-0.020175438596490847,-0.003155627334854416,-0.020175438596490847,-0.020175438596490847,-0.01625368855659104,-0.01625368855659104,-0.017000000000000015,-0.017000000000000015,-0.042479799999999956,-0.017000000000000015,-0.017000000000000015,-0.013603615849019701,-0.013603615849019701,,,,,,,
1988-12-31,0.02329335793357923,0.02329335793357923,-0.0023043905981764423,0.02329335793357923,0.02329335793357923,0.02074847769790611,0.02074847769790611,0.021099999999999897,0.021099999999999897,0.014973399999999915,0.021099999999999897,0.021099999999999897,0.018862062782893485,0.018862062782893485,,,,,,,
1989-01-31,0.035145669077757624,0.035145669077757624,0.028934795063290997,0.035145669077757624,0.035145669077757624,0.03086956876451552,0.03086956876451552,0.06620000000000004,0.06620000000000004,0.04270599999999991,0.06620000000000004,0.06620000000000004,0.057083253347214535,0.057083253347214535,,,,,,,
1989-02-28,0.03302285388927828,0.03302285388927828,0.03302285388927828,0.03302285388927828,0.03302285388927828,0.029081471522299118,0.029081471522299118,-0.016199999999999992,-0.016199999999999992,-0.022102799999999978,-0.016199999999999992,-0.016199999999999992,-0.01289836277406231,-0.01289836277406231,,,,,,,
1989-03-31,-0.0015844671201813432,-0.0015844671201813432,-0.0015844671201813432,-0.0015844671201813432,-0.0015844671201813432,-0.0002999666307339499,-0.0002999666307339499,0.022399999999999975,0.022399999999999975,0.015967400000000076,0.022399999999999975,0.022399999999999975,0.020027371933527993,0.020027371933527993,,,,,,,
1989-04-30,0.03566982689898657,0.03566982689898657,0.03566982689898657,0.03566982689898657,0.03566982689898657,0.03141499199191311,0.03141499199191311,0.05020000000000002,0.05020000000000002,0.043898800000000016,0.05020000000000002,0.05020000000000002,0.04366271126902488,0.04366271126902488,,,,,,,
1989-05-31,0.04118240710111376,0.04118240710111376,0.04118240710111376,0.04118240710111376,0.04118240710111376,0.036064533393315834,0.036064533393315834,0.04069999999999996,0.04069999999999996,0.04069999999999996,0.04069999999999996,0.04069999999999996,0.03574697423148954,0.03574697423148954,,,,,,,
1989-06-30,0.03397313369438271,0.03397313369438271,0.03397313369438271,0.03397313369438271,0.03397313369438271,0.029905077881213993,0.029905077881213993,-0.006199999999999983,-0.006199999999999983,-0.006199999999999983,-0.006199999999999983,-0.006199999999999983,-0.004229123354515529,-0.004229123354515529,,,,,,,
1989-07-31,0.028015472144990117,0.028015472144990117,0.028015472144990117,0.028015472144990117,0.028015472144990117,0.024811388063910478,0.024811388063910478,0.07879999999999998,0.07879999999999998,0.07879999999999998,0.07879999999999998,0.07879999999999998,0.06801908744145635,0.06801908744145635,,,,,,,
1989-08-31,0.04693851059556109,0.04693851059556109,0.04693851059556109,0.04693851059556109,0.04693851059556109,0.04086624350483592,0.04086624350483592,0.021700000000000053,0.021700000000000053,0.021700000000000053,0.021700000000000053,0.021700000000000053,0.019502565988329,0.019502565988329,,,,,,,
1989-09-30,0.004599442200422965,0.004599442200422965,0.004599442200422965,0.004599442200422965,0.004599442200422965,0.0048672091565316045,0.0048672091565316045,-0.0010999999999999899,-0.0010999999999999899,-0.0010999999999999899,-0.0010999999999999899,-0.0010999999999999899,2.92698897264021e-05,2.92698897264021e-05,,,,,,,
1989-10-31,0.0028785632018428764,0.0028785632018428764,0.0028785632018428764,0.0028785632018428764,0.0028785632018428764,0.0034140132823266,0.0034140132823266,-0.02969999999999995,-0.02969999999999995,-0.02969999999999995,-0.02969999999999995,-0.02969999999999995,-0.024230672928932773,-0.024230672928932773,,,,,,,
1989-11-30,-0.018105138169257406,-0.018105138169257406,-0.018105138169257406,-0.018105138169257406,-0.018105138169257406,-0.014437057252038477,-0.014437057252038477,0.017300000000000093,0.017300000000000093,0.017300000000000093,0.017300000000000093,0.017300000000000093,0.01571093387292155,0.01571093387292155,,,,,,,
1989-12-31,0.02740054869684494,0.02740054869684494,0.02740054869684494,0.02740054869684494,0.02740054869684494,0.024232260615079104,0.024232260615079104,0.017900000000000027,0.017900000000000027,0.017900000000000027,0.017900000000000027,0.017900000000000027,0.016122040945241833,0.016122040945241833,,,,,,,
1990-01-31,-0.022093134442531914,-0.022093134442531914,-0.022093134442531914,-0.022093134442531914,-0.022093134442531914,-0.017840813601703753,-0.017840813601703753,-0.07230000000000003,-0.07230000000000003,-0.07230000000000003,-0.07230000000000003,-0.07230000000000003,-0.0606083453532521,-0.0606083453532521,,,,,,,
1990-02-28,-0.025249776941102753,-0.025249776941102753,-0.025249776941102753,-0.025249776941102753,-0.025249776941102753,-0.020529016340919082,-0.020529016340919082,0.016899999999999915,-0.0003341999999999512,0.016899999999999915,-0.01649956473971348,-0.01649956473971348,0.015155513969129286,0.007947510679156888,,,,,,,
1990-03-31,0.02709436626822037,0.02709436626822037,0.02709436626822037,0.02709436626822037,0.02709436626822037,0.023972425787653462,0.023972425787653462,0.024699999999999944,0.006399999999999961,0.024699999999999944,-0.0009334007829183699,-0.0009334007829183699,0.02194637515963027,0.014161017583175006,,,,,,,
1990-04-30,0.0019885904784417985,0.00054383333333341,0.0019885904784417985,-0.0120117201582286,-0.0120117201582286,0.00266233777976832,0.002053265428497486,-0.026699999999999946,-0.0325397999999999,-0.026699999999999946,-0.006048008207473421,-0.006048008207473421,-0.021673402029277256,-0.024128882787662898,,,,,,,
1990-05-31,0.03853798273108966,0.0064750000000000085,0.03853798273108966,0.009308485226914076,0.009308485226914076,0.03372491149197043,0.020094926869302254,0.09109999999999996,0.0007591999999998489,0.0032526343155525606,0.009308485226914076,0.0007591999999998489,0.07842666567111634,0.039996192905296324,,,,,,,
1990-06-30,0.031724958363074096,0.006450000000000067,0.031724958363074096,0.02603539408402189,0.00041130000000011435,0.027909323925606966,0.01714497906182988,-0.0046000000000000485,-0.010572400000000037,-0.010572400000000037,-0.010572400000000037,-0.010572400000000037,-0.003024620743222961,-0.005389239426433434,,,,,,,
1990-07-31,0.0017126585088376167,-0.004297617442215462,0.0017126585088376167,-0.004297617442215462,-0.004297617442215462,0.0024031542622988677,-9.764509528675802e-05,-0.012199999999999989,-0.012199999999999989,-0.012199999999999989,-0.012199999999999989,-0.012199999999999989,-0.00935828510034753,-0.00935828510034753,,,,,,,
1990-08-31,-0.07859916766195396,-0.07859916766195396,-0.07859916766195396,-0.07859916766195396,-0.07859916766195396,-0.06586016378909587,-0.06586016378909587,-0.09460000000000002,-0.09460000000000002,-0.01739331619542306,-0.09460000000000002,-0.09460000000000002,-0.07943350692000206,-0.07943350692000206,,,,,,,
1990-09-30,-0.04339884101788871,-0.04339884101788871,-0.04339884101788871,-0.04339884101788871,-0.04339884101788871,-0.0360248309824549,-0.0360248309824549,-0.05510000000000004,-3.6000000000036e-05,-0.0019135123473296156,-0.007902031273245624,-0.007902031273245624,-0.04601523398745366,-0.022384165099157638,,,,,,,
1990-10-31,-0.023132140177335336,9.653333333337066e-05,0.01255526647784122,0.01255526647784122,0.01255526647784122,-0.01878094632452343,-0.008799299663406646,-0.012399999999999967,0.006799999999999917,0.018667270098431832,0.018667270098431832,0.018667270098431832,-0.009568525541676975,-0.0014512888455128214,,,,,,,
1990-11-30,0.029861644742554816,0.005975000000000064,0.0294330647551313,0.0294330647551313,0.0294330647551313,0.026255232758762848,0.01608294486919304,0.06919999999999993,0.005700000000000038,0.0294330647551313,0.0294330647551313,0.0294330647551313,0.05965928589532332,0.03265838818943756,,,,,,,
1990-12-31,0.04588632687367178,0.0058833333333332405,0.028094419372411084,0.028094419372411084,0.028094419372411084,0.03986736227747012,0.02284934886835055,0.03059999999999996,0.006000000000000005,0.028094419372411084,0.028094419372411084,0.028094419372411084,0.026862924509377883,0.016363356643584792,,,,,,,
1991-01-31,-0.006847477820025372,0.005616666666666603,0.006052893220839017,0.006052893220839017,0.006052893220839017,-0.005007138164317415,0.0002620448073546999,0.052100000000000035,0.0052000000000000934,0.006052893220839017,0.045787400000000034,0.045787400000000034,0.04504584829416891,0.02509612232170433,,,,,,,
1991-02-28,0.11606943889725252,0.005183333333333318,0.023242701063630022,0.10937302226386891,0.10937302226386891,0.09942598741292263,0.05229070279403536,0.07669999999999999,0.07023979999999996,0.023242701063630022,0.07669999999999999,0.07669999999999999,0.06587840569119852,0.06326841961430718,,,,,,,
1991-03-31,0.03044544434016072,0.00495000000000001,-0.011134510514213991,-0.017067703451128735,-0.017067703451128735,0.006298978990282533,0.006376825276493303,0.030999999999999917,0.030999999999999917,0.02481399999999989,0.06864939999999997,0.06864939999999997,0.026957004081437086,0.026957004081437086,,,,,,,
1991-04-30,0.022592761720568788,0.016457205150245402,0.016457205150245402,0.016457205150245402,0.016457205150245402,0.017393516445927792,0.017393516445927792,0.0024999999999999467,0.0024999999999999467,0.0024999999999999467,0.007900000000000018,0.007900000000000018,0.002900128315128425,0.002900128315128425,,,,,,,
1991-05-31,-0.0017865922180082539,-0.0017865922180082539,-0.0017865922180082539,-0.0017865922180082539,-0.0017865922180082539,-0.0008255941874004691,-0.0008255941874004691,0.041300000000000114,0.041300000000000114,0.041300000000000114,0.038799999999999946,0.038799999999999946,0.03580778775473603,0.03580778775473603,,,,,,,
1991-06-30,0.003472314082383132,0.003472314082383132,0.003472314082383132,0.003472314082383132,0.003472314082383132,0.0036289762419501326,0.0036289762419501326,-0.04520000000000002,-0.04520000000000002,-0.04520000000000002,-0.04369999999999996,-0.04369999999999996,-0.037816009516986604,-0.037816009516986604,,,,,,,
1991-07-31,0.007814397243737226,0.007814397243737226,0.007814397243737226,0.007814397243737226,0.007814397243737226,0.007337660184391082,0.007337660184391082,0.0472999999999999,0.0472999999999999,0.0472999999999999,0.03400000000000003,0.03400000000000003,0.040899116862701534,0.040899116862701534,0.04415809999999998,0.04415809999999998,0.04415809999999998,0.037817180000000006,0.037817180000000006,0.04415809999999998,0.04415809999999998
1991-08-31,0.026798845435657137,0.026798845435657137,0.026798845435657137,0.026798845435657137,0.026798845435657137,0.023474052597523443,0.023474052597523443,0.027800000000000047,0.027800000000000047,0.027800000000000047,0.032200000000000006,0.032200000000000006,0.02428808188414311,0.02428808188414311,0.027800000000000047,0.027800000000000047,0.027800000000000047,0.02428808188414311,0.02428808188414311,0.027800000000000047,0.027800000000000047
1991-09-30,-0.003021742852251097,-0.003021742852251097,-0.003021742852251097,-0.003021742852251097,-0.003021742852251097,-0.0019187551406831815,-0.0019187551406831815,-0.011299999999999977,-0.011299999999999977,-0.011299999999999977,0.012499999999999956,0.012499999999999956,-0.008932172149894613,-0.008932172149894613,-0.011299999999999977,-0.011299999999999977,-0.011299999999999977,-0.008932172149894613,-0.008932172149894613,-0.011299999999999977,-0.011299999999999977
1991-10-31,0.0018107136707989913,0.0018107136707989913,0.0018107136707989913,0.0018107136707989913,0.0018107136707989913,0.002185873693547613,0.002185873693547613,0.017099999999999893,0.017099999999999893,0.026603199999999827,0.03279999999999994,0.03279999999999994,0.01515254096825469,0.01515254096825469,0.017099999999999893,0.017099999999999893,0.017099999999999893,0.01515254096825469,0.01515254096825469,0.017099999999999893,0.017099999999999893
1991-11-30,0.0001522220499035054,0.0001522220499035054,0.0001522220499035054,0.0001522220499035054,0.0001522220499035054,0.0007511989765671689,0.0007511989765671689,-0.03810000000000002,-0.03810000000000002,-0.04239999999999999,-0.04239999999999999,-0.04239999999999999,-0.031809411949486055,-0.031809411949486055,-0.03810000000000002,-0.03810000000000002,-0.03810000000000002,-0.031809411949486055,-0.031809411949486055,-0.03810000000000002,-0.03810000000000002
1991-12-31,0.009345632946379023,0.009345632946379023,0.009345632946379023,0.009345632946379023,0.009345632946379023,0.008510699563320623,0.008510699563320623,0.11230000000000007,0.11230000000000007,0.0593999999999999,0.023460281440211173,0.023460281440211173,0.0959886280900124,0.0959886280900124,0.11230000000000007,0.11230000000000007,0.11230000000000007,0.0959886280900124,0.0959886280900124,0.023460281440211173,0.023460281440211173
1992-01-31,0.07358883941211314,0.07358883941211314,0.07358883941211314,0.07358883941211314,0.07358883941211314,0.06305479164035988,0.06305479164035988,-0.0024999999999999467,-0.0024999999999999467,0.11099999999999999,-0.008484999999999965,-0.008484999999999965,-0.0016906081758742975,-0.0016906081758742975,-0.0024999999999999467,-0.0024999999999999467,-0.0024999999999999467,-0.0016906081758742975,-0.0016906081758742975,-0.008484999999999965,-0.008484999999999965
1992-02-29,-0.006000448631673261,-0.006000448631673261,-0.006000448631673261,-0.006000448631673261,-0.006000448631673261,-0.004675663058869017,-0.004675663058869017,0.013600000000000056,0.013600000000000056,0.0343,0.028094199999999958,0.028094199999999958,0.011975425039709275,0.011975425039709275,0.013600000000000056,0.013600000000000056,0.013600000000000056,0.011975425039709275,0.011975425039709275,0.013600000000000056,0.013600000000000056
1992-03-31,-0.010115700342576472,-0.010115700342576472,-0.010115700342576472,-0.010115700342576472,-0.010115700342576472,-0.008125333524956813,-0.008125333524956813,-0.02310000000000001,-0.02310000000000001,-0.03259999999999996,-0.03259999999999996,-0.03259999999999996,-0.019133008052777623,-0.019133008052777623,-0.02310000000000001,-0.02310000000000001,-0.02310000000000001,-0.019133008052777623,-0.019133008052777623,-0.02310000000000001,-0.02310000000000001
1992-04-30,0.0026430348258705827,0.0026430348258705827,0.0026430348258705827,0.0026430348258705827,0.0026430348258705827,0.0027412814583465117,0.0027412814583465117,0.014100000000000001,0.014100000000000001,-0.048699999999999966,-0.048699999999999966,-0.048699999999999966,0.012444074605110211,0.012444074605110211,0.014100000000000001,0.014100000000000001,0.014100000000000001,0.012444074605110211,0.012444074605110211,0.014100000000000001,0.014100000000000001
1992-05-31,0.020683504741333625,0.020683504741333625,0.020683504741333625,0.020683504741333625,0.020683504741333625,0.018049167006289446,0.018049167006289446,0.005800000000000027,0.005800000000000027,0.0014000000000000679,-0.00023479999999997947,-0.00023479999999997947,0.0053417200980034885,0.0053417200980034885,0.005800000000000027,0.005800000000000027,0.005800000000000027,0.0053417200980034885,0.0053417200980034885,0.005800000000000027,0.005800000000000027
1992-06-30,-0.013291225701726916,-0.013291225701726916,-0.013291225701726916,-0.013291225701726916,-0.013291225701726916,-0.010856842878415374,-0.010856842878415374,-0.020100000000000007,-0.020100000000000007,-0.046499999999999986,-0.020100000000000007,-0.020100000000000007,-0.01660724488140941,-0.01660724488140941,-0.020100000000000007,-0.020100000000000007,-0.020100000000000007,-0.01660724488140941,-0.01660724488140941,-0.020100000000000007,-0.020100000000000007
1992-07-31,0.019126088944407593,0.019126088944407593,0.019126088944407593,0.019126088944407593,0.019126088944407593,0.01670184593673607,0.01670184593673607,0.040899999999999936,0.040899999999999936,0.03465459999999987,0.030015055543776148,0.030015055543776148,0.03521123596608189,0.03521123596608189,0.040899999999999936,0.040899999999999936,0.040899999999999936,0.03521123596608189,0.03521123596608189,0.030015055543776148,0.030015055543776148
1992-08-31,0.009421896960205567,0.009421896960205567,0.009421896960205567,0.009421896960205567,0.009421896960205567,0.008397664663375881,0.008397664663375881,-0.021199999999999997,-0.021199999999999997,-0.03532299999999999,-0.027072800000000008,-0.027072800000000008,-0.01765744046568396,-0.01765744046568396,-0.021199999999999997,-0.021199999999999997,-0.021199999999999997,-0.01765744046568396,-0.01765744046568396,-0.027072800000000008,-0.027072800000000008
1992-09-30,0.0037885132278929756,0.0037885132278929756,0.0037885132278929756,0.0037885132278929756,0.0037885132278929756,0.003606349427215383,0.003606349427215383,0.014499999999999957,0.014499999999999957,0.008413000000000004,0.011830569206309427,0.011830569206309427,0.012696230593356006,0.012696230593356006,0.014499999999999957,0.014499999999999957,0.014499999999999957,0.012696230593356006,0.012696230593356006,0.011830569206309427,0.011830569206309427
1992-10-31,-0.011823205410055215,-0.011823205410055215,-0.011823205410055215,-0.011823205410055215,-0.011823205410055215,-0.009686865473919948,-0.009686865473919948,0.012499999999999956,0.012499999999999956,0.012499999999999956,0.006424999999999903,0.006424999999999903,0.0109609121861578,0.0109609121861578,0.012499999999999956,0.012499999999999956,0.012499999999999956,0.0109609121861578,0.0109609121861578,0.006424999999999903,0.006424999999999903
1992-11-30,0.027568343434343445,0.027568343434343445,0.027568343434343445,0.027568343434343445,0.027568343434343445,0.02377932358270307,0.02377932358270307,0.04370000000000007,0.04370000000000007,0.04370000000000007,0.08107439999999988,0.08107439999999988,0.03748199230989058,0.03748199230989058,0.04370000000000007,0.04370000000000007,0.04370000000000007,0.03748199230989058,0.03748199230989058,0.04370000000000007,0.04370000000000007
1992-12-31,0.03271331945889644,-0.0034073166666667154,0.03271331945889644,0.03271331945889644,0.03271331945889644,0.01717152421581969,0.01717152421581969,0.018100000000000005,0.018100000000000005,0.028591199999999928,0.03479999999999994,0.03479999999999994,0.015773990968438234,0.015773990968438234,0.018100000000000005,0.018100000000000005,0.018100000000000005,0.015773990968438234,0.015773990968438234,0.018100000000000005,0.018100000000000005
1993-01-31,0.001433389189851031,-0.004575211145288027,0.001433389189851031,0.001433389189851031,0.001433389189851031,-0.0009160771269345336,-0.0009160771269345336,0.011600000000000055,0.011600000000000055,0.04630000000000001,0.04630000000000001,0.04630000000000001,0.010193360025376519,0.010193360025376519,0.011600000000000055,0.011600000000000055,0.011600000000000055,0.010193360025376519,0.010193360025376519,0.011600000000000055,0.011600000000000055
1993-02-28,0.01724886841440143,0.01724886841440143,0.01724886841440143,0.01724886841440143,0.01724886841440143,0.01503556913758164,0.01503556913758164,0.0034000000000000696,0.0034000000000000696,-0.03169999999999995,-0.03169999999999995,-0.03169999999999995,0.003212934692770286,0.003212934692770286,0.0034000000000000696,0.0034000000000000696,0.0034000000000000696,0.003212934692770286,0.003212934692770286,0.0034000000000000696,0.0034000000000000696
1993-03-31,0.021507810731265842,0.021507810731265842,0.021507810731265842,0.021507810731265842,0.021507810731265842,0.018636566094393237,0.018636566094393237,0.025700000000000056,0.025700000000000056,0.019545799999999947,0.03059999999999996,0.03059999999999996,0.02221906461398282,0.02221906461398282,0.025700000000000056,0.025700000000000056,0.025700000000000056,0.02221906461398282,0.02221906461398282,0.025700000000000056,0.025700000000000056
1993-04-30,-0.013414989485220019,-0.013414989485220019,-0.013414989485220019,-0.013414989485220019,-0.013414989485220019,-0.011048151660010608,-0.011048151660010608,-0.028100000000000014,-0.028100000000000014,-0.028100000000000014,-0.026800000000000046,-0.026800000000000046,-0.023541953765627732,-0.023541953765627732,-0.028100000000000014,-0.028100000000000014,-0.028100000000000014,-0.023541953765627732,-0.023541953765627732,0.09946340000000009,0.09946340000000009
1993-05-31,0.007249763022479039,0.007249763022479039,0.007249763022479039,0.007249763022479039,0.007249763022479039,0.0065086899263042675,0.0065086899263042675,0.031099999999999905,0.031099999999999905,0.04012159999999998,0.0464,0.0464,0.02674046583951184,0.02674046583951184,0.031099999999999905,0.031099999999999905,0.028988799999999815,0.02674046583951184,0.02674046583951184,0.08706666666666663,0.08706666666666663
1993-06-30,0.00865431405577377,0.00865431405577377,0.00865431405577377,0.00865431405577377,0.00865431405577377,0.007722446053957999,0.007722446053957999,0.00550000000000006,0.00550000000000006,0.0037000000000000366,0.0037000000000000366,0.0037000000000000366,0.0050283590715256565,0.0050283590715256565,0.00550000000000006,0.00550000000000006,-0.03290000000000004,0.0050283590715256565,0.0050283590715256565,-0.04039999999999999,-0.04039999999999999
1993-07-31,0.0006100373461888076,0.0006100373461888076,0.0006100373461888076,0.0006100373461888076,0.0006100373461888076,0.00089758024756037,0.00089758024756037,-0.0010000000000000009,-0.0010000000000000009,0.012799999999999923,0.012799999999999923,0.012799999999999923,-0.0004922823495846496,-0.0004922823495846496,-0.0010000000000000009,-0.0010000000000000009,0.04170000000000007,-0.0004922823495846496,-0.0004922823495846496,0.012333333333333307,0.012333333333333307
1993-08-31,0.01762465812634595,0.01762465812634595,0.01762465812634595,0.01762465812634595,0.01762465812634595,0.01535944743050588,0.01535944743050588,0.03970000000000007,0.03970000000000007,0.04289999999999994,0.04289999999999994,0.04289999999999994,0.03411730893525822,0.03411730893525822,0.03970000000000007,0.03970000000000007,0.05059999999999998,0.03411730893525822,0.03411730893525822,0.06113333333333326,0.06113333333333326
1993-09-30,0.013549717775380055,0.013549717775380055,0.013549717775380055,0.013549717775380055,0.013549717775380055,0.011883254657007125,0.011883254657007125,0.0014000000000000679,0.0014000000000000679,0.028799999999999937,0.028799999999999937,0.028799999999999937,0.0015524374698874244,0.0015524374698874244,0.0014000000000000679,0.0014000000000000679,-0.028100000000000014,0.0015524374698874244,0.0015524374698874244,-0.016866666666666696,-0.016866666666666696
1993-10-31,0.012422698371221674,0.012422698371221674,0.012422698371221674,0.012422698371221674,0.012422698371221674,0.010919611394889284,0.010919611394889284,0.01639999999999997,0.01639999999999997,0.043199999999999905,0.043199999999999905,0.043199999999999905,0.014269070368956971,0.014269070368956971,0.01639999999999997,0.01639999999999997,0.011600000000000055,0.014269070368956971,0.014269070368956971,-0.0014333333333332865,-0.0014333333333332865
1993-11-30,7.90400229935262e-05,7.90400229935262e-05,7.90400229935262e-05,7.90400229935262e-05,7.90400229935262e-05,0.00043714032836628114,0.00043714032836628114,-0.016199999999999992,-0.016199999999999992,-0.031200000000000006,-0.031200000000000006,-0.031200000000000006,-0.013405566703259542,-0.013405566703259542,-0.016199999999999992,-0.016199999999999992,-0.0887,-0.013405566703259542,-0.013405566703259542,-0.022102799999999978,-0.022102799999999978
1993-12-31,0.008875398762845377,0.008875398762845377,0.008875398762845377,0.008875398762845377,0.008875398762845377,0.007929710208778529,0.007929710208778529,0.018799999999999928,0.018799999999999928,0.016899999999999915,0.016899999999999915,0.016899999999999915,0.01631026356820864,0.01631026356820864,0.018799999999999928,0.018799999999999928,0.059700000000000086,0.01631026356820864,0.01631026356820864,0.018799999999999928,0.018799999999999928
1994-01-31,0.01736654505132873,0.01736654505132873,0.01736654505132873,0.01736654505132873,0.01736654505132873,0.015139215420027163,0.015139215420027163,0.031199999999999894,0.031199999999999894,0.03960000000000008,0.03960000000000008,0.03960000000000008,0.026882246223267625,0.026882246223267625,0.031199999999999894,0.031199999999999894,0.10440000000000005,0.026882246223267625,0.026882246223267625,0.10201466666666659,0.10201466666666659
1994-02-28,-0.0007493639752780279,-0.0007493639752780279,-0.0007493639752780279,-0.0007493639752780279,-0.0007493639752780279,-0.0002756219910899915,-0.0002756219910899915,-0.023399999999999976,-0.023399999999999976,-0.007199999999999984,-0.007199999999999984,-0.007199999999999984,-0.019595961949456786,-0.019595961949456786,-0.023399999999999976,-0.023399999999999976,-0.0012999999999999678,-0.019595961949456786,-0.019595961949456786,0.006599999999999939,0.006599999999999939
1994-03-31,-0.014230529991376306,-0.014230529991376306,-0.014230529991376306,-0.014230529991376306,-0.014230529991376306,-0.011692145243861862,-0.011692145243861862,-0.04520000000000002,-0.04520000000000002,-0.05589999999999995,-0.05589999999999995,-0.05589999999999995,-0.03803414059962518,-0.03803414059962518,-0.04520000000000002,-0.04520000000000002,-0.02839999999999998,-0.03803414059962518,-0.03803414059962518,-0.01423333333333332,-0.01423333333333332
1994-04-30,-0.033455994911709475,-0.033455994911709475,-0.033455994911709475,-0.033455994911709475,-0.033455994911709475,-0.028012840051650945,-0.028012840051650945,0.009500000000000064,-0.0033162000000001024,-0.035433677569232214,-0.035433677569232214,-0.0033162000000001024,-0.002375575602530322,-0.002375575602530322,0.009500000000000064,-0.0033162000000001024,-0.035433677569232214,-0.002375575602530322,-0.002375575602530322,0.038000000000000034,0.038000000000000034
1994-05-31,0.010590505258293526,0.010590505258293526,0.010590505258293526,0.010590505258293526,0.010590505258293526,0.009433031971736172,0.009433031971736172,0.008999999999999897,0.0032000000000000917,-0.014946000000000015,-0.00905850206188663,0.0032000000000000917,0.0032000000000000917,0.0032000000000000917,0.008999999999999897,0.0032000000000000917,-0.009975999999999985,0.0032000000000000917,0.0032000000000000917,-0.010266666666666646,-0.010266666666666646
1994-06-30,0.011088933244622234,-0.002570700000000037,0.011088933244622234,0.005596838059721998,-0.002570700000000037,-0.001673316457783569,-0.001673316457783569,-0.02729999999999999,0.0031000000000001027,-0.03249999999999997,0.011666839094287784,0.0031000000000001027,0.0031000000000001027,0.0031000000000001027,-0.02729999999999999,0.0031000000000001027,0.021500000000000075,0.0031000000000001027,0.0031000000000001027,0.012466666666666626,0.012466666666666626
1994-07-31,-0.005183255282193433,0.003449999999999953,-0.005183255282193433,-0.008167881510649622,0.003449999999999953,0.003449999999999953,0.003449999999999953,0.030999999999999917,0.0027999999999999137,-0.014118874221585753,-0.008167881510649622,0.0027999999999999137,0.0027999999999999137,0.0027999999999999137,0.030999999999999917,0.0027999999999999137,-0.014118874221585753,0.0027999999999999137,0.0027999999999999137,0.007500000000000062,0.007500000000000062
1994-08-31,0.03082631812139991,0.0036083333333334355,0.03082631812139991,0.010319828215183513,0.0036083333333334355,0.0036083333333334355,0.0036083333333334355,0.04390000000000005,0.0037000000000000366,0.03763660000000013,0.010319828215183513,0.0037000000000000366,0.0037000000000000366,0.0037000000000000366,0.04390000000000005,0.0037000000000000366,0.008313599999999921,0.0037000000000000366,0.0037000000000000366,0.005600000000000049,0.005600000000000049
1994-09-30,0.008178241139640274,0.0037333333333333663,0.008178241139640274,-0.00935158561501559,0.0037333333333333663,0.0037333333333333663,0.0037333333333333663,-0.019100000000000006,-0.024985400000000046,-0.019100000000000006,-0.024985400000000046,-0.024985400000000046,-0.020700032000000035,-0.020700032000000035,-0.019100000000000006,-0.024985400000000046,-0.027700000000000058,-0.020700032000000035,-0.020700032000000035,-0.024985400000000046,-0.024985400000000046
1994-10-31,-0.004423415995659652,-0.01039687549968571,-0.004423415995659652,-0.01039687549968571,-0.01039687549968571,-0.008266173337969529,-0.008266173337969529,0.017300000000000093,0.017300000000000093,-0.019047933070087564,-0.003515000000000046,-0.003515000000000046,0.015257009482129824,0.015257009482129824,0.017300000000000093,0.017300000000000093,-0.019047933070087564,0.015257009482129824,0.015257009482129824,0.017300000000000093,0.017300000000000093
1994-11-30,-0.00368385402068383,-0.00368385402068383,-0.00368385402068383,-0.00368385402068383,-0.00368385402068383,-0.0025188593341187726,-0.0025188593341187726,-0.036599999999999966,-0.036599999999999966,-0.00860403667638765,-0.042380399999999985,-0.042380399999999985,-0.03056486131170122,-0.03056486131170122,-0.036599999999999966,-0.036599999999999966,-0.00860403667638765,-0.03056486131170122,-0.03056486131170122,-0.036599999999999966,-0.036599999999999966
1994-12-31,-0.010243812498644478,-0.010243812498644478,0.010862606227614924,-0.010243812498644478,-0.010243812498644478,-0.008051931258247325,-0.008051931258247325,0.0129999999999999,-0.0016264000000000278,0.016964392583113552,0.010862606227614924,-0.0016264000000000278,-0.0006904988895709563,-0.0006904988895709563,0.0129999999999999,-0.0016264000000000278,0.016964392583113552,-0.0006904988895709563,-0.0006904988895709563,0.010862606227614924,-0.0016264000000000278
1995-01-31,0.02451357308669655,0.02451357308669655,0.008577237962976714,0.02451357308669655,0.02451357308669655,0.021524993955195804,0.021524993955195804,0.022199999999999998,0.016066799999999937,0.008577237962976714,0.016066799999999937,0.016066799999999937,0.01430055000000019,0.01430055000000019,0.022199999999999998,0.016066799999999937,0.008577237962976714,0.01430055000000019,0.01430055000000019,0.016066799999999937,0.016066799999999937
1995-02-28,0.03819093677234475,-0.0012702166666666015,0.028152614534323384,0.021983698847117372,-0.0012702166666666015,-0.0003808676791521304,-0.0003808676791521304,0.0403,0.0403,0.028152614534323384,0.0403,0.0403,0.034841022605836214,0.034841022605836214,0.0403,0.0403,0.028152614534323384,0.034841022605836214,0.034841022605836214,0.0403,0.0403
1995-03-31,0.025579971779548183,0.019426491948870916,0.025322723066437902,0.019426491948870916,0.019426491948870916,0.017249658459951744,0.017249658459951744,0.026499999999999968,0.026499999999999968,0.020340999999999942,0.026499999999999968,0.026499999999999968,0.023187542850020115,0.023187542850020115,0.026499999999999968,0.026499999999999968,0.020340999999999942,0.023187542850020115,0.023187542850020115,0.026499999999999968,0.026499999999999968
1995-04-30,0.032167917131366686,0.032167917131366686,0.025974909628578402,0.032167917131366686,0.032167917131366686,0.0280430023091629,0.0280430023091629,0.025500000000000078,0.025500000000000078,0.025500000000000078,0.025500000000000078,0.025500000000000078,0.022318260908584575,0.022318260908584575,0.025500000000000078,0.025500000000000078,0.025500000000000078,0.022318260908584575,0.022318260908584575,0.025500000000000078,0.025500000000000078
1995-05-31,0.033488003123912424,0.033488003123912424,0.033488003123912424,0.033488003123912424,0.033488003123912424,0.029150074405625226,0.029150074405625226,0.034399999999999986,0.034399999999999986,0.034399999999999986,0.034399999999999986,0.034399999999999986,0.030033736688976687,0.030033736688976687,0.034399999999999986,0.034399999999999986,0.034399999999999986,0.030033736688976687,0.030033736688976687,0.034399999999999986,0.034399999999999986
1995-06-30,0.03179269837027476,0.03179269837027476,0.03179269837027476,0.03179269837027476,0.03179269837027476,0.027710557940516578,0.027710557940516578,0.03190000000000004,0.03190000000000004,0.03190000000000004,0.03190000000000004,0.03190000000000004,0.027797863029270342,0.027797863029270342,0.03190000000000004,0.03190000000000004,0.03190000000000004,0.027797863029270342,0.027797863029270342,0.03190000000000004,0.03190000000000004
1995-07-31,0.03548716047093725,0.03548716047093725,0.03548716047093725,0.03548716047093725,0.03548716047093725,0.030827066844021367,0.030827066844021367,0.04160000000000008,0.04160000000000008,0.04160000000000008,0.05592620000000004,0.05592620000000004,0.036014025689050655,0.036014025689050655,0.04160000000000008,0.04160000000000008,0.04160000000000008,0.036014025689050655,0.036014025689050655,0.04160000000000008,0.04160000000000008
1995-08-31,0.00514170718433582,0.00514170718433582,0.00514170718433582,0.00514170718433582,0.00514170718433582,0.0050248827262378,0.0050248827262378,0.010199999999999987,0.010199999999999987,0.026305000000000023,0.03249999999999997,0.03249999999999997,0.00934734883323185,0.00934734883323185,0.010199999999999987,0.010199999999999987,0.010199999999999987,0.00934734883323185,0.00934734883323185,0.010199999999999987,0.010199999999999987
1995-09-30,0.03718707708083646,0.03718707708083646,0.03718707708083646,0.03718707708083646,0.03718707708083646,0.032283524405037234,0.032283524405037234,0.037900000000000045,0.037900000000000045,0.021700000000000053,0.021700000000000053,0.021700000000000053,0.03285569460463145,0.03285569460463145,0.037900000000000045,0.037900000000000045,0.037900000000000045,0.03285569460463145,0.03285569460463145,0.037900000000000045,0.037900000000000045
1995-10-31,0.009135753408089586,0.009135753408089586,0.009135753408089586,0.009135753408089586,0.009135753408089586,0.008400962724212757,0.008400962724212757,-0.010399999999999965,-0.010399999999999965,-0.016337599999999952,-0.05259999999999998,-0.05259999999999998,-0.008159683788664496,-0.008159683788664496,-0.010399999999999965,-0.010399999999999965,-0.010399999999999965,-0.008159683788664496,-0.008159683788664496,-0.010399999999999965,-0.010399999999999965
1995-11-30,0.023593860792790133,0.023593860792790133,0.023593860792790133,0.023593860792790133,0.023593860792790133,0.02071111467186304,0.02071111467186304,0.04380000000000006,0.04380000000000006,0.04380000000000006,0.03753720000000005,0.03753720000000005,0.0378479128310909,0.0378479128310909,0.04380000000000006,0.04380000000000006,0.04380000000000006,0.0378479128310909,0.0378479128310909,0.04380000000000006,0.04380000000000006
1995-12-31,0.03390117486384692,0.03390117486384692,0.03390117486384692,0.03390117486384692,0.03390117486384692,0.029471189154045785,0.029471189154045785,0.015300000000000091,0.015300000000000091,0.015300000000000091,0.015300000000000091,0.015300000000000091,0.013710410036459786,0.013710410036459786,0.015300000000000091,0.015300000000000091,0.015300000000000091,0.013710410036459786,0.013710410036459786,0.015300000000000091,0.015300000000000091
1996-01-31,0.0016398050669572672,0.0016398050669572672,0.0016398050669572672,0.0016398050669572672,0.0016398050669572672,0.002014417300026272,0.002014417300026272,0.026899999999999924,0.026899999999999924,0.026899999999999924,0.026899999999999924,0.026899999999999924,0.02350196732341625,0.02350196732341625,0.026899999999999924,0.026899999999999924,0.026899999999999924,0.02350196732341625,0.02350196732341625,0.026899999999999924,0.026899999999999924
1996-02-29,0.059057959810336014,0.059057959810336014,0.059057959810336014,0.059057959810336014,0.059057959810336014,0.050822145076374836,0.050822145076374836,0.017200000000000104,0.017200000000000104,0.017200000000000104,0.017200000000000104,0.017200000000000104,0.015187851286997622,0.015187851286997622,0.017200000000000104,0.017200000000000104,0.017200000000000104,0.015187851286997622,0.015187851286997622,0.017200000000000104,0.017200000000000104
1996-03-31,-0.001993718631646768,-0.001993718631646768,-0.001993718631646768,-0.001993718631646768,-0.001993718631646768,-0.0011308281011521704,-0.0011308281011521704,0.011300000000000088,0.011300000000000088,0.011300000000000088,0.011300000000000088,0.011300000000000088,0.010179875760900403,0.010179875760900403,0.011300000000000088,0.011300000000000088,0.011300000000000088,0.010179875760900403,0.010179875760900403,0.011300000000000088,0.011300000000000088
1996-04-30,0.001977722657517722,0.001977722657517722,0.001977722657517722,0.001977722657517722,0.001977722657517722,0.0022964443043427263,0.0022964443043427263,0.02519999999999989,0.02519999999999989,0.02519999999999989,0.02519999999999989,0.02519999999999989,0.022104272201556086,0.022104272201556086,0.02519999999999989,0.02519999999999989,0.02519999999999989,0.022104272201556086,0.022104272201556086,0.02519999999999989,0.02519999999999989
1996-05-31,0.023555544395857053,0.023555544395857053,0.023555544395857053,0.023555544395857053,0.023555544395857053,0.02063928352047739,0.02063928352047739,0.027800000000000047,0.027800000000000047,0.05940520000000005,0.05940520000000005,0.05940520000000005,0.02424420785107273,0.02424420785107273,0.027800000000000047,0.027800000000000047,0.027800000000000047,0.02424420785107273,0.02424420785107273,0.0005603999999999054,0.0005603999999999054
1996-06-30,0.012793077547399001,0.012793077547399001,0.012793077547399001,0.012793077547399001,0.012793077547399001,0.011486884652048168,0.011486884652048168,-0.007299999999999973,-0.007299999999999973,-0.04169999999999996,-0.04169999999999996,-0.04169999999999996,-0.005622527588044046,-0.005622527588044046,-0.007299999999999973,-0.007299999999999973,-0.007299999999999973,-0.005622527588044046,-0.005622527588044046,-0.010433333333333294,-0.010433333333333294
1996-07-31,-0.034749439042632724,-0.034749439042632724,-0.034749439042632724,-0.034749439042632724,-0.034749439042632724,-0.028907096557946432,-0.028907096557946432,-0.05510000000000004,-0.05510000000000004,-0.10030000000000006,-0.10030000000000006,-0.10030000000000006,-0.046168291946238615,-0.046168291946238615,-0.05510000000000004,-0.05510000000000004,-0.05510000000000004,-0.046168291946238615,-0.046168291946238615,-0.03653333333333331,-0.03653333333333331
1996-08-31,0.030774346473726677,0.030774346473726677,0.030774346473726677,0.030774346473726677,0.030774346473726677,0.026770405347170456,0.026770405347170456,0.03180000000000005,0.03180000000000005,0.02560920000000011,0.016266121300735126,-0.001924600000000054,0.027595878086335235,0.027595878086335235,0.03180000000000005,0.03180000000000005,0.03180000000000005,0.027595878086335235,0.027595878086335235,0.016266121300735126,-0.001924600000000054
1996-09-30,0.02025361662743208,0.02025361662743208,0.02025361662743208,0.02025361662743208,0.02025361662743208,0.01782674157169417,0.01782674157169417,0.05449999999999999,0.05449999999999999,0.05449999999999999,0.04817300000000002,0.04817300000000002,0.04696341070054122,0.04696341070054122,0.05449999999999999,0.05449999999999999,0.05449999999999999,0.04696341070054122,0.04696341070054122,0.04817300000000002,0.04817300000000002
1996-10-31,0.04120485617196157,0.04120485617196157,0.04120485617196157,0.04120485617196157,0.04120485617196157,0.03564788828333354,0.03564788828333354,0.012899999999999912,0.012899999999999912,0.012899999999999912,0.012899999999999912,0.012899999999999912,0.011557969005508761,0.011557969005508761,0.012899999999999912,0.012899999999999912,0.012899999999999912,0.011557969005508761,0.011557969005508761,0.012899999999999912,0.012899999999999912
1996-11-30,0.050530322470276445,0.050530322470276445,0.050530322470276445,0.050530322470276445,0.050530322470276445,0.04354603117826139,0.04354603117826139,0.06659999999999999,0.06659999999999999,0.06659999999999999,0.06659999999999999,0.06659999999999999,0.05721804429046462,0.05721804429046462,0.06659999999999999,0.06659999999999999,0.06659999999999999,0.05721804429046462,0.05721804429046462,0.06659999999999999,0.06659999999999999
1996-12-31,0.011991336695348132,0.011991336695348132,0.011991336695348132,0.011991336695348132,0.011991336695348132,0.010787025007535034,0.010787025007535034,-0.012399999999999967,-0.012399999999999967,-0.012399999999999967,-0.012399999999999967,-0.012399999999999967,-0.009894779064886894,-0.009894779064886894,-0.012399999999999967,-0.012399999999999967,-0.012399999999999967,-0.009894779064886894,-0.009894779064886894,-0.012399999999999967,-0.012399999999999967
1997-01-31,0.03258137683596818,0.03258137683596818,0.03258137683596818,0.03258137683596818,0.03258137683596818,0.02830185034225763,0.02830185034225763,0.05410000000000004,0.05410000000000004,0.05410000000000004,0.05410000000000004,0.05410000000000004,0.04664625277654899,0.04664625277654899,0.05410000000000004,0.05410000000000004,0.05410000000000004,0.04664625277654899,0.04664625277654899,0.05410000000000004,0.05410000000000004
1997-02-28,0.04361744451115013,0.04361744451115013,0.04361744451115013,0.04361744451115013,0.04361744451115013,0.037681584068508744,0.037681584068508744,-0.0009000000000000119,-0.0009000000000000119,-0.0009000000000000119,-0.0009000000000000119,-0.0009000000000000119,-0.0002162459347638812,-0.0002162459347638812,-0.0009000000000000119,-0.0009000000000000119,-0.0009000000000000119,-0.0002162459347638812,-0.0002162459347638812,-0.0009000000000000119,-0.0009000000000000119
1997-03-31,-0.006231290472075157,-0.006231290472075157,-0.006231290472075157,-0.006231290472075157,-0.006231290472075157,-0.004699276028682253,-0.004699276028682253,-0.04590000000000005,-0.04590000000000005,-0.04590000000000005,-0.04590000000000005,-0.04590000000000005,-0.0383735317410735,-0.0383735317410735,-0.04590000000000005,-0.04590000000000005,-0.04590000000000005,-0.0383735317410735,-0.0383735317410735,-0.04590000000000005,-0.04590000000000005
1997-04-30,-0.034048961068470995,-0.034048961068470995,-0.034048961068470995,-0.034048961068470995,-0.034048961068470995,-0.028306888733576563,-0.028306888733576563,0.04469999999999996,0.04469999999999996,0.04469999999999996,0.04469999999999996,0.04469999999999996,0.038598521581148626,0.038598521581148626,0.04469999999999996,0.04469999999999996,0.04469999999999996,0.038598521581148626,0.038598521581148626,0.04469999999999996,0.04469999999999996
1997-05-31,0.09218195166223775,0.09218195166223775,0.09218195166223775,0.09218195166223775,0.09218195166223775,0.07896709662138002,0.07896709662138002,0.07220000000000004,0.07220000000000004,0.07220000000000004,0.07220000000000004,0.07220000000000004,0.06207339577030546,0.06207339577030546,0.07220000000000004,0.07220000000000004,0.07220000000000004,0.06207339577030546,0.06207339577030546,0.07220000000000004,0.07220000000000004
1997-06-30,0.05337158450267454,0.05337158450267454,0.05337158450267454,0.05337158450267454,0.05337158450267454,0.045931923438996325,0.045931923438996325,0.04469999999999996,0.04469999999999996,0.04469999999999996,0.04469999999999996,0.04469999999999996,0.03849965730556315,0.03849965730556315,0.04469999999999996,0.04469999999999996,0.04469999999999996,0.03849965730556315,0.03849965730556315,0.04469999999999996,0.04469999999999996
1997-07-31,0.057364637658005035,0.057364637658005035,0.057364637658005035,0.057364637658005035,0.057364637658005035,0.04933846062336311,0.04933846062336311,0.07739999999999991,0.07739999999999991,0.07739999999999991,0.07739999999999991,0.07739999999999991,0.06640279285178852,0.06640279285178852,0.07739999999999991,0.07739999999999991,0.07739999999999991,0.06640279285178852,0.06640279285178852,0.07739999999999991,0.07739999999999991
1997-08-31,0.0034829891169256832,0.0034829891169256832,0.0034829891169256832,0.0034829891169256832,0.0034829891169256832,0.0035528272141662764,0.0035528272141662764,-0.036900000000000044,-0.036900000000000044,-0.036900000000000044,-0.036900000000000044,-0.036900000000000044,-0.03080082533288464,-0.03080082533288464,-0.036900000000000044,-0.036900000000000044,-0.036900000000000044,-0.03080082533288464,-0.03080082533288464,-0.036900000000000044,-0.036900000000000044
1997-09-30,0.011925175790517883,0.011925175790517883,0.011925175790517883,0.011925175790517883,0.011925175790517883,0.010778340559844946,0.010778340559844946,0.057800000000000074,0.057800000000000074,0.057800000000000074,0.08385759999999998,0.08385759999999998,0.04975602871978335,0.04975602871978335,0.057800000000000074,0.057800000000000074,0.057800000000000074,0.04975602871978335,0.04975602871978335,0.057800000000000074,0.057800000000000074
1997-10-31,0.01645880023905577,0.01645880023905577,0.01645880023905577,0.01645880023905577,0.01645880023905577,0.014602862043248344,0.014602862043248344,-0.03380000000000005,-0.03380000000000005,-0.03380000000000005,-0.03700000000000003,-0.03700000000000003,-0.028137820027719918,-0.028137820027719918,-0.03380000000000005,-0.03380000000000005,-0.03380000000000005,-0.028137820027719918,-0.028137820027719918,-0.03380000000000005,-0.03380000000000005
1997-11-30,-0.01151547408778042,-0.01151547408778042,-0.01151547408778042,-0.01151547408778042,-0.01151547408778042,-0.009176117230218273,-0.009176117230218273,0.03380000000000005,0.03380000000000005,0.03380000000000005,-0.01770000000000005,-0.01770000000000005,0.029284212689525635,0.029284212689525635,0.03380000000000005,0.03380000000000005,0.03380000000000005,0.029284212689525635,0.029284212689525635,0.03380000000000005,0.03380000000000005
1997-12-31,0.026351197830130735,0.026351197830130735,0.026351197830130735,0.026351197830130735,0.026351197830130735,0.023028651096608677,0.023028651096608677,0.018100000000000005,0.018100000000000005,0.018100000000000005,0.011991400000000096,0.011991400000000096,0.016082420053416646,0.016082420053416646,0.018100000000000005,0.018100000000000005,0.018100000000000005,0.016082420053416646,0.016082420053416646,0.018100000000000005,0.018100000000000005
1998-01-31,0.002375212582825137,0.002375212582825137,0.002375212582825137,0.002375212582825137,0.002375212582825137,0.0026473850356527606,0.0026473850356527606,0.005800000000000027,0.005800000000000027,0.005800000000000027,0.005800000000000027,0.005800000000000027,0.005564930939383705,0.005564930939383705,0.005800000000000027,0.005800000000000027,0.005800000000000027,0.005564930939383705,0.005564930939383705,0.005800000000000027,0.005800000000000027
1998-02-28,0.06402590931738938,0.06402590931738938,0.06402590931738938,0.06402590931738938,0.06402590931738938,0.05505047352286052,0.05505047352286052,0.07420000000000004,0.07420000000000004,0.07420000000000004,0.07420000000000004,0.07420000000000004,0.06365378622269602,0.06365378622269602,0.07420000000000004,0.07420000000000004,0.07420000000000004,0.06365378622269602,0.06365378622269602,0.07420000000000004,0.07420000000000004
1998-03-31,0.05313198012516196,0.05313198012516196,0.05313198012516196,0.05313198012516196,0.05313198012516196,0.04575306769476706,0.04575306769476706,0.0515000000000001,0.0515000000000001,0.0515000000000001,0.0515000000000001,0.0515000000000001,0.044307196075212385,0.044307196075212385,0.0515000000000001,0.0515000000000001,0.0515000000000001,0.044307196075212385,0.044307196075212385,0.0515000000000001,0.0515000000000001
1998-04-30,0.03406526564081647,0.03406526564081647,0.03406526564081647,0.03406526564081647,0.03406526564081647,0.029547404576701686,0.029547404576701686,0.011700000000000044,0.011700000000000044,0.011700000000000044,0.011700000000000044,0.011700000000000044,0.010554763468286765,0.010554763468286765,0.011700000000000044,0.011700000000000044,0.011700000000000044,0.010554763468286765,0.010554763468286765,0.011700000000000044,0.011700000000000044
1998-05-31,-0.0022110831385243612,-0.0022110831385243612,-0.0022110831385243612,-0.0022110831385243612,-0.0022110831385243612,-0.0012828393181137931,-0.0012828393181137931,-0.026699999999999946,-0.026699999999999946,-0.05410959999999998,-0.026699999999999946,-0.026699999999999946,-0.022100477909147154,-0.022100477909147154,-0.026699999999999946,-0.026699999999999946,-0.026699999999999946,-0.022100477909147154,-0.022100477909147154,-0.026699999999999946,-0.026699999999999946
1998-06-30,0.0011720887990713802,0.0011720887990713802,0.0011720887990713802,0.0011720887990713802,0.0011720887990713802,0.0016164143888854898,0.0016164143888854898,0.03600000000000003,0.03600000000000003,0.029784000000000033,0.03600000000000003,0.03600000000000003,0.03119023419976119,0.03119023419976119,0.03600000000000003,0.03600000000000003,0.03600000000000003,0.03119023419976119,0.03119023419976119,-0.03936526666666662,-0.03936526666666662
1998-07-31,0.04468167792924893,0.04468167792924893,0.04468167792924893,0.04468167792924893,0.04468167792924893,0.03859955080772015,0.03859955080772015,-0.020199999999999996,-0.020199999999999996,-0.020199999999999996,-0.020199999999999996,-0.020199999999999996,-0.016593272677380533,-0.016593272677380533,-0.020199999999999996,-0.020199999999999996,-0.020199999999999996,-0.016593272677380533,-0.016593272677380533,-0.026078799999999958,-0.026078799999999958
1998-08-31,-0.06970527330578102,-0.06970527330578102,-0.06970527330578102,-0.06970527330578102,-0.06970527330578102,-0.058657586267877315,-0.058657586267877315,-0.1562,-0.1562,-0.1562,-0.1562,-0.1562,-0.13214133768532088,-0.13214133768532088,-0.1562,-0.1562,-0.1562,-0.13214133768532088,-0.13214133768532088,-0.1562,-0.1562
1998-09-30,-0.048980104595112595,-0.048980104595112595,-0.048980104595112595,-0.048980104595112595,-0.048980104595112595,-0.041078132054019445,-0.041078132054019445,0.0665,-0.0014276000000000844,0.03990739327990567,0.03990739327990567,0.03990739327990567,0.045907031292497624,0.045907031292497624,0.0665,-0.0014276000000000844,0.03990739327990567,0.045907031292497624,0.045907031292497624,0.03990739327990567,0.03990739327990567
1998-10-31,0.012910747178241033,0.012910747178241033,0.012910747178241033,0.020184607323153525,0.020184607323153525,0.011507566245912537,0.011507566245912537,0.07299999999999995,0.0032000000000000917,0.026342663302971303,0.026342663302971303,0.026342663302971303,0.042655194474042535,0.042655194474042535,0.07299999999999995,0.0032000000000000917,0.026342663302971303,0.042655194474042535,0.042655194474042535,0.026342663302971303,0.026342663302971303
1998-11-30,0.1097451822651827,-0.002719799999999939,0.1097451822651827,-0.019826631121210414,-0.019826631121210414,0.03605454862949631,0.03605454862949631,0.06380000000000008,0.05741720000000017,0.05741720000000017,-0.019826631121210414,-0.019826631121210414,0.05204772039980954,0.05204772039980954,0.06380000000000008,0.05741720000000017,0.05741720000000017,0.05204772039980954,0.05204772039980954,-0.019826631121210414,-0.019826631121210414
1998-12-31,0.041042265581992865,0.003675000000000095,0.041042265581992865,0.018303605545004764,0.018303605545004764,0.025594362577148422,0.025594362577148422,0.06529999999999991,0.06529999999999991,0.06529999999999991,0.058908199999999855,0.058908199999999855,0.056028503742160174,0.056028503742160174,0.06529999999999991,0.06529999999999991,0.06529999999999991,0.056028503742160174,0.056028503742160174,0.058908199999999855,0.058908199999999855
1999-01-31,0.05048270614189909,0.04417980990504766,0.05048270614189909,0.04417980990504766,0.04417980990504766,0.040817605631420895,0.040817605631420895,0.0383,0.0383,0.0383,0.0383,0.0383,0.033033976913287466,0.033033976913287466,0.0383,0.0383,0.0383,0.033033976913287466,0.033033976913287466,0.0383,0.0383
1999-02-28,-0.0006615398438730713,-0.0006615398438730713,-0.0006615398438730713,-0.0006615398438730713,-0.0006615398438730713,-5.413693759304117e-05,-5.413693759304117e-05,-0.0373,-0.0373,-0.0373,-0.0373,-0.0373,-0.031204966049134586,-0.031204966049134586,-0.0373,-0.0373,-0.0373,-0.031204966049134586,-0.031204966049134586,-0.0373,-0.0373
1999-03-31,0.029240669137426734,0.029240669137426734,0.029240669137426734,0.029240669137426734,0.029240669137426734,0.025406212711204912,0.025406212711204912,0.03909999999999991,0.03909999999999991,0.03909999999999991,0.03909999999999991,0.03909999999999991,0.03384669199380674,0.03384669199380674,0.03909999999999991,0.03909999999999991,0.03909999999999991,0.03384669199380674,0.03384669199380674,0.03909999999999991,0.03909999999999991
1999-04-30,0.04250022106746987,0.04250022106746987,0.04250022106746987,0.04250022106746987,0.04250022106746987,0.036660434540048525,0.036660434540048525,0.04709999999999992,0.04709999999999992,0.04709999999999992,0.04709999999999992,0.04709999999999992,0.04056320522016077,0.04056320522016077,0.04709999999999992,0.04709999999999992,0.04709999999999992,0.04056320522016077,0.04056320522016077,0.04709999999999992,0.04709999999999992
1999-05-31,-0.000988317500274949,-0.000988317500274949,-0.000988317500274949,-0.000988317500274949,-0.000988317500274949,-0.0003324431203095557,-0.0003324431203095557,-0.021199999999999997,-0.021199999999999997,-0.021199999999999997,-0.021199999999999997,-0.021199999999999997,-0.01754134726500356,-0.01754134726500356,-0.021199999999999997,-0.021199999999999997,-0.021199999999999997,-0.01754134726500356,-0.01754134726500356,-0.013852599999999993,-0.013852599999999993
1999-06-30,-0.0061176714937398735,-0.0061176714937398735,-0.0061176714937398735,-0.0061176714937398735,-0.0061176714937398735,-0.004640996574288181,-0.004640996574288181,0.05170000000000008,0.05170000000000008,0.05170000000000008,0.06169139999999995,0.06169139999999995,0.04452499237411578,0.04452499237411578,0.05170000000000008,0.05170000000000008,0.05170000000000008,0.04452499237411578,0.04452499237411578,0.08336666666666659,0.08336666666666659
1999-07-31,0.045227863680851854,0.045227863680851854,0.045227863680851854,0.045227863680851854,0.045227863680851854,0.0390070543024601,0.0390070543024601,-0.031100000000000017,-0.031100000000000017,-0.031100000000000017,0.0044999999999999485,0.0044999999999999485,-0.025899030772458365,-0.025899030772458365,-0.031100000000000017,-0.031100000000000017,-0.031100000000000017,-0.025899030772458365,-0.025899030772458365,0.041300000000000114,0.041300000000000114
1999-08-31,-0.03774003512777879,-0.03774003512777879,-0.03774003512777879,-0.03774003512777879,-0.03774003512777879,-0.031539815052812004,-0.031539815052812004,-0.009800000000000031,-0.009800000000000031,-0.009800000000000031,-0.03490000000000004,-0.03490000000000004,-0.007772195121946601,-0.007772195121946601,-0.009800000000000031,-0.009800000000000031,-0.009800000000000031,-0.007772195121946601,-0.007772195121946601,0.04126666666666656,0.04126666666666656
1999-09-30,-0.005976190655547553,-0.005976190655547553,-0.005976190655547553,-0.005976190655547553,-0.005976190655547553,-0.004522420229634672,-0.004522420229634672,-0.023800000000000043,-0.023800000000000043,-0.023800000000000043,-0.008499999999999952,-0.008499999999999952,-0.019655354808569836,-0.019655354808569836,-0.023800000000000043,-0.023800000000000043,-0.023800000000000043,-0.019655354808569836,-0.019655354808569836,0.02516666666666678,0.02516666666666678
1999-10-31,-0.012723658135479154,-0.012723658135479154,-0.012723658135479154,-0.012723658135479154,-0.012723658135479154,-0.010237646488405527,-0.010237646488405527,0.06479999999999997,-0.0021233999999999975,0.06479999999999997,-0.009600000000000053,-0.009600000000000053,0.055642181664619095,0.027178813506799404,0.06479999999999997,-0.0021233999999999975,0.02878999999999987,0.055642181664619095,0.027178813506799404,0.0030333333333334433,0.0030333333333334433
1999-11-30,0.07106056449138398,0.07106056449138398,0.07106056449138398,0.07106056449138398,0.07106056449138398,0.06099534740088308,0.06099534740088308,0.03770000000000007,0.03147380000000011,0.03770000000000007,0.03147380000000011,0.03147380000000011,0.03253943006420368,0.030041445885719886,0.03770000000000007,0.03147380000000011,0.047900000000000054,0.03253943006420368,0.030041445885719886,0.023133333333333228,0.023133333333333228
1999-12-31,0.028088305775221922,-0.0018003500000001171,0.028088305775221922,-0.019313029434318008,-0.0018003500000001171,0.024459310347706875,0.011731259795880078,0.08099999999999996,0.08099999999999996,0.08099999999999996,0.11765360000000014,0.11765360000000014,0.069482980652813,0.069482980652813,0.08099999999999996,0.08099999999999996,0.08050000000000002,0.069482980652813,0.069482980652813,0.0305333333333333,0.0305333333333333
2000-01-31,-0.001187965270195046,-0.007180837478573898,-0.001187965270195046,-0.007180837478573898,-0.007180837478573898,-0.0003775827824757938,-0.0028743714747933025,-0.043300000000000005,-0.043300000000000005,0.03057920000000003,0.036799999999999944,0.036799999999999944,-0.036242807642929975,-0.036242807642929975,-0.043300000000000005,-0.043300000000000005,-0.05820000000000003,-0.036242807642929975,-0.036242807642929975,-0.04904019999999998,-0.04904019999999998
2000-02-29,-0.02477940907117615,-0.02477940907117615,-0.02477940907117615,-0.02477940907117615,-0.02477940907117615,-0.02040163683825058,-0.02040163683825058,0.028899999999999926,0.028899999999999926,0.23870000000000013,0.23870000000000013,0.23870000000000013,0.025171428974787524,0.025171428974787524,0.028899999999999926,0.028899999999999926,0.03639999999999999,0.025171428974787524,0.025171428974787524,0.0536068666666667,0.0536068666666667
2000-03-31,0.0394109359887298,0.0394109359887298,0.0394109359887298,0.0394109359887298,0.0394109359887298,0.03416945246417824,0.03416945246417824,0.05679999999999996,0.05679999999999996,-0.08679999999999999,-0.08679999999999999,-0.08679999999999999,0.04896574458041281,0.04896574458041281,0.05679999999999996,0.05679999999999996,0.028699999999999948,0.04896574458041281,0.04896574458041281,-0.0070666666666666655,-0.0070666666666666655
2000-04-30,0.014245498228413034,0.014245498228413034,0.014245498228413034,0.014245498228413034,0.014245498228413034,0.012793862213599683,0.012793862213599683,-0.05930000000000002,-0.05930000000000002,-0.13829999999999998,-0.13829999999999998,-0.13829999999999998,-0.04975110636386837,-0.04975110636386837,-0.05930000000000002,-0.05930000000000002,-0.061899999999999955,-0.04975110636386837,-0.04975110636386837,-0.06494420000000001,-0.06494420000000001
2000-05-31,-0.028389080491231566,-0.028389080491231566,-0.028389080491231566,-0.028389080491231566,-0.028389080491231566,-0.023430228680756837,-0.023430228680756837,-0.038900000000000046,-0.038900000000000046,-0.08650000000000002,-0.08650000000000002,-0.08650000000000002,-0.03236477857137332,-0.03236477857137332,-0.038900000000000046,-0.038900000000000046,-0.024699999999999944,-0.03236477857137332,-0.03236477857137332,-0.038900000000000046,-0.038900000000000046
2000-06-30,0.03163362660500435,0.03163362660500435,0.03163362660500435,0.03163362660500435,0.03163362660500435,0.027585683195440414,0.027585683195440414,0.050799999999999956,-0.0020240000000000258,0.17179999999999995,0.024434512147537557,0.024434512147537557,0.04374377562364806,0.021314614594064585,0.050799999999999956,-0.0020240000000000258,0.035800000000000054,0.04374377562364806,0.021314614594064585,0.024434512147537557,0.024434512147537557
2000-07-31,0.008496774497553927,0.008496774497553927,0.008496774497553927,0.008496774497553927,0.008496774497553927,0.007913392464206082,0.007913392464206082,-0.020000000000000018,-0.025880000000000014,-0.01749999999999996,-0.023394999999999944,-0.023394999999999944,-0.016313741922090785,-0.01872255766955422,-0.020000000000000018,-0.025880000000000014,-0.038900000000000046,-0.016313741922090785,-0.01872255766955422,0.008805131658411014,0.008805131658411014
2000-08-31,0.009390510673606522,0.009390510673606522,0.009390510673606522,0.009390510673606522,0.009390510673606522,0.0087240591537745,0.0087240591537745,0.07529999999999992,0.07529999999999992,0.05840000000000001,0.05840000000000001,0.05840000000000001,0.06473446516096026,0.06473446516096026,0.07529999999999992,0.07529999999999992,0.06884819999999992,0.06473446516096026,0.06473446516096026,0.021580323097527776,0.021580323097527776
2000-09-30,-0.01080305090678979,-0.01080305090678979,-0.01080305090678979,-0.01080305090678979,-0.01080305090678979,-0.008424669979615551,-0.008424669979615551,-0.04930000000000001,-0.04930000000000001,-0.0353,-0.05500420000000006,-0.05500420000000006,-0.04118843087035984,-0.04118843087035984,-0.04930000000000001,-0.04930000000000001,-0.04930000000000001,-0.04118843087035984,-0.04118843087035984,-0.05500420000000006,-0.05500420000000006
2000-10-31,-0.05214381132946555,-0.05214381132946555,-0.05214381132946555,-0.05214381132946555,-0.05214381132946555,-0.04358395574510332,-0.04358395574510332,-0.022199999999999998,-0.022199999999999998,-0.06159999999999999,0.003306039741434841,0.003306039741434841,-0.018072619009573798,-0.018072619009573798,-0.022199999999999998,-0.022199999999999998,-0.022199999999999998,-0.018072619009573798,-0.018072619009573798,0.003306039741434841,0.003306039741434841
2000-11-30,-0.00772723930283592,-0.00772723930283592,-0.00772723930283592,-0.00772723930283592,-0.00772723930283592,-0.005849844660667625,-0.005849844660667625,-0.10189999999999999,-0.0009305999999998926,-0.0948,0.006294322953935394,0.006294322953935394,-0.042315750842078836,-0.042315750842078836,-0.10189999999999999,-0.0009305999999998926,-0.10189999999999999,-0.042315750842078836,-0.042315750842078836,0.006294322953935394,0.006294322953935394
2000-12-31,-0.03320235019786566,-0.000889183333333432,-0.03320235019786566,0.03557721644988798,0.03557721644988798,0.0018759150937184277,0.0018759150937184277,0.016799999999999926,0.004999999999999893,0.03557721644988798,0.04182818556326762,0.04182818556326762,0.02549799889029436,0.02549799889029436,0.016799999999999926,0.004999999999999893,0.03557721644988798,0.02549799889029436,0.02549799889029436,0.04182818556326762,0.04182818556326762
2001-01-31,0.004543815226946801,0.004808333333333303,0.004502748924496203,0.010566145799292048,0.010566145799292048,0.0070467439531038956,0.0070467439531038956,0.037900000000000045,0.005400000000000071,0.010566145799292048,0.010566145799292048,0.010566145799292048,0.030349279529222395,0.016572556387481008,0.037900000000000045,0.005400000000000071,0.010566145799292048,0.030349279529222395,0.016572556387481008,0.010566145799292048,0.010566145799292048
2001-02-28,-0.021368817212351954,0.004291666666666583,0.008962355948550327,0.008962355948550327,0.008962355948550327,-0.020033584590038345,-0.009155783012297136,-0.09650000000000003,0.0038000000000000256,0.008962355948550327,-0.052817400000000014,-0.052817400000000014,-0.03911326928268921,-0.03909008330012542,-0.09650000000000003,0.0038000000000000256,0.008962355948550327,-0.03911326928268921,-0.03909008330012542,0.008962355948550327,0.008962355948550327
2001-03-31,-0.09080541195992065,0.004066666666666663,0.020725749568679896,0.020725749568679896,0.020725749568679896,-0.031649463182160886,-0.031686233409216835,-0.06830000000000003,0.0041999999999999815,0.020725749568679896,0.014601395071267786,0.014601395071267786,-0.059977931109362226,-0.029212116996301107,-0.06830000000000003,0.0041999999999999815,0.020725749568679896,-0.059977931109362226,-0.029212116996301107,0.020725749568679896,0.020725749568679896
2001-04-30,0.004480377413294434,0.0036833333333332607,-0.015316053231031579,-0.015316053231031579,-0.015316053231031579,0.0016371115401843106,0.0013302258590486282,0.08319999999999994,0.0039000000000000146,-0.015316053231031579,-0.015316053231031579,-0.015316053231031579,0.07124196283737372,0.03748918398941026,0.08319999999999994,0.0039000000000000146,-0.015316053231031579,0.07124196283737372,0.03748918398941026,-0.015316053231031579,-0.015316053231031579
2001-05-31,0.06878679299550994,0.0032250000000000334,-0.014888325824735982,-0.014888325824735982,-0.014888325824735982,0.058951881165314024,0.031087561852014556,0.010000000000000009,0.0032000000000000917,-0.014888325824735982,0.07620380000000004,0.07620380000000004,-0.004200001019968536,-0.00414346475240035,0.010000000000000009,0.0032000000000000917,-0.014888325824735982,-0.004200001019968536,-0.00414346475240035,-0.014888325824735982,-0.014888325824735982
2001-06-30,-0.023892645449750782,0.0030166666666666675,0.012969481316577935,0.012969481316577935,0.012969481316577935,-0.00677632483575441,-0.006729160652469202,-0.016599999999999948,0.0027999999999999137,0.012969481316577935,0.0472999999999999,0.0472999999999999,-0.0011568780577567717,-0.0011568780577567717,-0.016599999999999948,0.0027999999999999137,0.012969481316577935,-0.0011568780577567717,-0.0011568780577567717,-0.022500399999999976,-0.022500399999999976
2001-07-31,-0.026601150480023983,0.0029083333333332906,0.007488459908050027,0.007488459908050027,0.007488459908050027,-0.007736709209001713,-0.007736709209001713,-0.018299999999999983,0.0029999999999998916,0.007488459908050027,-0.04390000000000005,-0.04390000000000005,-0.01765539623427559,-0.008622824531475115,-0.018299999999999983,0.0029999999999998916,0.007488459908050027,-0.01765539623427559,-0.008622824531475115,0.0014435291486016855,0.0014435291486016855
2001-08-31,-0.020457239588378417,0.0029250000000000664,0.02547230682633339,0.02547230682633339,0.02547230682633339,-0.01950446314224974,-0.009583292877536231,-0.060899999999999954,0.0031000000000001027,0.02547230682633339,-0.03539999999999999,-0.03539999999999999,-0.05131569567532579,-0.024130664049044293,-0.060899999999999954,0.0031000000000001027,0.02547230682633339,-0.05131569567532579,-0.024130664049044293,0.02547230682633339,0.02547230682633339
2001-09-30,-0.11247206901428375,0.0027999999999999137,0.023109878479574908,0.023109878479574908,0.023109878479574908,-0.09519772259092218,-0.04622356086145685,-0.08960000000000001,0.0027999999999999137,0.023109878479574908,-0.1401,-0.1401,-0.030317313976982896,-0.030410794511641637,-0.08960000000000001,0.0027999999999999137,0.023109878479574908,-0.030317313976982896,-0.030410794511641637,0.023109878479574908,0.023109878479574908
2001-10-31,0.03184031500484985,0.0021999999999999797,0.016680620341481767,0.016680620341481767,0.016680620341481767,0.018347971458509305,0.01816705603356583,0.026999999999999913,0.0021999999999999797,0.016680620341481767,0.010580536619432923,0.010580536619432923,0.018729200536087065,0.018729200536087065,0.026999999999999913,0.0021999999999999797,0.016680620341481767,0.018729200536087065,0.018729200536087065,0.016680620341481767,0.016680620341481767
2001-11-30,0.050531461992649795,0.0018000000000000238,-0.002537713575557765,-0.002537713575557765,-0.002537713575557765,0.020639584063091077,0.020639584063091077,0.07699999999999996,0.0017000000000000348,-0.002537713575557765,-0.002537713575557765,-0.002537713575557765,0.0318805382341365,0.0318805382341365,0.07699999999999996,0.0017000000000000348,-0.002537713575557765,0.0318805382341365,0.0318805382341365,-0.002537713575557765,-0.002537713575557765
2001-12-31,0.014660493827160614,0.0015583333333333282,-0.030331224418192804,-0.030331224418192804,-0.030331224418192804,-0.006500442506772952,-0.006500442506772952,0.01760000000000006,0.0015000000000000568,-0.030331224418192804,0.06705899999999998,0.06705899999999998,-0.0052966384016287504,-0.0052966384016287504,0.01760000000000006,0.0015000000000000568,-0.030331224418192804,-0.0052966384016287504,-0.0052966384016287504,-0.030331224418192804,-0.030331224418192804
2002-01-31,-0.002977134943718096,0.0014083333333332337,0.008137626359965955,0.008137626359965955,0.008137626359965955,0.0023429595378556822,0.0023429595378556822,-0.013000000000000012,-0.018921999999999994,0.008137626359965955,0.0043999999999999595,0.0043999999999999595,-0.013304584529851393,-0.013304584529851393,-0.013000000000000012,-0.018921999999999994,0.008137626359965955,-0.013304584529851393,-0.013304584529851393,-0.018921999999999994,-0.018921999999999994
2002-02-28,-0.03352793686153355,0.001374999999999904,0.014389930921723915,-0.03932676924036438,-0.03932676924036438,-0.00794187141643643,-0.00794187141643643,-0.021700000000000053,-0.004707799999999929,0.014389930921723915,-0.03990000000000005,-0.03990000000000005,-0.005454354320903798,-0.005454354320903798,-0.021700000000000053,-0.004707799999999929,0.014389930921723915,-0.005454354320903798,-0.005454354320903798,-0.021700000000000053,-0.021700000000000053
2002-03-31,0.04945245471697546,0.0014333333333333975,-0.024424618973944434,0.04945245471697546,0.04945245471697546,0.010785313098199856,0.010785313098199856,0.04370000000000007,0.0013000000000000789,-0.024424618973944434,0.08600000000000008,0.08600000000000008,0.008338584066746257,0.008338584066746257,0.04370000000000007,0.0013000000000000789,-0.024424618973944434,0.008338584066746257,0.008338584066746257,-0.030278071260100736,-0.030278071260100736
2002-04-30,-0.03513685814191081,0.001491666666666669,0.00981219527539956,0.0037533221037471254,0.0037533221037471254,-0.010635580358365426,-0.010635580358365426,-0.05059999999999998,-0.056296400000000024,0.00981219527539956,0.017300000000000093,0.017300000000000093,-0.045146474466713604,-0.045146474466713604,-0.05059999999999998,-0.056296400000000024,0.00981219527539956,-0.045146474466713604,-0.045146474466713604,-0.056296400000000024,-0.056296400000000024
2002-05-31,-0.028195969570426693,-0.0340267937530041,0.008216341124557491,-0.0340267937530041,-0.0340267937530041,-0.026304140743976134,-0.026304140743976134,-0.012199999999999989,-0.004608399999999957,0.008216341124557491,-0.03200000000000003,-0.03200000000000003,-0.0036654437258086814,-0.0036654437258086814,-0.012199999999999989,-0.004608399999999957,0.008216341124557491,-0.0036654437258086814,-0.0036654437258086814,0.038431799999999905,0.038431799999999905
2002-06-30,-0.059201606053586375,-0.004566983333333496,0.02231183127311631,0.01617796028547769,-0.004566983333333496,-0.003642440992775331,-0.003642440992775331,-0.07099999999999995,0.0013000000000000789,0.02231183127311631,-0.02510000000000001,-0.02510000000000001,-0.025492934603210005,-0.025492934603210005,-0.07099999999999995,0.0013000000000000789,0.02231183127311631,-0.025492934603210005,-0.025492934603210005,-0.023366666666666647,-0.023366666666666647
2002-07-31,-0.10759156624129718,0.0014166666666666217,0.02631949751445184,0.02631949751445184,0.02016158052936512,-0.039253055749943866,-0.039253055749943866,-0.08040000000000003,0.0015000000000000568,0.02631949751445184,0.02016158052936512,0.02016158052936512,-0.022887697637868465,-0.022887697637868465,-0.08040000000000003,0.0015000000000000568,0.02631949751445184,-0.022887697637868465,-0.022887697637868465,-0.06913333333333327,-0.06913333333333327
2002-08-31,0.011380530255240773,0.0014000000000000679,0.035374409320924505,0.035374409320924505,0.035374409320924505,0.01988350143194051,0.01988350143194051,0.006399999999999961,0.0014000000000000679,0.035374409320924505,0.035374409320924505,0.035374409320924505,0.01781101487466552,0.01781101487466552,0.006399999999999961,0.0014000000000000679,0.035374409320924505,0.01781101487466552,0.01781101487466552,0.029162162864998953,0.029162162864998953
2002-09-30,-0.047584607236133114,0.0013499999999999623,0.035626187004268894,0.035626187004268894,0.035626187004268894,-0.004917872908120624,-0.004917872908120624,-0.10199999999999998,0.0014000000000000679,0.035626187004268894,0.035626187004268894,0.035626187004268894,-0.02804126217768599,-0.02804126217768599,-0.10199999999999998,0.0014000000000000679,0.035626187004268894,-0.02804126217768599,-0.02804126217768599,0.035626187004268894,0.035626187004268894
2002-10-31,-0.013661784645640385,0.0013583333333333503,-0.0025134900898298174,-0.0025134900898298174,-0.0025134900898298174,-0.0067794429663402545,-0.0067794429663402545,0.0798000000000001,0.0014000000000000679,-0.0025134900898298174,-0.0025134900898298174,-0.0025134900898298174,0.03285621057938415,0.03285621057938415,0.0798000000000001,0.0014000000000000679,-0.0025134900898298174,0.03285621057938415,0.03285621057938415,-0.0025134900898298174,-0.0025134900898298174
2002-11-30,0.06626454333064191,0.0013166666666666327,-0.005688202509760765,-0.005688202509760765,-0.005688202509760765,0.025924032384630147,0.025924032384630147,0.060799999999999965,0.0012000000000000899,-0.005688202509760765,-0.005688202509760765,-0.005688202509760765,0.02348440953072406,0.02348440953072406,0.060799999999999965,0.0012000000000000899,-0.005688202509760765,0.02348440953072406,0.02348440953072406,-0.005688202509760765,-0.005688202509760765
2002-12-31,-0.010342370658548705,0.0010250000000000536,0.005007707583082777,0.005007707583082777,0.005007707583082777,-0.0022134913549659574,-0.0022134913549659574,-0.056499999999999995,0.001100000000000101,0.005007707583082777,-0.06395020000000007,-0.06395020000000007,-0.05021848022649178,-0.025889617831263756,-0.056499999999999995,0.001100000000000101,0.005007707583082777,-0.05021848022649178,-0.025889617831263756,0.005007707583082777,0.005007707583082777
2003-01-31,-0.0022205416787146603,0.000991666666666724,0.0017271449982252385,0.0017271449982252385,0.0017271449982252385,-0.004305268262623563,-0.0029407600951796287,-0.024699999999999944,0.0009999999999998899,0.0017271449982252385,-0.004283217871764111,-0.004283217871764111,-0.02089031422471488,-0.010008119775695712,-0.024699999999999944,0.0009999999999998899,0.0017271449982252385,-0.02089031422471488,-0.010008119775695712,0.0017271449982252385,0.0017271449982252385
2003-02-28,-0.06414370869798192,0.0009749999999999481,0.0156947309972999,0.0156947309972999,0.0156947309972999,-0.05437823015993448,-0.026705037053578518,-0.017900000000000027,0.0008999999999999009,0.0156947309972999,0.0156947309972999,0.0156947309972999,-0.01509977625571024,-0.007127790430737746,-0.017900000000000027,0.0008999999999999009,0.0156947309972999,-0.01509977625571024,-0.007127790430737746,0.0156947309972999,0.0156947309972999
2003-03-31,0.013083959555412195,0.0009749999999999481,0.010672974350277808,0.007005455798079652,0.007005455798079652,0.011214341686183626,0.006022607702647509,0.011900000000000022,0.0009999999999998899,0.010672974350277808,0.010672974350277808,0.010672974350277808,0.01025024790721063,0.005604581293693567,0.011900000000000022,0.0009999999999998899,0.010672974350277808,0.01025024790721063,0.005604581293693567,0.010672974350277808,0.010672974350277808
2003-04-30,0.052856947873070714,0.0009416666666666185,-0.009110303520204033,-0.0150556416990828,-0.0150556416990828,0.04506008270659345,0.02298760846363246,0.08279999999999998,0.0009999999999998899,-0.009110303520204033,0.09439399999999987,0.09439399999999987,0.07052116408624975,0.03574853899093289,0.08279999999999998,0.0009999999999998899,-0.009110303520204033,0.07052116408624975,0.03574853899093289,0.0763031999999999,0.0763031999999999
2003-05-31,0.05312055648561165,0.0009416666666666185,0.035829889850980345,0.035829889850980345,0.035829889850980345,0.04525399930754359,0.02304156572234195,0.0613999999999999,0.05503159999999996,0.035829889850980345,0.1280000000000001,0.1280000000000001,0.052263487159140753,0.04976342811063561,0.0613999999999999,0.05503159999999996,0.035829889850980345,0.052263487159140753,0.04976342811063561,0.08385759999999998,0.08385759999999998
2003-06-30,0.05704036497286191,0.05069812278302477,0.023220708935931755,0.05069812278302477,0.05069812278302477,0.048578016429058346,0.046022498351883545,0.015200000000000102,0.015200000000000102,0.023220708935931755,0.04200000000000004,0.04200000000000004,0.013025443981398155,0.013025443981398155,0.015200000000000102,0.015200000000000102,0.023220708935931755,0.013025443981398155,0.013025443981398155,0.04953333333333343,0.04953333333333343
2003-07-31,0.005970816464237583,0.005970816464237583,-0.050411715401701196,0.005970816464237583,0.005970816464237583,0.005149019143472655,0.005149019143472655,0.02400000000000002,0.02400000000000002,0.0752098000000001,0.0817000000000001,0.0817000000000001,0.020494057275592947,0.020494057275592947,0.02400000000000002,0.02400000000000002,0.017856000000000094,0.020494057275592947,0.020494057275592947,0.032200000000000006,0.032200000000000006
2003-08-31,-0.001651486757880516,-0.001651486757880516,-0.03431182028229118,-0.001651486757880516,-0.001651486757880516,-0.0012952192482139635,-0.0012952192482139635,0.02400000000000002,0.02400000000000002,0.04800000000000004,0.04800000000000004,0.04800000000000004,0.02048717550000001,0.02048717550000001,0.02400000000000002,0.02400000000000002,0.02400000000000002,0.02048717550000001,0.02048717550000001,0.05689999999999995,0.05689999999999995
2003-09-30,0.031623599082392984,0.031623599082392984,0.025433857487898726,0.031623599082392984,0.031623599082392984,0.0269969200427167,0.0269969200427167,-0.011600000000000055,-0.011600000000000055,0.005700000000000038,0.005700000000000038,0.005700000000000038,-0.009757296230170298,-0.009757296230170298,-0.011600000000000055,-0.011600000000000055,-0.011600000000000055,-0.009757296230170298,-0.009757296230170298,0.07099999999999995,0.07099999999999995
2003-10-31,0.02030008850174836,0.02030008850174836,0.02030008850174836,0.02030008850174836,0.02030008850174836,0.017349209877780325,0.017349209877780325,0.06150000000000011,0.06150000000000011,0.09109999999999996,0.09109999999999996,0.09109999999999996,0.05236991893373477,0.05236991893373477,0.06150000000000011,0.06150000000000011,0.05204959999999992,0.05236991893373477,0.05236991893373477,0.0656000000000001,0.0656000000000001
2003-11-30,0.012127255826291927,0.012127255826291927,0.012127255826291927,0.012127255826291927,0.012127255826291927,0.010408339119766019,0.010408339119766019,0.01419999999999999,0.01419999999999999,0.041099999999999914,0.041099999999999914,0.041099999999999914,0.012130264938900348,0.012130264938900348,0.01419999999999999,0.01419999999999999,0.020499999999999963,0.012130264938900348,0.012130264938900348,0.005366666666666742,0.005366666666666742
2003-12-31,0.030659269136743328,0.030659269136743328,0.030659269136743328,0.030659269136743328,0.030659269136743328,0.026167802416869446,0.026167802416869446,0.04370000000000007,0.04370000000000007,0.0242,0.0242,0.0242,0.03725441649982719,0.03725441649982719,0.04370000000000007,0.04370000000000007,0.06929999999999992,0.03725441649982719,0.03725441649982719,0.052966666666666606,0.052966666666666606
2004-01-31,0.04936580791629641,0.04936580791629641,0.04936580791629641,0.04936580791629641,0.04936580791629641,0.04205022110918155,0.04205022110918155,0.022199999999999998,0.022199999999999998,0.06240000000000001,0.06240000000000001,0.06240000000000001,0.018942760185644447,0.018942760185644447,0.022199999999999998,0.022199999999999998,0.024899999999999922,0.018942760185644447,0.018942760185644447,0.05363333333333342,0.05363333333333342
2004-02-29,0.010882074194421776,0.010882074194421776,0.010882074194421776,0.010882074194421776,0.010882074194421776,0.009323739507271167,0.009323739507271167,0.014599999999999946,0.014599999999999946,0.0014000000000000679,0.0014000000000000679,0.0014000000000000679,0.012483657014401572,0.012483657014401572,0.014599999999999946,0.014599999999999946,0.024499999999999966,0.012483657014401572,0.012483657014401572,0.029866666666666708,0.029866666666666708
2004-03-31,-0.015636661535590735,-0.015636661535590735,-0.015636661535590735,-0.015636661535590735,-0.015636661535590735,-0.013182502759943704,-0.013182502759943704,-0.012299999999999978,-0.012299999999999978,-0.0021999999999999797,-0.0021999999999999797,-0.0021999999999999797,-0.01033046861511111,-0.01033046861511111,-0.012299999999999978,-0.012299999999999978,0.012799999999999923,-0.01033046861511111,-0.01033046861511111,0.04633333333333334,0.04633333333333334
2004-04-30,0.009695704352192802,0.009695704352192802,0.009695704352192802,0.009695704352192802,0.009695704352192802,0.00834601981416605,0.00834601981416605,-0.017299999999999982,-0.017299999999999982,-0.047699999999999965,-0.047699999999999965,-0.047699999999999965,-0.014595054482933856,-0.014595054482933856,-0.017299999999999982,-0.017299999999999982,-0.02729999999999999,-0.014595054482933856,-0.014595054482933856,-0.021433333333333304,-0.021433333333333304
2004-05-31,-0.025628318549367535,-0.025628318549367535,-0.025628318549367535,-0.025628318549367535,-0.025628318549367535,-0.021673185715541776,-0.021673185715541776,0.012399999999999967,0.012399999999999967,0.0032000000000000917,0.006325600000000042,0.006325600000000042,0.010615799192933872,0.010615799192933872,0.012399999999999967,0.012399999999999967,0.0020999999999999908,0.010615799192933872,0.010615799192933872,-0.015700000000000047,-0.015700000000000047
2004-06-30,0.028591378153394187,0.028591378153394187,0.028591378153394187,0.028591378153394187,0.028591378153394187,0.024409014509260807,0.024409014509260807,0.019300000000000095,0.019300000000000095,0.04150000000000009,0.019300000000000095,0.019300000000000095,0.016515920345551605,0.016515920345551605,0.019300000000000095,0.019300000000000095,0.028899999999999926,0.016515920345551605,0.016515920345551605,0.04706666666666659,0.04706666666666659
2004-07-31,-0.022374063742049866,-0.022374063742049866,-0.022374063742049866,-0.022374063742049866,-0.022374063742049866,-0.018879529549837515,-0.018879529549837515,-0.03939999999999999,-0.03939999999999999,-0.07810000000000006,-0.08363140000000002,-0.08363140000000002,-0.033353458257937674,-0.033353458257937674,-0.03939999999999999,-0.03939999999999999,-0.034499999999999975,-0.033353458257937674,-0.033353458257937674,-0.037800000000000056,-0.037800000000000056
2004-08-31,-0.013861634840971915,-0.013861634840971915,-0.013861634840971915,-0.013861634840971915,-0.013861634840971915,-0.011634197731898777,-0.011634197731898777,0.0018000000000000238,-0.004906599999999872,-0.010499999999999954,0.015373417910877984,0.015373417910877984,0.0016629738629196922,-0.0011240469995733582,0.0018000000000000238,-0.004906599999999872,0.008199999999999985,0.0016629738629196922,-0.0011240469995733582,0.015373417910877984,0.015373417910877984
2004-09-30,0.02784052993430919,0.02784052993430919,0.02784052993430919,0.009660618019175393,0.009660618019175393,0.02383758749228604,0.02383758749228604,0.017099999999999893,0.001100000000000101,0.0492999999999999,0.015755148912651284,0.015755148912651284,0.014699457547606709,0.00789896696031045,0.017099999999999893,0.001100000000000101,0.027099999999999902,0.014699457547606709,0.00789896696031045,0.019247600000000142,0.019247600000000142
2004-10-31,0.0010329120165741834,-0.004633250000000144,0.0010329120165741834,0.005882764876544044,0.005882764876544044,0.001064323289778013,-0.0013434277197690303,0.015300000000000091,0.0092082,0.01970000000000005,0.005882764876544044,0.005882764876544044,0.013157778455898272,0.010609999165145156,0.015300000000000091,0.0092082,0.0383,0.013157778455898272,0.010609999165145156,0.03859999999999997,0.03859999999999997
2004-11-30,0.047745922630680226,0.04145944709489613,0.047745922630680226,0.04145944709489613,0.04145944709489613,0.040803762155461776,0.03814946253665252,0.04679999999999995,0.04679999999999995,0.09139999999999993,0.08485159999999992,0.08485159999999992,0.039993849280658855,0.039993849280658855,0.04679999999999995,0.04679999999999995,0.0625,0.039993849280658855,0.039993849280658855,0.07050000000000001,0.07050000000000001
2004-12-31,0.02728112649066694,-0.004285350000000077,0.02728112649066694,0.02728112649066694,0.02728112649066694,0.00934729815201818,0.00934729815201818,0.035800000000000054,0.035800000000000054,0.04499999999999993,0.04499999999999993,0.04499999999999993,0.030635656555963564,0.030635656555963564,0.035800000000000054,0.035800000000000054,0.04279999999999995,0.030635656555963564,0.030635656555963564,0.04039999999999999,0.04039999999999999
2005-01-31,-0.013473916624740845,-0.019393073124992388,-0.013473916624740845,-0.013473916624740845,-0.013473916624740845,-0.013671405376382006,-0.013671405376382006,-0.025900000000000034,-0.025900000000000034,-0.041000000000000036,-0.041000000000000036,-0.041000000000000036,-0.021799831712065898,-0.021799831712065898,-0.025900000000000034,-0.025900000000000034,-0.011299999999999977,-0.021799831712065898,-0.021799831712065898,0.02416666666666667,0.02416666666666667
2005-02-28,0.016830642104678883,0.016830642104678883,0.016830642104678883,0.016830642104678883,0.016830642104678883,0.014585287028929805,0.014585287028929805,0.020399999999999974,0.020399999999999974,0.014277600000000001,0.010599999999999943,0.010599999999999943,0.017558116139691826,0.017558116139691826,0.020399999999999974,0.020399999999999974,0.040899999999999936,0.017558116139691826,0.017558116139691826,0.04410000000000003,0.04410000000000003
2005-03-31,-0.002537587978515554,-0.002537587978515554,-0.002537587978515554,-0.002537587978515554,-0.002537587978515554,-0.0018506553258516023,-0.0018506553258516023,-0.017299999999999982,-0.017299999999999982,-0.017299999999999982,-0.034399999999999986,-0.034399999999999986,-0.014403930150966082,-0.014403930150966082,-0.017299999999999982,-0.017299999999999982,-0.019199999999999995,-0.014403930150966082,-0.014403930150966082,-0.016966666666666685,-0.016966666666666685
2005-04-30,-0.024072911726690238,-0.024072911726690238,-0.024072911726690238,-0.024072911726690238,-0.024072911726690238,-0.02012297026642962,-0.02012297026642962,-0.02400000000000002,-0.02400000000000002,-0.02400000000000002,-0.029855999999999994,-0.029855999999999994,-0.020099755246512307,-0.020099755246512307,-0.02400000000000002,-0.02400000000000002,-0.023700000000000054,-0.020099755246512307,-0.020099755246512307,-0.02193333333333336,-0.02193333333333336
2005-05-31,0.013375404465894913,0.013375404465894913,0.013375404465894913,0.013375404465894913,0.013375404465894913,0.011695776193155982,0.011695776193155982,0.038899999999999935,0.038899999999999935,0.038899999999999935,0.013741264072595794,0.013741264072595794,0.0334039431937847,0.0334039431937847,0.038899999999999935,0.038899999999999935,-0.0023999999999999577,0.0334039431937847,0.0334039431937847,-0.018100000000000005,-0.018100000000000005
2005-06-30,0.021823477158796623,0.021823477158796623,0.021823477158796623,0.021823477158796623,0.021823477158796623,0.01889643554176179,0.01889643554176179,0.008099999999999996,0.008099999999999996,0.008099999999999996,0.0020514000000000365,0.0020514000000000365,0.007202785272588885,0.007202785272588885,0.008099999999999996,0.008099999999999996,0.020999999999999908,0.007202785272588885,0.007202785272588885,0.0020514000000000365,0.0020514000000000365
2005-07-31,0.018090386081652365,0.018090386081652365,0.018090386081652365,0.018090386081652365,0.018090386081652365,0.015733239825961975,0.015733239825961975,0.04160000000000008,0.04160000000000008,0.0661643999999999,0.0661643999999999,0.0661643999999999,0.03571543749725481,0.03571543749725481,0.04160000000000008,0.04160000000000008,0.03420000000000001,0.03571543749725481,0.03571543749725481,0.028061066666666745,0.028061066666666745
2005-08-31,0.003112454727931313,0.003112454727931313,0.003112454727931313,0.003112454727931313,0.003112454727931313,0.0030362901074547644,0.0030362901074547644,-0.009000000000000008,-0.009000000000000008,-0.015000000000000013,-0.015000000000000013,-0.015000000000000013,-0.007228745304136197,-0.007228745304136197,-0.009000000000000008,-0.009000000000000008,0.034599999999999964,-0.007228745304136197,-0.007228745304136197,-0.014946000000000015,-0.014946000000000015
2005-09-30,0.0028091570214634487,0.0028091570214634487,0.0028091570214634487,0.0028091570214634487,0.0028091570214634487,0.0028174552657507235,0.0028174552657507235,0.00770000000000004,0.00770000000000004,0.0040999999999999925,0.0040999999999999925,0.0040999999999999925,0.006970688883561671,0.006970688883561671,0.00770000000000004,0.00770000000000004,0.037800000000000056,0.006970688883561671,0.006970688883561671,0.018883133333333246,0.018883133333333246
2005-10-31,-0.02622520229705083,-0.02622520229705083,-0.02622520229705083,-0.02622520229705083,-0.02622520229705083,-0.02186396486455422,-0.02186396486455422,-0.01770000000000005,-0.01770000000000005,-0.02939999999999998,-0.02939999999999998,-0.02939999999999998,-0.014643593161651647,-0.014643593161651647,-0.01770000000000005,-0.01770000000000005,-0.030200000000000005,-0.014643593161651647,-0.014643593161651647,-0.0208666666666667,-0.0208666666666667
2005-11-30,0.039632901551506006,0.039632901551506006,0.039632901551506006,0.039632901551506006,0.039632901551506006,0.034128200009710286,0.034128200009710286,0.0391999999999999,0.0391999999999999,0.045299999999999896,0.045299999999999896,0.045299999999999896,0.03376862705132133,0.03376862705132133,0.0391999999999999,0.0391999999999999,0.024799999999999933,0.03376862705132133,0.03376862705132133,0.023333333333333428,0.023333333333333428
2005-12-31,0.021458146445014092,-0.0027860666666665868,0.021458146445014092,0.003326106612790092,-0.0027860666666665868,0.018696887447054555,0.008373555102396235,0.0007999999999999119,0.0007999999999999119,-0.0052048000000001204,0.0035000000000000586,0.0035000000000000586,0.0011332550432248123,0.0011332550432248123,0.0007999999999999119,0.0007999999999999119,0.054300000000000015,0.0011332550432248123,0.0011332550432248123,0.07433333333333336,0.07433333333333336
2006-01-31,0.01468002743288599,0.008591947268288713,0.01468002743288599,0.008591947268288713,0.008591947268288713,0.012950410167765769,0.010407989031041787,0.03380000000000005,0.03380000000000005,0.03380000000000005,0.09220000000000006,0.09220000000000006,0.0292531124773463,0.0292531124773463,0.03380000000000005,0.03380000000000005,0.060899999999999954,0.0292531124773463,0.0292531124773463,0.06653333333333333,0.06653333333333333
2006-02-28,-0.00015423288905580534,-0.00015423288905580534,-0.00015423288905580534,-0.00015423288905580534,-0.00015423288905580534,0.00039026024246635593,0.00039026024246635593,0.00039999999999995595,0.00039999999999995595,-0.005105400000000149,0.0008999999999999009,0.0008999999999999009,0.000827460199294805,0.000827460199294805,0.00039999999999995595,0.00039999999999995595,-0.0018000000000000238,0.000827460199294805,0.000827460199294805,-0.009633333333333383,-0.009633333333333383
2006-03-31,0.01487356231804604,0.01487356231804604,0.01487356231804604,0.01487356231804604,0.01487356231804604,0.013193420895328156,0.013193420895328156,0.018399999999999972,0.018399999999999972,0.04909999999999992,0.04909999999999992,0.04909999999999992,0.01619266981313383,0.01619266981313383,0.018399999999999972,0.018399999999999972,0.03639999999999999,0.01619266981313383,0.01619266981313383,0.0437333333333334,0.0437333333333334
2006-04-30,0.007997485326779019,0.007997485326779019,0.007997485326779019,0.007997485326779019,0.007997485326779019,0.007353107638137457,0.007353107638137457,0.01089999999999991,0.01089999999999991,0.004899999999999904,0.004899999999999904,0.004899999999999904,0.00979382521353922,0.00979382521353922,0.01089999999999991,0.01089999999999991,0.04939999999999989,0.00979382521353922,0.00979382521353922,0.05126666666666657,0.05126666666666657
2006-05-31,-0.007852277352419668,-0.007852277352419668,-0.007852277352419668,-0.007852277352419668,-0.007852277352419668,-0.006102635366319942,-0.006102635366319942,-0.031299999999999994,-0.031299999999999994,-0.05579999999999996,-0.05579999999999996,-0.05579999999999996,-0.025965386709691507,-0.025965386709691507,-0.031299999999999994,-0.031299999999999994,-0.04239999999999999,-0.025965386709691507,-0.025965386709691507,-0.0557333333333333,-0.0557333333333333
2006-06-30,-0.027043718007353723,-0.027043718007353723,-0.027043718007353723,-0.027043718007353723,-0.027043718007353723,-0.022405953210943186,-0.022405953210943186,0.0004999999999999449,0.0004999999999999449,-0.0049000000000000155,-0.0049000000000000155,-0.0049000000000000155,0.000997011503788281,0.000997011503788281,0.0004999999999999449,0.0004999999999999449,-0.0039000000000000146,0.000997011503788281,0.000997011503788281,-0.024900000000000033,-0.024900000000000033
2006-07-31,0.007215036002032216,0.007215036002032216,0.007215036002032216,0.007215036002032216,0.007215036002032216,0.0067071270675127526,0.0067071270675127526,-0.0037000000000000366,-0.0037000000000000366,-0.0373,-0.0373,-0.0373,-0.002547667951112609,-0.002547667951112609,-0.0037000000000000366,-0.0037000000000000366,0.005900000000000016,-0.002547667951112609,-0.002547667951112609,-0.00967780000000007,-0.00967780000000007
2006-08-31,0.022932139909858318,-0.0018997500000000889,0.022932139909858318,0.014600619649917768,-0.0018997500000000889,0.020108570274138815,0.009534654402625575,0.024499999999999966,0.024499999999999966,0.030000000000000027,0.014600619649917768,-0.0018251999999999713,0.021448967767290217,0.021448967767290217,0.024499999999999966,0.024499999999999966,0.028799999999999937,0.021448967767290217,0.021448967767290217,0.014600619649917768,-0.0018251999999999713
2006-09-30,0.025325978583174757,0.004133333333333322,0.025325978583174757,0.016717955510015647,0.004133333333333322,0.022132665618110225,0.013112603745695894,0.022499999999999964,0.022499999999999964,0.008899999999999908,0.016364999999999963,0.016364999999999963,0.019724496573681805,0.019724496573681805,0.022499999999999964,0.022499999999999964,0.00029999999999996696,0.019724496573681805,0.019724496573681805,0.016364999999999963,0.016364999999999963
2006-10-31,0.03617557333009547,0.029958519890114887,0.03617557333009547,0.029958519890114887,0.029958519890114887,0.03133412898086063,0.028752175825954795,0.0363,0.0363,0.05820000000000003,0.0363,0.0363,0.031455762084727557,0.031455762084727557,0.0363,0.0363,0.03869999999999996,0.031455762084727557,0.031455762084727557,0.0363,0.0363
2006-11-30,0.0200323216320224,0.0200323216320224,0.0200323216320224,0.0200323216320224,0.0200323216320224,0.0176181925207175,0.0176181925207175,0.021200000000000108,0.021200000000000108,0.02429999999999999,0.021200000000000108,0.021200000000000108,0.018625673160198586,0.018625673160198586,0.021200000000000108,0.021200000000000108,0.031199999999999894,0.018625673160198586,0.018625673160198586,0.021200000000000108,0.021200000000000108
2006-12-31,0.02149825248684567,0.02149825248684567,0.02149825248684567,0.02149825248684567,0.02149825248684567,0.018878811434087428,0.018878811434087428,0.012499999999999956,0.012499999999999956,0.011600000000000055,0.012499999999999956,0.012499999999999956,0.011212089794212954,0.011212089794212954,0.012499999999999956,0.012499999999999956,0.03059999999999996,0.011212089794212954,0.011212089794212954,0.012499999999999956,0.012499999999999956
2007-01-31,0.006940228024016726,0.006940228024016726,0.006940228024016726,0.006940228024016726,0.006940228024016726,0.006492308543645686,0.006492308543645686,0.018199999999999994,0.018199999999999994,0.014799999999999924,0.00871120000000003,0.00871120000000003,0.016123465959282157,0.016123465959282157,0.018199999999999994,0.018199999999999994,0.010499999999999954,0.016123465959282157,0.016123465959282157,0.02057293333333332,0.02057293333333332
2007-02-28,0.015972378259621278,0.015972378259621278,0.015972378259621278,0.015972378259621278,0.015972378259621278,0.014196787171768532,0.014196787171768532,-0.015800000000000036,-0.015800000000000036,-0.02170520000000009,-0.00539999999999996,-0.00539999999999996,-0.012870255810752518,-0.012870255810752518,-0.015800000000000036,-0.015800000000000036,0.009300000000000086,-0.012870255810752518,-0.012870255810752518,0.01976666666666671,0.01976666666666671
2007-03-31,-0.024727182539682313,-0.024727182539682313,-0.024727182539682313,-0.024727182539682313,-0.024727182539682313,-0.020398090836263316,-0.020398090836263316,0.011400000000000077,0.011400000000000077,0.011400000000000077,0.008299999999999974,0.008299999999999974,0.010319653683378283,0.010319653683378283,0.011400000000000077,0.011400000000000077,0.029199999999999893,0.010319653683378283,0.010319653683378283,0.028733333333333277,0.028733333333333277
2007-04-30,0.041816024418461994,0.041816024418461994,0.041816024418461994,0.041816024418461994,0.041816024418461994,0.036137720735151646,0.036137720735151646,0.03929999999999989,0.03929999999999989,0.03929999999999989,0.016000000000000014,0.016000000000000014,0.034059440928951856,0.034059440928951856,0.03929999999999989,0.03929999999999989,0.04190000000000005,0.034059440928951856,0.034059440928951856,0.04043333333333332,0.04043333333333332
2007-05-31,0.033930436749777915,0.033930436749777915,0.033930436749777915,0.033930436749777915,0.033930436749777915,0.02942096803327021,0.02942096803327021,0.03639999999999999,0.03639999999999999,0.03639999999999999,0.03018159999999992,0.03018159999999992,0.03152836630563116,0.03152836630563116,0.03639999999999999,0.03639999999999999,0.0233000000000001,0.03152836630563116,0.03152836630563116,0.017066666666666563,0.017066666666666563
2007-06-30,0.003461514706336599,0.003461514706336599,0.003461514706336599,0.003461514706336599,0.003461514706336599,0.003511260637486302,0.003511260637486302,-0.015599999999999947,-0.015599999999999947,-0.015599999999999947,-0.015599999999999947,-0.015599999999999947,-0.012683650389683554,-0.012683650389683554,-0.015599999999999947,-0.015599999999999947,0.0040000000000000036,-0.012683650389683554,-0.012683650389683554,0.014399999999999968,0.014399999999999968
2007-07-31,0.005761055966115869,0.005761055966115869,0.005761055966115869,0.005761055966115869,0.005761055966115869,0.005472779545007134,0.005472779545007134,-0.03320000000000001,-0.03320000000000001,-0.03320000000000001,-0.03320000000000001,-0.03320000000000001,-0.027634766813579903,-0.027634766813579903,-0.03320000000000001,-0.03320000000000001,-0.010099999999999998,-0.027634766813579903,-0.027634766813579903,0.005433333333333401,0.005433333333333401
2007-08-31,-0.04199628243824716,-0.04199628243824716,-0.04199628243824716,-0.04199628243824716,-0.04199628243824716,-0.03509574916299296,-0.03509574916299296,0.013600000000000056,0.013600000000000056,0.013600000000000056,0.02413810554385809,-0.0018251999999999713,0.012160376907155435,0.012160376907155435,0.013600000000000056,0.013600000000000056,-0.02180000000000004,0.012160376907155435,0.012160376907155435,-0.06356666666666666,-0.06356666666666666
2007-09-30,0.030762902567909922,0.030762902567909922,0.030762902567909922,0.030762902567909922,0.030762902567909922,0.026636013977601403,0.026636013977601403,0.0354000000000001,0.0354000000000001,0.0354000000000001,0.029187600000000202,0.029187600000000202,0.030562678421175882,0.030562678421175882,0.0354000000000001,0.0354000000000001,0.05610000000000004,0.030562678421175882,0.030562678421175882,0.029187600000000202,0.029187600000000202
2007-10-31,0.0299302438459621,0.0299302438459621,0.0299302438459621,-0.003048802047255883,-0.003048802047255883,0.025906116313406002,0.025906116313406002,0.021099999999999897,0.021099999999999897,0.021099999999999897,0.021099999999999897,0.021099999999999897,0.018390657532535437,0.018390657532535437,0.021099999999999897,0.021099999999999897,0.04620000000000002,0.018390657532535437,0.018390657532535437,0.021099999999999897,0.021099999999999897
2007-11-30,-0.04804956938544891,-0.04804956938544891,-0.04804956938544891,-0.05376127196913627,-0.05376127196913627,-0.040373731682847636,-0.040373731682847636,-0.04459999999999997,-0.04459999999999997,-0.04459999999999997,-0.04459999999999997,-0.04459999999999997,-0.03741294301743403,-0.03741294301743403,-0.04459999999999997,-0.04459999999999997,-0.04269999999999996,-0.03741294301743403,-0.03741294301743403,-0.04459999999999997,-0.04459999999999997
2007-12-31,0.012396444784598337,0.012396444784598337,0.012396444784598337,0.012396444784598337,0.012396444784598337,0.010904385996177046,0.010904385996177046,-0.006000000000000005,-0.006000000000000005,-0.006000000000000005,0.0014816693676971138,0.0014816693676971138,-0.00473296758736752,-0.00473296758736752,-0.006000000000000005,-0.006000000000000005,-0.017800000000000038,-0.00473296758736752,-0.00473296758736752,0.0014816693676971138,0.0014816693676971138
2008-01-31,-0.06634126994857659,-0.003515000000000046,-0.06634126994857659,0.02700669916040832,0.02700669916040832,-0.056021988055638294,-0.029246430723907535,-0.06120000000000003,-0.003912600000000044,-0.06120000000000003,0.03320593476902256,0.03320593476902256,-0.05171134114906728,-0.027282732581740632,-0.06120000000000003,-0.003912600000000044,-0.0867,-0.05171134114906728,-0.027282732581740632,0.03320593476902256,0.03320593476902256
2008-02-29,-0.015628173141083335,0.002291666666666581,-0.015628173141083335,0.0031166666666668785,0.0031166666666668785,-0.012995263827639936,-0.0054274266864680065,-0.02959999999999996,0.0013000000000000789,-0.002902033333333165,0.0031166666666668785,0.0031166666666668785,-0.025014789972906626,-0.011926548034149165,-0.02959999999999996,0.0013000000000000789,-0.002902033333333165,-0.025014789972906626,-0.011926548034149165,0.0031166666666668785,0.0031166666666668785
2008-03-31,-0.02625467141989002,0.0017666666666666941,0.016220972406053358,0.02235510302419863,0.02235510302419863,-0.022065052843384114,-0.010168549711221941,-0.00770000000000004,0.0017000000000000348,0.02235510302419863,0.02235510302419863,0.02235510302419863,-0.006314091251939713,-0.0023407444159498914,-0.00770000000000004,0.0017000000000000348,0.02235510302419863,-0.006314091251939713,-0.0023407444159498914,0.02235510302419863,0.02235510302419863
2008-04-30,0.04244667351756504,0.0010499999999999954,-0.011181732963435831,-0.011181732963435831,-0.011181732963435831,0.0362144584976003,0.01860130513019742,0.047900000000000054,0.0018000000000000238,-0.011181732963435831,-0.011181732963435831,-0.011181732963435831,0.01328478156863877,0.0132707478063665,0.047900000000000054,0.0018000000000000238,-0.011181732963435831,0.01328478156863877,0.0132707478063665,-0.011181732963435831,-0.011181732963435831
2008-05-31,0.025634352529505744,0.0010749999999999371,-0.01337498213697963,-0.01337498213697963,-0.01337498213697963,0.002777059968102069,0.002807785136660579,0.020499999999999963,0.0018000000000000238,-0.01337498213697963,-0.01337498213697963,-0.01337498213697963,0.003217480550432583,0.003217480550432583,0.020499999999999963,0.0018000000000000238,-0.01337498213697963,0.003217480550432583,0.003217480550432583,-0.01337498213697963,-0.01337498213697963
2008-06-30,-0.04245770442268504,0.0014416666666665634,-0.014668053539101611,-0.014668053539101611,-0.014668053539101611,-0.024112354730501107,-0.024112354730501107,-0.0826,0.0017000000000000348,-0.014668053539101611,-0.08810439999999997,-0.08810439999999997,-0.041125847107443936,-0.041125847107443936,-0.0826,0.0017000000000000348,-0.014668053539101611,-0.041125847107443936,-0.041125847107443936,-0.08810439999999997,-0.08810439999999997
2008-07-31,-0.06078181629905777,0.0015499999999999403,0.010770696263059598,-0.06641712540126343,-0.06641712540126343,-0.021069280675387825,-0.021069280675387825,-0.006000000000000005,0.0015000000000000568,0.010770696263059598,0.004706072085481239,0.004706072085481239,-0.007522432274808422,-0.0043033248010059255,-0.006000000000000005,0.0015000000000000568,0.010770696263059598,-0.007522432274808422,-0.0043033248010059255,0.004706072085481239,0.004706072085481239
2008-08-31,0.02110844231647846,0.0013583333333333503,0.01320205221510351,0.0071228399018128385,0.0071228399018128385,0.015444210488027466,0.007093641256264771,0.016599999999999948,0.0013000000000000789,0.01320205221510351,0.032368399999999964,0.032368399999999964,0.014299151915651231,0.007791398588250509,0.016599999999999948,0.0013000000000000789,0.01320205221510351,0.014299151915651231,0.007791398588250509,0.01320205221510351,0.01320205221510351
2008-09-30,-0.04847232735322193,0.0014333333333333975,0.01983004998402338,0.01983004998402338,0.01983004998402338,-0.04100070958499347,-0.01980468420455872,-0.09199999999999997,0.0015000000000000568,0.01983004998402338,-0.08130000000000004,-0.08130000000000004,-0.07798563964154026,-0.03825890877727933,-0.09199999999999997,0.0015000000000000568,0.01983004998402338,-0.07798563964154026,-0.03825890877727933,0.01983004998402338,0.01983004998402338
2008-10-31,-0.20194635039328757,0.0009416666666666185,-0.006822299133704024,-0.006822299133704024,-0.006822299133704024,-0.17154612946576686,-0.08535402446623919,-0.17120000000000002,0.0007999999999999119,-0.006822299133704024,-0.01278136533890184,-0.01278136533890184,-0.14546629690247015,-0.07243223893808248,-0.17120000000000002,0.0007999999999999119,-0.006822299133704024,-0.14546629690247015,-0.07243223893808248,-0.006822299133704024,-0.006822299133704024
2008-11-30,-0.08606666896045512,0.0005583333333334384,0.026573705738829112,0.026573705738829112,0.026573705738829112,-0.07324656981400368,-0.03657072229181968,-0.07709999999999995,0.00029999999999996696,0.026573705738829112,0.026573705738829112,0.026573705738829112,-0.02392403193959214,-0.024190056295842033,-0.07709999999999995,0.00029999999999996696,0.026573705738829112,-0.02392403193959214,-0.024190056295842033,0.026573705738829112,0.026573705738829112
2008-12-31,-0.003526642809687619,0.00015833333333326038,0.1007174876584529,0.1007174876584529,0.1007174876584529,0.0386744679201203,0.038537228617984365,0.01770000000000005,0.0,0.1007174876584529,0.1007174876584529,0.1007174876584529,0.05017506067842059,0.05017506067842059,0.01770000000000005,0.0,0.1007174876584529,0.05017506067842059,0.05017506067842059,0.1007174876584529,0.1007174876584529
2009-01-31,-0.010991334558953625,2.4999999999941735e-05,-0.006749889604010795,-0.006749889604010795,-0.006749889604010795,-0.007680602221816546,-0.007680602221816546,-0.08089999999999997,0.0,-0.006749889604010795,-0.006749889604010795,-0.006749889604010795,-0.03736898355425344,-0.03736898355425344,-0.08089999999999997,0.0,-0.006749889604010795,-0.03736898355425344,-0.03736898355425344,-0.006749889604010795,-0.006749889604010795
2009-02-28,-0.06706132817815158,0.00010833333333337691,-0.02807505722591197,-0.02807505722591197,-0.02807505722591197,-0.04042523232058515,-0.04042523232058515,-0.10129999999999995,9.999999999998899e-05,-0.02807505722591197,-0.02807505722591197,-0.02807505722591197,-0.05507865533327849,-0.05507865533327849,-0.10129999999999995,9.999999999998899e-05,-0.02807505722591197,-0.05507865533327849,-0.05507865533327849,-0.02807505722591197,-0.02807505722591197
2009-03-31,-0.056913345669353355,0.0002500000000000835,0.006712652602768321,0.006712652602768321,0.006712652602768321,-0.021367092044454417,-0.021367092044454417,0.09030000000000005,0.00019999999999997797,0.006712652602768321,0.006712652602768321,0.006712652602768321,0.041130204155738204,0.041130204155738204,0.09030000000000005,0.00019999999999997797,0.006712652602768321,0.041130204155738204,0.041130204155738204,0.006712652602768321,0.006712652602768321
2009-04-30,0.12315623179345403,0.00017500000000003624,-0.007106591203650425,-0.007106591203650425,-0.007106591203650425,0.049249972008345466,0.049249972008345466,0.10179999999999989,9.999999999998899e-05,-0.007106591203650425,-0.007106591203650425,-0.007106591203650425,0.04013476787804415,0.04013476787804415,0.10179999999999989,9.999999999998899e-05,-0.007106591203650425,0.04013476787804415,0.04013476787804415,-0.007106591203650425,-0.007106591203650425
2009-05-31,0.06654352283073606,0.00013333333333331865,-0.027984245500816796,-0.027984245500816796,-0.027984245500816796,0.016225388319889067,0.016225388319889067,0.052100000000000035,0.0,-0.027984245500816796,0.03564860000000003,0.03564860000000003,0.010096795110819068,0.010096795110819068,0.052100000000000035,0.0,-0.027984245500816796,0.010096795110819068,0.010096795110819068,0.15506113333333316,0.15506113333333316
2009-06-30,0.028637204818209083,0.0001500000000000945,-0.032873285973665234,0.022465381589299893,0.022465381589299893,-0.0019033934352091775,-0.0019033934352091775,0.0042999999999999705,-0.0017257999999999996,-0.032873285973665234,0.036799999999999944,0.036799999999999944,0.0012075018420274475,0.0012075018420274475,0.0042999999999999705,-0.0017257999999999996,-0.032873285973665234,0.0012075018420274475,0.0012075018420274475,0.018299999999999983,0.018299999999999983
2009-07-31,0.012725732686428959,0.0001500000000000945,0.016451863007615808,0.012725732686428959,0.012725732686428959,-0.004949026598109363,-0.004949026598109363,0.0774999999999999,0.0774999999999999,0.016451863007615808,0.10529999999999995,0.10529999999999995,0.06588658781813739,0.06588658781813739,0.0774999999999999,0.0774999999999999,0.016451863007615808,0.06588658781813739,0.06588658781813739,0.0665,0.0665
2009-08-31,0.0811572857078402,0.07467034199359324,0.00046671534577247265,0.0811572857078402,0.0811572857078402,0.06355426126812058,0.06355426126812058,0.033400000000000096,0.033400000000000096,0.00046671534577247265,0.04519999999999991,0.04519999999999991,0.028347871320253404,0.028347871320253404,0.033400000000000096,0.033400000000000096,0.00046671534577247265,0.028347871320253404,0.028347871320253404,0.062133333333333374,0.062133333333333374
2009-09-30,0.036456940634295165,0.036456940634295165,0.01896674108695473,0.036456940634295165,0.036456940634295165,0.03094988163531487,0.03094988163531487,0.040899999999999936,0.040899999999999936,0.01896674108695473,0.07240000000000002,0.07240000000000002,0.03475436758562056,0.03475436758562056,0.040899999999999936,0.040899999999999936,0.01896674108695473,0.03475436758562056,0.03475436758562056,0.05899999999999994,0.05899999999999994
2009-10-31,0.02399145831006444,0.02399145831006444,0.0036745227795020874,0.02399145831006444,0.02399145831006444,0.020380244053907814,0.020380244053907814,-0.02529999999999999,-0.02529999999999999,0.0036745227795020874,-0.08289999999999997,-0.08289999999999997,-0.02153451427930575,-0.02153451427930575,-0.02529999999999999,-0.02529999999999999,0.0036745227795020874,-0.02153451427930575,-0.02153451427930575,-0.006299999999999972,-0.006299999999999972
2009-11-30,0.020904491026065175,0.020904491026065175,0.0019842066094584165,0.020904491026065175,0.020904491026065175,0.01775933751670311,0.01775933751670311,0.05630000000000002,0.05630000000000002,0.01914820000000006,0.04996219999999996,0.04996219999999996,0.0478342735684929,0.0478342735684929,0.05630000000000002,0.05630000000000002,0.017060800000000098,0.0478342735684929,0.0478342735684929,0.004466666666666619,0.004466666666666619
2009-12-31,0.022220537281608888,0.022220537281608888,0.01608721405791913,0.022220537281608888,0.022220537281608888,0.018877741890215516,0.018877741890215516,0.028100000000000014,0.028100000000000014,0.08790000000000009,0.028100000000000014,0.028100000000000014,0.023857915111298755,0.023857915111298755,0.028100000000000014,0.028100000000000014,0.012399999999999967,0.023857915111298755,0.023857915111298755,0.021931399999999934,0.021931399999999934
2010-01-31,0.013556920453658083,0.013556920453658083,0.013556920453658083,0.013556920453658083,0.013556920453658083,0.011512788177729938,0.011512788177729938,-0.033499999999999974,-0.033499999999999974,-0.03049999999999997,-0.03631699999999993,-0.03631699999999993,-0.028495324314386283,-0.028495324314386283,-0.033499999999999974,-0.033499999999999974,-0.040100000000000025,-0.028495324314386283,-0.028495324314386283,-0.033499999999999974,-0.033499999999999974
2010-02-28,-0.02899734182998359,-0.02899734182998359,-0.02899734182998359,-0.02899734182998359,-0.02899734182998359,-0.02465021002074863,-0.02465021002074863,0.03390000000000004,0.03390000000000004,0.048899999999999944,0.048899999999999944,0.048899999999999944,0.028787861268199544,0.028787861268199544,0.03390000000000004,0.03390000000000004,-0.0021999999999999797,0.028787861268199544,0.028787861268199544,0.03390000000000004,0.03390000000000004
2010-03-31,0.059417349149803345,0.059417349149803345,0.059417349149803345,0.059417349149803345,0.059417349149803345,0.05049456325052093,0.05049456325052093,0.06309999999999993,0.06309999999999993,0.0818000000000001,0.0818000000000001,0.0818000000000001,0.053623440480285556,0.053623440480285556,0.06309999999999993,0.06309999999999993,0.06329999999999991,0.053623440480285556,0.053623440480285556,0.06309999999999993,0.06309999999999993
2010-04-30,0.04088267773871701,0.04088267773871701,0.04088267773871701,0.04088267773871701,0.04088267773871701,0.0347243223341509,0.0347243223341509,0.020000000000000018,0.020000000000000018,0.07489999999999997,0.07489999999999997,0.07489999999999997,0.016968480721373247,0.016968480721373247,0.020000000000000018,0.020000000000000018,-0.00649999999999995,0.016968480721373247,0.016968480721373247,0.020000000000000018,0.020000000000000018
2010-05-31,-0.058820718122325255,-0.058820718122325255,-0.058820718122325255,-0.058820718122325255,-0.058820718122325255,-0.050006236444811836,-0.050006236444811836,-0.07889999999999997,-0.07889999999999997,-0.08179999999999998,-0.08179999999999998,-0.08179999999999998,-0.06706396514734303,-0.06706396514734303,-0.07889999999999997,-0.07889999999999997,-0.08442660000000002,-0.06706396514734303,-0.06706396514734303,-0.07889999999999997,-0.07889999999999997
2010-06-30,-0.03543218435757489,-0.03543218435757489,-0.03543218435757489,-0.03543218435757489,-0.03543218435757489,-0.03014340031679341,-0.03014340031679341,-0.055499999999999994,-0.055499999999999994,-0.0827,-0.0827,-0.0827,-0.04722172344219944,-0.04722172344219944,-0.055499999999999994,-0.055499999999999994,-0.055499999999999994,-0.04722172344219944,-0.04722172344219944,0.015393665741477047,0.015393665741477047
2010-07-31,-0.0015827815520437216,-0.0015827815520437216,-0.0015827815520437216,-0.0015827815520437216,-0.0015827815520437216,-0.0013583789093335463,-0.0013583789093335463,0.06929999999999992,-0.005900600000000034,0.06269999999999998,0.01282525177553362,0.01282525177553362,0.0348708590198592,0.0348708590198592,0.06929999999999992,-0.005900600000000034,0.06929999999999992,0.0348708590198592,0.0348708590198592,0.018938885086049906,0.018938885086049906
2010-08-31,0.008644090469428267,-0.00586746666666671,0.008644090469428267,0.02327530753981777,0.02327530753981777,0.013619509144706443,0.013619509144706443,-0.047699999999999965,-0.053413799999999956,-0.08509999999999995,-0.09058939999999993,-0.09058939999999993,-0.04293283911814927,-0.04293283911814927,-0.047699999999999965,-0.053413799999999956,-0.047699999999999965,-0.04293283911814927,-0.04293283911814927,-0.032771733333333386,-0.032771733333333386
2010-09-30,0.033719465087189926,0.00013333333333331865,0.033719465087189926,0.006606134301998967,0.006606134301998967,0.01712458326655497,0.01712458326655497,0.09559999999999991,-0.005900600000000034,0.1201000000000001,0.0005664974961869795,0.0005664974961869795,0.040791802930299825,0.040791802930299825,0.09559999999999991,-0.005900600000000034,0.09559999999999991,0.040791802930299825,0.040791802930299825,0.10676666666666668,0.10676666666666668
2010-10-31,0.045783772596923455,0.00012499999999993072,0.045783772596923455,0.011842324885444233,0.011842324885444233,0.024467305441595588,0.024467305441595588,0.038799999999999946,0.03256719999999991,0.03256719999999991,0.03256719999999991,0.03256719999999991,0.030453879592176714,0.030453879592176714,0.038799999999999946,0.03256719999999991,0.038799999999999946,0.030453879592176714,0.030453879592176714,0.0348666666666666,0.0348666666666666
2010-11-30,0.024918154211501564,0.018768645286232566,0.024918154211501564,0.018768645286232566,0.018768645286232566,0.01862482724829695,0.01862482724829695,0.006000000000000005,0.006000000000000005,0.029088199999999897,0.006000000000000005,0.006000000000000005,0.005086193537110484,0.005086193537110484,0.006000000000000005,0.006000000000000005,0.006000000000000005,0.005086193537110484,0.005086193537110484,-0.019000000000000017,-0.019000000000000017
2010-12-31,0.0371461657588823,0.0371461657588823,0.0371461657588823,0.0371461657588823,0.0371461657588823,0.03157256818406218,0.03157256818406218,0.06830000000000003,0.06830000000000003,0.08909999999999996,0.08256540000000001,0.08256540000000001,0.05806524870393437,0.05806524870393437,0.06830000000000003,0.06830000000000003,0.06830000000000003,0.05806524870393437,0.05806524870393437,0.10220000000000007,0.10220000000000007
2011-01-31,0.03463759322055138,0.03463759322055138,0.03463759322055138,0.03463759322055138,0.03463759322055138,0.029431185223373735,0.029431185223373735,0.01990000000000003,0.01990000000000003,-0.005299999999999971,-0.005299999999999971,-0.005299999999999971,0.016879855596614535,0.016879855596614535,0.01990000000000003,0.01990000000000003,0.01990000000000003,0.016879855596614535,0.016879855596614535,0.01543333333333341,0.01543333333333341
2011-02-28,0.031523799375930306,0.031523799375930306,0.031523799375930306,0.031523799375930306,0.031523799375930306,0.026787638824539828,0.026787638824539828,0.03489999999999993,0.03489999999999993,0.054300000000000015,0.054300000000000015,0.054300000000000015,0.02966466309091076,0.02966466309091076,0.03489999999999993,0.03489999999999993,0.03489999999999993,0.02966466309091076,0.02966466309091076,0.02976666666666672,0.02976666666666672
2011-03-31,-0.011109891607121058,-0.011109891607121058,-0.011109891607121058,-0.011109891607121058,-0.011109891607121058,-0.009450330164928689,-0.009450330164928689,0.0045999999999999375,0.0045999999999999375,0.02950000000000008,0.02950000000000008,0.02950000000000008,0.003899043886110176,0.003899043886110176,0.0045999999999999375,0.0045999999999999375,0.0045999999999999375,0.003899043886110176,0.003899043886110176,-0.008033333333333337,-0.008033333333333337
2011-04-30,0.02222920664610517,0.02222920664610517,0.02222920664610517,0.02222920664610517,0.02222920664610517,0.018898498228043792,0.018898498228043792,0.028999999999999915,0.028999999999999915,0.013100000000000112,0.013100000000000112,0.013100000000000112,0.02464648643312506,0.02464648643312506,0.028999999999999915,0.028999999999999915,0.028999999999999915,0.02464648643312506,0.02464648643312506,0.022826000000000013,0.022826000000000013
2011-05-31,0.006611332664084868,0.006611332664084868,0.006611332664084868,0.006611332664084868,0.006611332664084868,0.005610411984035224,0.005610411984035224,-0.012700000000000045,-0.012700000000000045,-0.02959999999999996,-0.02959999999999996,-0.02959999999999996,-0.010816417569828651,-0.010816417569828651,-0.012700000000000045,-0.012700000000000045,-0.03353379999999995,-0.010816417569828651,-0.010816417569828651,-0.034494666666666673,-0.034494666666666673
2011-06-30,-0.03660711394719196,-0.03660711394719196,-0.03660711394719196,-0.03660711394719196,-0.03660711394719196,-0.031115882902127634,-0.031115882902127634,-0.01739999999999997,-0.01739999999999997,-0.023295599999999972,-0.023295599999999972,-0.023295599999999972,-0.01479967626301415,-0.01479967626301415,-0.01739999999999997,-0.01739999999999997,-0.013800000000000034,-0.01479967626301415,-0.01479967626301415,-0.023295599999999972,-0.023295599999999972
2011-07-31,0.031035482810141124,0.031035482810141124,0.031035482810141124,0.031035482810141124,0.031035482810141124,0.026355467082079587,0.026355467082079587,-0.023499999999999965,-0.023499999999999965,-0.038404400000000005,-0.023499999999999965,-0.023499999999999965,-0.01998824094637175,-0.01998824094637175,-0.023499999999999965,-0.023499999999999965,-0.011800000000000033,-0.01998824094637175,-0.01998824094637175,-0.023499999999999965,-0.023499999999999965
2011-08-31,-0.1039888619745093,-0.1039888619745093,-0.1039888619745093,-0.1039888619745093,-0.1039888619745093,-0.08840659732047706,-0.08840659732047706,-0.0595,-0.0595,-0.10370000000000001,0.05812933502205042,0.05812933502205042,-0.05057741645121294,-0.05057741645121294,-0.0595,-0.0595,-0.06514299999999995,-0.05057741645121294,-0.05057741645121294,0.05812933502205042,0.05812933502205042
2011-09-30,-0.007872764649472619,-0.007872764649472619,-0.007872764649472619,-0.007872764649472619,-0.007872764649472619,-0.00677605838415829,-0.00677605838415829,-0.07579999999999998,-0.006000000000000005,-0.11139999999999994,0.030707364784810398,0.030707364784810398,-0.06447492793497211,-0.0346363767865584,-0.07579999999999998,-0.006000000000000005,-0.07579999999999998,-0.06447492793497211,-0.0346363767865584,0.030707364784810398,0.030707364784810398
2011-10-31,0.030218638664561315,-0.005991716666666647,0.030218638664561315,-0.01943905080111652,-0.01943905080111652,0.025680860728716004,0.010271105554023663,0.11329999999999996,0.0,0.10662020000000005,-0.013520171832109185,-0.013520171832109185,0.09623705058089205,0.04803212873663387,0.11329999999999996,0.0,0.11329999999999996,0.09623705058089205,0.04803212873663387,-0.013520171832109185,-0.013520171832109185
2011-11-30,0.017699986562331294,1.6666666666775853e-05,0.017699986562331294,0.014369363579847194,0.014369363579847194,0.01502461742702521,0.007488014236020524,-0.0027000000000000357,0.0,-0.0027000000000000357,0.014369363579847194,0.014369363579847194,-0.0023738791276356475,-0.0013058123593862048,-0.0027000000000000357,0.0,-0.0027000000000000357,-0.0023738791276356475,-0.0013058123593862048,0.014369363579847194,0.014369363579847194
2011-12-31,0.015575822312095644,8.333333333387927e-06,0.015575822312095644,0.0043741279485760565,0.0043741279485760565,0.013227195305005601,0.006598611337001126,0.007500000000000062,0.0,0.007500000000000062,0.0043741279485760565,0.0043741279485760565,0.0024836357919806318,0.0024796523675210125,0.007500000000000062,0.0,0.007500000000000062,0.0024836357919806318,0.0024796523675210125,0.0043741279485760565,0.0043741279485760565
2012-01-31,0.04784613418553163,8.333333333387927e-06,0.04784613418553163,0.002550144020880829,0.002550144020880829,0.018803042823098526,0.018815048083719033,0.05049999999999999,0.0,0.05049999999999999,0.04419700000000004,0.04419700000000004,0.02253994585875252,0.02253994585875252,0.05049999999999999,0.0,0.05049999999999999,0.02253994585875252,0.02253994585875252,0.04419700000000004,0.04419700000000004
2012-02-29,0.04164573583409825,2.4999999999941735e-05,0.04164573583409825,0.03539586141909368,0.03539586141909368,0.018333707736159166,0.018333707736159166,0.04420000000000002,0.037934799999999935,0.04420000000000002,0.018054800000000037,0.018054800000000037,0.03497593589659531,0.03497593589659531,0.04420000000000002,0.037934799999999935,0.04420000000000002,0.03497593589659531,0.03497593589659531,0.04420000000000002,0.04420000000000002
2012-03-31,0.028857268199148578,0.022684124589953614,0.028857268199148578,0.028857268199148578,0.028857268199148578,0.021970344805404496,0.021970344805404496,0.031199999999999894,0.031199999999999894,0.031199999999999894,0.025012799999999835,0.025012799999999835,0.02648654710452325,0.02648654710452325,0.031199999999999894,0.031199999999999894,0.031199999999999894,0.02648654710452325,0.02648654710452325,0.031199999999999894,0.031199999999999894
2012-04-30,-0.0003627083073397541,-0.0003627083073397541,-0.0003627083073397541,-0.0003627083073397541,-0.0003627083073397541,-0.0003197866968560614,-0.0003197866968560614,-0.008499999999999952,-0.008499999999999952,-0.008499999999999952,-0.025780600000000042,-0.025780600000000042,-0.007248083382398796,-0.007248083382398796,-0.008499999999999952,-0.008499999999999952,-0.008499999999999952,-0.007248083382398796,-0.007248083382398796,-0.008499999999999952,-0.008499999999999952
2012-05-31,-0.03089008781146152,-0.03089008781146152,-0.03089008781146152,-0.03089008781146152,-0.03089008781146152,-0.026246894585777003,-0.026246894585777003,-0.06159999999999999,-0.06159999999999999,-0.06159999999999999,-0.06723040000000002,-0.06723040000000002,-0.052351206972010234,-0.052351206972010234,-0.06159999999999999,-0.06159999999999999,-0.06159999999999999,-0.052351206972010234,-0.052351206972010234,-0.06159999999999999,-0.06159999999999999
2012-06-30,-0.011504022307216477,-0.011504022307216477,-0.011504022307216477,-0.011504022307216477,-0.011504022307216477,-0.009791251661413813,-0.009791251661413813,0.038899999999999935,0.038899999999999935,0.01187186124916706,0.01187186124916706,0.01187186124916706,0.03301354542577983,0.03301354542577983,0.038899999999999935,0.038899999999999935,0.01187186124916706,0.03301354542577983,0.03301354542577983,0.01187186124916706,0.01187186124916706
2012-07-31,0.029237523632981377,0.029237523632981377,0.029237523632981377,0.029237523632981377,0.029237523632981377,0.0248539773566403,0.0248539773566403,0.007900000000000018,0.007900000000000018,0.001852600000000093,-0.0255818000000001,-0.0255818000000001,0.0066860005388553745,0.0066860005388553745,0.007900000000000018,0.007900000000000018,0.001852600000000093,0.0066860005388553745,0.0066860005388553745,0.001852600000000093,0.001852600000000093
2012-08-31,0.033902951621259225,0.033902951621259225,0.033902951621259225,0.033902951621259225,0.033902951621259225,0.028807613196375925,0.028807613196375925,0.025500000000000078,0.025500000000000078,0.025500000000000078,0.019347000000000003,0.019347000000000003,0.021683866602250745,0.021683866602250745,0.025500000000000078,0.025500000000000078,0.025500000000000078,0.021683866602250745,0.021683866602250745,0.025500000000000078,0.025500000000000078
2012-09-30,0.030236797415891914,0.030236797415891914,0.030236797415891914,0.030236797415891914,0.030236797415891914,0.025687984159440402,0.025687984159440402,0.02740000000000009,0.02740000000000009,0.02740000000000009,0.02740000000000009,0.02740000000000009,0.02328553828514024,0.02328553828514024,0.02740000000000009,0.02740000000000009,0.02740000000000009,0.02328553828514024,0.02328553828514024,0.02740000000000009,0.02740000000000009
2012-10-31,-0.002139401945071784,-0.002139401945071784,-0.002139401945071784,-0.002139401945071784,-0.002139401945071784,-0.0018271901860534845,-0.0018271901860534845,-0.01749999999999996,-0.01749999999999996,-0.036416400000000015,-0.036416400000000015,-0.036416400000000015,-0.014880105595428517,-0.014880105595428517,-0.01749999999999996,-0.01749999999999996,-0.01749999999999996,-0.014880105595428517,-0.014880105595428517,-0.01749999999999996,-0.01749999999999996
2012-11-30,-0.028342869374779034,-0.028342869374779034,-0.028342869374779034,-0.028342869374779034,-0.028342869374779034,-0.024080607650439623,-0.024080607650439623,0.007900000000000018,0.007900000000000018,0.001852600000000093,0.001852600000000093,0.001852600000000093,0.006716240927461925,0.006716240927461925,0.007900000000000018,0.007900000000000018,0.007900000000000018,0.006716240927461925,0.006716240927461925,-0.008418733333333317,-0.008418733333333317
2012-12-31,0.02178841791501429,0.02178841791501429,0.02178841791501429,0.02178841791501429,0.02178841791501429,0.018508709714027072,0.018508709714027072,0.011900000000000022,0.011900000000000022,0.011900000000000022,0.030777999999999972,0.030777999999999972,0.01012401284782416,0.01012401284782416,0.011900000000000022,0.011900000000000022,0.011900000000000022,0.01012401284782416,0.01012401284782416,0.03866666666666663,0.03866666666666663
2013-01-31,0.042704410180452346,0.042704410180452346,0.042704410180452346,0.042704410180452346,0.042704410180452346,0.03629059798646961,0.03629059798646961,0.05570000000000008,0.05570000000000008,0.053838800000000075,0.06020000000000003,0.06020000000000003,0.04733564042913785,0.04733564042913785,0.05570000000000008,0.05570000000000008,0.0462844,0.04733564042913785,0.04733564042913785,0.055566666666666764,0.055566666666666764
2013-02-28,0.023346355339397773,0.023346355339397773,0.023346355339397773,0.023346355339397773,0.023346355339397773,0.019821045792993708,0.019821045792993708,0.012799999999999923,0.012799999999999923,0.006723199999999929,0.011300000000000088,0.011300000000000088,0.010838873053062636,0.010838873053062636,0.012799999999999923,0.012799999999999923,0.006723199999999929,0.010838873053062636,0.010838873053062636,-0.001966666666666672,-0.001966666666666672
2013-03-31,0.027240336527122766,0.027240336527122766,0.027240336527122766,0.027240336527122766,0.027240336527122766,0.023148912826900014,0.023148912826900014,0.04039999999999999,0.04039999999999999,0.04379939999999993,0.05010000000000003,0.05010000000000003,0.03432998075213689,0.03432998075213689,0.04039999999999999,0.04039999999999999,0.04039999999999999,0.03432998075213689,0.03432998075213689,0.02086666666666659,0.02086666666666659
2013-04-30,0.014558691510710986,0.014558691510710986,0.014558691510710986,0.014558691510710986,0.014558691510710986,0.012365581574624862,0.012365581574624862,0.015600000000000058,0.015600000000000058,-0.0032999999999999696,-0.0032999999999999696,-0.0032999999999999696,0.013229723868785959,0.013229723868785959,0.015600000000000058,0.015600000000000058,0.015600000000000058,0.013229723868785959,0.013229723868785959,0.009506400000000026,0.009506400000000026
2013-05-31,0.04576321243889825,0.04576321243889825,0.04576321243889825,0.04576321243889825,0.04576321243889825,0.038894860300847434,0.038894860300847434,0.028000000000000025,0.028000000000000025,0.06040000000000001,0.021832000000000074,0.021832000000000074,0.023787941861713735,0.023787941861713735,0.028000000000000025,0.028000000000000025,-0.020810600000000012,0.023787941861713735,0.023787941861713735,-0.026045666666666634,-0.026045666666666634
2013-06-30,-0.01115810079032109,-0.01115810079032109,-0.01115810079032109,-0.01115810079032109,-0.01115810079032109,-0.009512727571764135,-0.009512727571764135,-0.01200000000000001,-0.01200000000000001,0.00770000000000004,0.0016537999999999276,0.0016537999999999276,-0.01022070865012692,-0.01022070865012692,-0.01200000000000001,-0.01200000000000001,-0.03739999999999999,-0.01022070865012692,-0.01022070865012692,-0.017928000000000055,-0.017928000000000055
2013-07-31,0.032564162227424864,0.032564162227424864,0.032564162227424864,0.032564162227424864,0.032564162227424864,0.027676905213449787,0.027676905213449787,0.056499999999999995,0.056499999999999995,0.07960000000000012,0.07960000000000012,0.07960000000000012,0.048015279986360904,0.048015279986360904,0.056499999999999995,0.056499999999999995,0.0501609999999999,0.048015279986360904,0.048015279986360904,0.056499999999999995,0.056499999999999995
2013-08-31,0.002544093401836811,0.002544093401836811,0.002544093401836811,0.002544093401836811,0.002544093401836811,0.0021432174667059822,0.0021432174667059822,-0.027100000000000013,-0.027100000000000013,-0.029100000000000015,-0.029100000000000015,-0.029100000000000015,-0.023075291853450586,-0.023075291853450586,-0.027100000000000013,-0.027100000000000013,-0.027100000000000013,-0.023075291853450586,-0.023075291853450586,-0.027100000000000013,-0.027100000000000013
2013-09-30,0.011943468116489164,0.011943468116489164,0.011943468116489164,0.011943468116489164,0.011943468116489164,0.010155011855129237,0.010155011855129237,0.03770000000000007,0.03770000000000007,0.06869999999999998,0.06869999999999998,0.06869999999999998,0.032023099685334344,0.032023099685334344,0.03770000000000007,0.03770000000000007,0.03770000000000007,0.032023099685334344,0.032023099685334344,0.03770000000000007,0.03770000000000007
2013-10-31,0.021185212844915036,0.021185212844915036,0.021185212844915036,0.021185212844915036,0.021185212844915036,0.018000748833980396,0.018000748833980396,0.04170000000000007,0.04170000000000007,0.021400000000000086,0.021400000000000086,0.021400000000000086,0.03541606448699186,0.03541606448699186,0.04170000000000007,0.04170000000000007,0.026801999999999992,0.03541606448699186,0.03541606448699186,0.014078800000000058,0.014078800000000058
2013-11-30,0.038609468697897276,0.038609468697897276,0.038609468697897276,0.038609468697897276,0.038609468697897276,0.03280786879663844,0.03280786879663844,0.031099999999999905,0.031099999999999905,0.049900000000000055,0.049900000000000055,0.049900000000000055,0.026403377084521562,0.026403377084521562,0.031099999999999905,0.031099999999999905,0.024913399999999974,0.026403377084521562,0.026403377084521562,0.002266666666666639,0.002266666666666639
2013-12-31,0.015225805607574694,0.015225805607574694,0.015225805607574694,0.015225805607574694,0.015225805607574694,0.012921748121186516,0.012921748121186516,0.028100000000000014,0.028100000000000014,0.022699999999999942,0.022699999999999942,0.022699999999999942,0.02386126760586138,0.02386126760586138,0.028100000000000014,0.028100000000000014,0.028100000000000014,0.02386126760586138,0.02386126760586138,0.021931399999999934,0.021931399999999934
2014-01-31,0.009697130058844428,0.009697130058844428,0.009697130058844428,0.009697130058844428,0.009697130058844428,0.008239761263974854,0.008239761263974854,-0.03320000000000001,-0.03320000000000001,-0.01749999999999996,-0.01749999999999996,-0.01749999999999996,-0.028240402553773136,-0.028240402553773136,-0.03320000000000001,-0.03320000000000001,-0.03320000000000001,-0.028240402553773136,-0.028240402553773136,-0.03320000000000001,-0.03320000000000001
2014-02-28,-0.0012814579873229315,-0.0012814579873229315,-0.0012814579873229315,-0.0012814579873229315,-0.0012814579873229315,-0.0010915446947171725,-0.0010915446947171725,0.046599999999999975,0.046599999999999975,0.0472999999999999,0.0472999999999999,0.0472999999999999,0.039582829225977,0.039582829225977,0.046599999999999975,0.046599999999999975,0.046599999999999975,0.039582829225977,0.039582829225977,0.03018159999999992,0.03018159999999992
2014-03-31,0.027241649422504288,0.027241649422504288,0.027241649422504288,0.027241649422504288,0.027241649422504288,0.023160621780408563,0.023160621780408563,0.0042999999999999705,0.0042999999999999705,-0.0028000000000000247,-0.0028000000000000247,-0.0028000000000000247,0.0036205839236878035,0.0036205839236878035,0.0042999999999999705,0.0042999999999999705,0.0042999999999999705,0.0036205839236878035,0.0036205839236878035,0.0008666666666665712,0.0008666666666665712
2014-04-30,0.0020343817673600384,0.0020343817673600384,0.0020343817673600384,0.0020343817673600384,0.0020343817673600384,0.0017151022585368825,0.0017151022585368825,-0.0018000000000000238,-0.0018000000000000238,-0.05010000000000003,-0.05010000000000003,-0.05010000000000003,-0.0015332725060553942,-0.0015332725060553942,-0.0018000000000000238,-0.0018000000000000238,-0.0018000000000000238,-0.0015332725060553942,-0.0015332725060553942,-0.007789200000000052,-0.007789200000000052
2014-05-31,0.015337482730710894,0.015337482730710894,0.015337482730710894,0.015337482730710894,0.015337482730710894,0.013039068690054556,0.013039068690054556,0.020499999999999963,0.020499999999999963,-0.005700000000000038,0.014376999999999862,0.014376999999999862,0.017423596858969104,0.017423596858969104,0.020499999999999963,0.020499999999999963,0.020499999999999963,0.017423596858969104,0.017423596858969104,0.020499999999999963,0.020499999999999963
2014-06-30,0.03198008223222937,0.03198008223222937,0.03198008223222937,0.03198008223222937,0.03198008223222937,0.027174942271844138,0.027174942271844138,0.026000000000000023,0.026000000000000023,0.019843999999999973,0.026000000000000023,0.026000000000000023,0.022084245439958794,0.022084245439958794,0.026000000000000023,0.026000000000000023,0.026000000000000023,0.022084245439958794,0.022084245439958794,0.026000000000000023,0.026000000000000023
2014-07-31,0.014974055299618039,0.014974055299618039,0.014974055299618039,0.014974055299618039,0.014974055299618039,0.01270884534912442,0.01270884534912442,-0.020299999999999985,-0.020299999999999985,-0.07379080000000005,-0.020299999999999985,-0.020299999999999985,-0.017274124154241344,-0.017274124154241344,-0.020299999999999985,-0.020299999999999985,-0.020299999999999985,-0.017274124154241344,-0.017274124154241344,-0.019684066666666666,-0.019684066666666666
2014-08-31,-0.004253881371107826,-0.004253881371107826,-0.004253881371107826,-0.004253881371107826,-0.004253881371107826,-0.0036232943489540315,-0.0036232943489540315,0.04239999999999999,0.04239999999999999,0.0361456,0.04239999999999999,0.04239999999999999,0.03602362832354289,0.03602362832354289,0.04239999999999999,0.04239999999999999,-0.008286200000000021,0.03602362832354289,0.03602362832354289,0.0361456,0.0361456
2014-09-30,0.01779605715946242,0.01779605715946242,0.01779605715946242,0.01779605715946242,0.01779605715946242,0.015127063668406215,0.015127063668406215,-0.01959999999999995,-0.01959999999999995,-0.01959999999999995,-0.01959999999999995,-0.01959999999999995,-0.01669078608571095,-0.01669078608571095,-0.01959999999999995,-0.01959999999999995,-0.025482399999999905,-0.01669078608571095,-0.01669078608571095,-0.01959999999999995,-0.01959999999999995
2014-10-31,-0.026452597598426553,-0.026452597598426553,-0.026452597598426553,-0.026452597598426553,-0.026452597598426553,-0.022495299100750765,-0.022495299100750765,0.0250999999999999,0.0250999999999999,0.0250999999999999,0.0250999999999999,0.0250999999999999,0.021319426651015938,0.021319426651015938,0.0250999999999999,0.0250999999999999,0.0250999999999999,0.021319426651015938,0.021319426651015938,0.0250999999999999,0.0250999999999999
2014-11-30,0.057070143954006,0.057070143954006,0.057070143954006,0.057070143954006,0.057070143954006,0.0484904027475348,0.0484904027475348,0.025600000000000067,0.025600000000000067,0.025600000000000067,0.025600000000000067,0.025600000000000067,0.021740790509832797,0.021740790509832797,0.025600000000000067,0.025600000000000067,0.025600000000000067,0.021740790509832797,0.021740790509832797,0.025600000000000067,0.025600000000000067
2014-12-31,0.006351783830666813,0.006351783830666813,0.006351783830666813,0.006351783830666813,0.006351783830666813,0.005359664890420168,0.005359664890420168,-0.0004999999999999449,-0.0004999999999999449,-0.0004999999999999449,-0.0004999999999999449,-0.0004999999999999449,-0.00044415878171000234,-0.00044415878171000234,-0.0004999999999999449,-0.0004999999999999449,-0.0004999999999999449,-0.00044415878171000234,-0.00044415878171000234,-0.0004999999999999449,-0.0004999999999999449
2015-01-31,-0.01108193069936203,-0.01108193069936203,-0.01108193069936203,-0.01108193069936203,-0.01108193069936203,-0.009420666034331227,-0.009420666034331227,-0.031000000000000028,-0.031000000000000028,-0.031000000000000028,-0.048841400000000035,-0.048841400000000035,-0.02635037257947126,-0.02635037257947126,-0.031000000000000028,-0.031000000000000028,-0.031000000000000028,-0.02635037257947126,-0.02635037257947126,-0.031000000000000028,-0.031000000000000028
2015-02-28,0.028292744124179148,0.028292744124179148,0.028292744124179148,0.028292744124179148,0.028292744124179148,0.02404379862547823,0.02404379862547823,0.06129999999999991,0.06129999999999991,0.06129999999999991,0.054932199999999876,0.054932199999999876,0.05207937408712082,0.05207937408712082,0.06129999999999991,0.06129999999999991,0.06129999999999991,0.05207937408712082,0.05207937408712082,0.06129999999999991,0.06129999999999991
2015-03-31,0.00057191111964916,0.00057191111964916,0.00057191111964916,0.00057191111964916,0.00057191111964916,0.0004674972253828624,0.0004674972253828624,-0.011099999999999999,-0.011099999999999999,-0.011099999999999999,0.010202199999999939,0.010202199999999939,-0.009479151534678043,-0.009479151534678043,-0.011099999999999999,-0.011099999999999999,-0.011099999999999999,-0.009479151534678043,-0.009479151534678043,-0.011099999999999999,-0.011099999999999999
2015-04-30,0.008796516649919761,0.008796516649919761,0.008796516649919761,0.008796516649919761,0.008796516649919761,0.007480361421869697,0.007480361421869697,0.005900000000000016,0.005900000000000016,0.005900000000000016,-0.02400000000000002,-0.02400000000000002,0.005006384629103078,0.005006384629103078,0.005900000000000016,0.005900000000000016,0.005900000000000016,0.005006384629103078,0.005006384629103078,0.005900000000000016,0.005900000000000016
2015-05-31,0.009801370974671375,0.009801370974671375,0.009801370974671375,0.009801370974671375,0.009801370974671375,0.008326949437749587,0.008326949437749587,0.013700000000000045,0.013700000000000045,0.013700000000000045,0.007617800000000008,0.007617800000000008,0.011640456724817394,0.011640456724817394,0.013700000000000045,0.013700000000000045,0.013700000000000045,0.011640456724817394,0.011640456724817394,0.007452133333333499,0.007452133333333499
2015-06-30,-0.004342768576127476,-0.004342768576127476,-0.004342768576127476,-0.004342768576127476,-0.004342768576127476,-0.0036962493401260232,-0.0036962493401260232,-0.015199999999999991,-0.015199999999999991,-0.015199999999999991,0.017557800000000068,0.017557800000000068,-0.012930226010053003,-0.012930226010053003,-0.015199999999999991,-0.015199999999999991,-0.015199999999999991,-0.012930226010053003,-0.012930226010053003,-0.007133333333333325,-0.007133333333333325
2015-07-31,-0.0007861123416860183,-0.0007861123416860183,-0.0007861123416860183,-0.0007861123416860183,-0.0007861123416860183,-0.0006690405778575492,-0.0006690405778575492,0.015700000000000047,0.015700000000000047,0.015700000000000047,-0.037900000000000045,-0.037900000000000045,0.013333062593042122,0.013333062593042122,0.015700000000000047,0.015700000000000047,0.015700000000000047,0.013333062593042122,0.013333062593042122,-0.01970000000000005,-0.01970000000000005
2015-08-31,-0.02423376130005095,-0.02423376130005095,-0.02423376130005095,-0.02423376130005095,-0.02423376130005095,-0.02059554898376137,-0.02059554898376137,-0.06020000000000003,-0.06020000000000003,-0.06020000000000003,-0.06583880000000009,-0.06583880000000009,-0.05118124584688821,-0.05118124584688821,-0.06020000000000003,-0.06020000000000003,-0.06020000000000003,-0.05118124584688821,-0.05118124584688821,-0.06583880000000009,-0.06583880000000009
2015-09-30,-0.045060469539725534,-0.045060469539725534,-0.045060469539725534,-0.045060469539725534,-0.045060469539725534,-0.038310871721752626,-0.038310871721752626,-0.03059999999999996,-0.006000000000000005,-0.06921840000000001,-0.0042025166666666,-0.0042025166666666,-0.01475525536458333,-0.01475525536458333,-0.03059999999999996,-0.006000000000000005,-0.03059999999999996,-0.01475525536458333,-0.01475525536458333,-0.0042025166666666,-0.0042025166666666
2015-10-31,0.04318376496955101,-0.005983433333333177,0.04318376496955101,0.004701833306075542,0.004701833306075542,0.020322858767625185,0.020322858767625185,0.0774999999999999,0.0,0.004701833306075542,0.010766431897460293,0.010766431897460293,0.037464048035229736,0.037464048035229736,0.0774999999999999,0.0,0.004701833306075542,0.037464048035229736,0.037464048035229736,0.010766431897460293,0.010766431897460293
2015-11-30,0.02933677179038474,1.6666666666775853e-05,-0.021049569488810094,-0.015140411960573585,-0.015140411960573585,0.005985162207854167,0.005985162207854167,0.005700000000000038,-0.0003341999999999512,-0.0003341999999999512,-0.0003341999999999512,-0.0003341999999999512,0.0023487020404693304,0.0023487020404693304,0.005700000000000038,-0.0003341999999999512,-0.0003341999999999512,0.0023487020404693304,0.0023487020404693304,-0.0003341999999999512,-0.0003341999999999512
2015-12-31,-0.011017949777790914,9.999999999998899e-05,-0.016951842079124146,0.003660347433518396,0.003660347433518396,-0.003170857801939486,-0.003170857801939486,-0.021399999999999975,-0.021399999999999975,-0.0559982,-0.021399999999999975,-0.021399999999999975,-0.018179260605279968,-0.018179260605279968,-0.021399999999999975,-0.021399999999999975,-0.021399999999999975,-0.018179260605279968,-0.018179260605279968,-0.021399999999999975,-0.021399999999999975
2016-01-31,-0.06418959123089407,-0.06980445368350874,-0.06418959123089407,-0.06980445368350874,-0.06980445368350874,-0.05696246525703197,-0.05696246525703197,-0.05730000000000002,-0.005900600000000034,-0.06295620000000002,-0.05730000000000002,-0.05730000000000002,-0.020343393900244977,-0.020343393900244977,-0.05730000000000002,-0.005900600000000034,-0.05730000000000002,-0.020343393900244977,-0.020343393900244977,-0.05730000000000002,-0.05730000000000002
2016-02-29,-0.005491996478914185,-0.005784633333333233,-0.005491996478914185,-0.005491996478914185,-0.005491996478914185,0.007831007377319343,0.007831007377319343,-0.00039999999999995595,0.00019999999999997797,0.02372444765645554,0.02372444765645554,0.02372444765645554,0.012465403867479186,0.012465403867479186,-0.00039999999999995595,0.00019999999999997797,0.02372444765645554,0.012465403867479186,0.012465403867479186,0.02372444765645554,0.02372444765645554
2016-03-31,0.06363442237881745,0.00025833333333324937,-0.014405879075374606,-0.014405879075374606,-0.014405879075374606,0.023438957229816815,0.023438957229816815,0.0697000000000001,0.00019999999999997797,-0.00845661878810322,-0.00845661878810322,-0.00845661878810322,0.02601364459140787,0.02601364459140787,0.0697000000000001,0.00019999999999997797,-0.00845661878810322,0.02601364459140787,0.02601364459140787,-0.00845661878810322,-0.00845661878810322
2016-04-30,0.02832057062626525,0.00024166666666669556,0.00883210787796962,0.00883210787796962,0.00883210787796962,0.015724534820085845,0.015724534820085845,0.009300000000000086,0.0032442000000001414,0.00883210787796962,0.0032442000000001414,0.0032442000000001414,0.005436261510766149,0.005436261510766149,0.009300000000000086,0.0032442000000001414,0.00883210787796962,0.005436261510766149,0.005436261510766149,0.032799133333333286,0.032799133333333286
2016-05-31,-0.0030358899906099968,-0.009017674650666385,0.0015083333333332227,-0.009017674650666385,-0.009017674650666385,-0.005077737394444282,-0.005077737394444282,0.017900000000000027,0.017900000000000027,0.0015083333333332227,0.006325600000000042,0.006325600000000042,0.015222910956484759,0.015222910956484759,0.017900000000000027,0.017900000000000027,0.0015083333333332227,0.015222910956484759,0.015222910956484759,-0.005733333333333368,-0.005733333333333368
2016-06-30,0.010672702185858363,0.010672702185858363,0.00460866597274312,0.010672702185858363,0.010672702185858363,0.009103048920677814,0.009103048920677814,-9.999999999998899e-05,-9.999999999998899e-05,0.01705741094509916,-0.006099399999999977,-0.006099399999999977,-6.841198651053038e-05,-6.841198651053038e-05,-9.999999999998899e-05,-9.999999999998899e-05,0.01705741094509916,-6.841198651053038e-05,-6.841198651053038e-05,-0.024366666666666648,-0.024366666666666648
2016-07-31,0.03298198721301682,0.03298198721301682,0.008173749089841698,0.03298198721301682,0.03298198721301682,0.02806029644571506,0.02806029644571506,0.03960000000000008,0.03960000000000008,0.033362400000000125,0.03960000000000008,0.03960000000000008,0.0336897627550965,0.0336897627550965,0.03960000000000008,0.03960000000000008,0.033362400000000125,0.0336897627550965,0.0336897627550965,0.033362400000000125,0.033362400000000125
2016-08-31,0.011999937952750894,0.011999937952750894,0.005927938325034354,0.011999937952750894,0.011999937952750894,0.01021282279378144,0.01021282279378144,0.0051000000000001044,0.0051000000000001044,0.0051000000000001044,0.015867999999999993,0.015867999999999993,0.004335714077271735,0.004335714077271735,0.0051000000000001044,0.0051000000000001044,0.0051000000000001044,0.004335714077271735,0.004335714077271735,0.0051000000000001044,0.0051000000000001044
2016-09-30,-0.004379419148299091,-0.004379419148299091,-0.004379419148299091,-0.004379419148299091,-0.004379419148299091,-0.0036938711019750547,-0.0036938711019750547,0.0028999999999999027,0.0028999999999999027,0.0028999999999999027,0.034399999999999986,0.034399999999999986,0.002491258479230485,0.002491258479230485,0.0028999999999999027,0.0028999999999999027,0.0028999999999999027,0.002491258479230485,0.002491258479230485,0.0028999999999999027,0.0028999999999999027
2016-10-31,-0.005051183853513885,-0.005051183853513885,-0.005051183853513885,-0.005051183853513885,-0.005051183853513885,-0.00426079574701288,-0.00426079574701288,-0.01990000000000003,-0.01990000000000003,-0.06494420000000001,-0.05930000000000002,-0.05930000000000002,-0.016887025570234804,-0.016887025570234804,-0.01990000000000003,-0.01990000000000003,-0.01990000000000003,-0.016887025570234804,-0.016887025570234804,-0.01839186666666659,-0.01839186666666659
2016-11-30,0.012020290161651292,0.012020290161651292,0.012020290161651292,0.012020290161651292,0.012020290161651292,0.010254388580738238,0.010254388580738238,0.048699999999999966,0.048699999999999966,0.042407799999999884,0.042407799999999884,0.042407799999999884,0.041393711731725125,0.041393711731725125,0.048699999999999966,0.048699999999999966,0.048699999999999966,0.041393711731725125,0.041393711731725125,-0.02400000000000002,-0.02400000000000002
2016-12-31,0.03946823464927496,0.03946823464927496,0.03946823464927496,0.03946823464927496,0.03946823464927496,0.033595056669912804,0.033595056669912804,0.018399999999999972,0.018399999999999972,0.028392399999999984,0.028392399999999984,0.028392399999999984,0.015648739398877565,0.015648739398877565,0.018399999999999972,0.018399999999999972,0.018399999999999972,0.015648739398877565,0.015648739398877565,0.0122895999999999,0.0122895999999999
2017-01-31,0.01438475504298542,0.01438475504298542,0.01438475504298542,0.01438475504298542,0.01438475504298542,0.012261502146009962,0.012261502146009962,0.01980000000000004,0.01980000000000004,-0.0050000000000000044,-0.0050000000000000044,-0.0050000000000000044,0.016876137072630915,0.016876137072630915,0.01980000000000004,0.01980000000000004,0.01980000000000004,0.016876137072630915,0.016876137072630915,0.01980000000000004,0.01980000000000004
2017-02-28,0.025772755332075237,0.025772755332075237,0.025772755332075237,0.025772755332075237,0.025772755332075237,0.02195981070211661,0.02195981070211661,0.03590000000000004,0.03590000000000004,0.015900000000000025,0.015900000000000025,0.015900000000000025,0.030559959274282456,0.030559959274282456,0.03590000000000004,0.03590000000000004,0.03590000000000004,0.030559959274282456,0.030559959274282456,0.03590000000000004,0.03590000000000004
2017-03-31,0.01750067599177685,0.01750067599177685,0.01750067599177685,0.01750067599177685,0.01750067599177685,0.014921316948852237,0.014921316948852237,0.0020000000000000018,0.0020000000000000018,0.007200000000000095,-0.0040120000000000156,-0.0040120000000000156,0.0017186022222184238,0.0017186022222184238,0.0020000000000000018,0.0020000000000000018,0.0020000000000000018,0.0017186022222184238,0.0017186022222184238,0.0020000000000000018,0.0020000000000000018
2017-04-30,-0.0015301825515535716,-0.0015301825515535716,-0.0015301825515535716,-0.0015301825515535716,-0.0015301825515535716,-0.0012210039435778253,-0.0012210039435778253,0.011300000000000088,0.011300000000000088,0.014699999999999935,0.011300000000000088,0.011300000000000088,0.009678689198508561,0.009678689198508561,0.011300000000000088,0.011300000000000088,0.011300000000000088,0.009678689198508561,0.009678689198508561,0.01566920000000005,0.01566920000000005
2017-05-31,0.01693362324860548,0.01693362324860548,0.01693362324860548,0.01693362324860548,0.01693362324860548,0.014491911602887653,0.014491911602887653,0.011300000000000088,0.011300000000000088,-0.023599999999999954,-0.029458399999999996,-0.029458399999999996,0.009686737877258045,0.009686737877258045,0.011300000000000088,0.011300000000000088,0.011300000000000088,0.009686737877258045,0.009686737877258045,0.00523220000000002,0.00523220000000002
2017-06-30,0.017774020498048326,0.017774020498048326,0.017774020498048326,0.017774020498048326,0.017774020498048326,0.01520671430118048,0.01520671430118048,0.008499999999999952,0.008499999999999952,0.0512999999999999,0.0024489999999999235,0.0024489999999999235,0.007306833794430423,0.007306833794430423,0.008499999999999952,0.008499999999999952,0.008499999999999952,0.007306833794430423,0.007306833794430423,0.011361866666666831,0.011361866666666831
2017-07-31,0.009889682738585037,0.009889682738585037,0.009889682738585037,0.009889682738585037,0.009889682738585037,0.008515786445005835,0.008515786445005835,0.019500000000000073,0.019500000000000073,-0.0040000000000000036,-0.009975999999999985,-0.009975999999999985,0.01667390031362581,0.01667390031362581,0.019500000000000073,0.019500000000000073,0.026603199999999827,0.01667390031362581,0.01667390031362581,0.03513333333333324,0.03513333333333324
2017-08-31,0.0024888055815892596,0.0024888055815892596,0.0024888055815892596,0.0024888055815892596,0.0024888055815892596,0.002242337103556702,0.002242337103556702,0.0026999999999999247,0.0026999999999999247,-0.014100000000000001,-0.0033162000000001024,-0.0033162000000001024,0.002415819581126799,0.002415819581126799,0.0026999999999999247,0.0026999999999999247,0.0033000000000000806,0.002415819581126799,0.002415819581126799,0.0076666666666667105,0.0076666666666667105
2017-09-30,0.016543374236292818,0.016543374236292818,0.016543374236292818,0.016543374236292818,0.016543374236292818,0.014186881735253065,0.014186881735253065,0.025800000000000045,0.025800000000000045,0.08010000000000006,0.025800000000000045,0.025800000000000045,0.02206359602814656,0.02206359602814656,0.025800000000000045,0.025800000000000045,0.022399999999999975,0.02206359602814656,0.02206359602814656,0.022266666666666657,0.022266666666666657
2017-10-31,0.027356460012586625,0.027356460012586625,0.027356460012586625,0.027356460012586625,0.027356460012586625,0.023369620317293727,0.023369620317293727,0.023500000000000076,0.023500000000000076,-9.999999999998899e-05,-0.006099399999999977,-0.006099399999999977,0.02009098793586017,0.02009098793586017,0.023500000000000076,0.023500000000000076,0.014999999999999902,0.02009098793586017,0.02009098793586017,0.014633333333333276,0.014633333333333276
2017-11-30,0.01590394559596775,0.01590394559596775,0.01590394559596775,0.01590394559596775,0.01590394559596775,0.013632025413570226,0.013632025413570226,0.03200000000000003,0.03200000000000003,0.028999999999999915,0.025808000000000053,0.025808000000000053,0.027302588803677974,0.027302588803677974,0.03200000000000003,0.03200000000000003,0.025808000000000053,0.027302588803677974,0.027302588803677974,0.009800000000000031,0.009800000000000031
2017-12-31,0.028843002610261292,0.028843002610261292,0.028843002610261292,0.028843002610261292,0.028843002610261292,0.024658692992249875,0.024658692992249875,0.011500000000000066,0.011500000000000066,0.005430999999999964,-0.0044096000000000135,-0.0044096000000000135,0.009886536491181097,0.009886536491181097,0.011500000000000066,0.011500000000000066,0.01268720000000001,0.009886536491181097,0.009886536491181097,0.005430999999999964,0.005430999999999964
2018-01-31,0.04863013812885075,0.04863013812885075,0.04863013812885075,0.04863013812885075,0.04863013812885075,0.041478987098655606,0.041478987098655606,0.05689999999999995,0.05689999999999995,0.05689999999999995,0.05055860000000001,0.05055860000000001,0.04852158090347647,0.04852158090347647,0.05689999999999995,0.05689999999999995,0.04830000000000001,0.04852158090347647,0.04852158090347647,0.04538980000000015,0.04538980000000015
2018-02-28,-0.028856210321727693,-0.028856210321727693,-0.028856210321727693,-0.028856210321727693,-0.028856210321727693,-0.02438559031885612,-0.02438559031885612,-0.0353,-0.0353,-0.0353,-0.0353,-0.0353,-0.02987949645686816,-0.02987949645686816,-0.0353,-0.0353,-0.04190000000000005,-0.02987949645686816,-0.02987949645686816,-0.04108820000000002,-0.04108820000000002
2018-03-31,0.0006567695318080435,0.0006567695318080435,0.0006567695318080435,0.0006567695318080435,0.0006567695318080435,0.0007309390471450516,0.0007309390471450516,-0.022299999999999986,-0.022299999999999986,-0.022299999999999986,-0.022299999999999986,-0.022299999999999986,-0.018803163592963967,-0.018803163592963967,-0.022299999999999986,-0.022299999999999986,-0.011199999999999988,-0.018803163592963967,-0.018803163592963967,-0.02104253333333339,-0.02104253333333339
2018-04-30,-0.01662954425768126,-0.01662954425768126,-0.01662954425768126,-0.01662954425768126,-0.01662954425768126,-0.013923103755098198,-0.013923103755098198,0.0040999999999999925,0.0040999999999999925,0.0040999999999999925,0.010202199999999939,0.010202199999999939,0.003676610816211845,0.003676610816211845,0.0040999999999999925,0.0040999999999999925,0.01849999999999996,0.003676610816211845,0.003676610816211845,-6.666666666665932e-05,-6.666666666665932e-05
2018-05-31,0.019626574415674725,0.019626574415674725,0.019626574415674725,0.019626574415674725,0.019626574415674725,0.016888351340778485,0.016888351340778485,0.028000000000000025,0.028000000000000025,0.06328180000000017,0.0697000000000001,0.0697000000000001,0.024007892693841404,0.024007892693841404,0.028000000000000025,0.028000000000000025,-0.015900000000000025,0.024007892693841404,0.024007892693841404,-0.0007666666666666933,-0.0007666666666666933
2018-06-30,0.0211398771295348,0.0211398771295348,0.0211398771295348,0.002110391215298657,-0.004459300000000055,0.018187485487129562,0.018187485487129562,0.006299999999999972,0.006299999999999972,0.013800000000000034,0.013800000000000034,0.013800000000000034,0.005545017536757513,0.005545017536757513,0.006299999999999972,0.006299999999999972,0.0002621999999998792,0.005545017536757513,0.005545017536757513,0.0002621999999998792,0.0002621999999998792
2018-07-31,0.015821034605866258,0.015821034605866258,0.015821034605866258,0.00972610839823096,0.00972610839823096,0.01367045962733937,0.01367045962733937,0.033600000000000074,0.033600000000000074,0.00649999999999995,0.00649999999999995,0.00649999999999995,0.02879616488561143,0.02879616488561143,0.033600000000000074,0.033600000000000074,0.033600000000000074,0.02879616488561143,0.02879616488561143,0.033600000000000074,0.033600000000000074
2018-08-31,0.024521472582962334,0.024521472582962334,0.024521472582962334,0.024521472582962334,0.024521472582962334,0.021077280311700308,0.021077280311700308,0.03610000000000002,0.03610000000000002,0.04630000000000001,0.04630000000000001,0.04630000000000001,0.030900469436236477,0.030900469436236477,0.03610000000000002,0.03610000000000002,0.03610000000000002,0.030900469436236477,0.030900469436236477,0.03610000000000002,0.03610000000000002
2018-09-30,0.01681059922131789,0.01681059922131789,0.01681059922131789,0.01681059922131789,0.01681059922131789,0.014525362152448373,0.014525362152448373,0.0020999999999999908,0.0020999999999999908,-0.028800000000000048,-0.028800000000000048,-0.028800000000000048,0.001984347746999182,0.001984347746999182,0.0020999999999999908,0.0020999999999999908,0.0020999999999999908,0.001984347746999182,0.001984347746999182,0.0020999999999999908,0.0020999999999999908
2018-10-31,-0.03847636280084987,-0.03847636280084987,-0.03847636280084987,-0.03847636280084987,-0.03847636280084987,-0.032449688766890694,-0.032449688766890694,-0.0746,-0.0746,-0.08015240000000001,-0.08015240000000001,-0.08015240000000001,-0.06312542916300734,-0.06312542916300734,-0.0746,-0.0746,-0.0746,-0.06312542916300734,-0.06312542916300734,-0.0746,-0.0746
2018-11-30,-0.020747022035857765,-0.020747022035857765,-0.020747022035857765,-0.020747022035857765,-0.020747022035857765,-0.017384991095813707,-0.017384991095813707,0.018899999999999917,-0.004210799999999959,0.018899999999999917,-0.0008501422857023488,-0.004210799999999959,-0.0032466019180786843,-0.0032466019180786843,0.018899999999999917,-0.004210799999999959,0.018899999999999917,-0.0032466019180786843,-0.0032466019180786843,-0.0008501422857023488,-0.004210799999999959
2018-12-31,-0.0556107392079751,-0.0556107392079751,-0.0556107392079751,-0.0556107392079751,-0.0556107392079751,-0.0469946624485974,-0.0469946624485974,-0.09360000000000002,-0.09903839999999997,-0.09360000000000002,0.0276497972023233,0.0019000000000000128,-0.08397069749999997,-0.08397069749999997,-0.09360000000000002,-0.09903839999999997,-0.09360000000000002,-0.08397069749999997,-0.08397069749999997,0.0276497972023233,0.0019000000000000128
2019-01-31,0.017369239484995358,-0.004036849999999981,0.017369239484995358,0.006706476480579759,-0.004036849999999981,-0.00308878339087848,-0.00308878339087848,0.0858000000000001,-0.003912600000000044,0.006706476480579759,0.012783175533782387,0.006706476480579759,0.039555206835372614,0.039555206835372614,0.0858000000000001,-0.003912600000000044,0.006706476480579759,0.039555206835372614,0.039555206835372614,0.012783175533782387,0.006706476480579759
2019-02-28,0.058301703150575035,0.00197500000000006,-0.0011609344262463184,0.004868275225104357,-0.0011609344262463184,0.02190505900653439,0.02190505900653439,0.03600000000000003,0.0018000000000000238,0.004868275225104357,0.029784000000000033,0.029784000000000033,0.017530490424007894,0.017530490424007894,0.03600000000000003,0.0018000000000000238,0.004868275225104357,0.017530490424007894,0.017530490424007894,0.029784000000000033,0.029784000000000033
2019-03-31,0.019492218600339895,0.001991666666666614,0.011853517050087525,0.011853517050087525,0.011853517050087525,0.013542280250032679,0.013542280250032679,0.012899999999999912,0.006822600000000012,0.006822600000000012,0.012899999999999912,0.012899999999999912,0.008703673436988302,0.008703673436988302,0.012899999999999912,0.006822600000000012,0.006822600000000012,0.008703673436988302,0.008703673436988302,0.012899999999999912,0.012899999999999912
2019-04-30,0.0372434626132796,0.031020001837599898,0.031020001837599898,0.031020001837599898,0.031020001837599898,0.02933004081916879,0.02933004081916879,0.04180000000000006,0.04180000000000006,0.04180000000000006,0.04180000000000006,0.04180000000000006,0.03583638033554992,0.03583638033554992,0.04180000000000006,0.04180000000000006,0.04180000000000006,0.03583638033554992,0.03583638033554992,0.04180000000000006,0.04180000000000006
2019-05-31,-0.015307006245804944,-0.015307006245804944,-0.015307006245804944,-0.015307006245804944,-0.015307006245804944,-0.012739249484205795,-0.012739249484205795,-0.06709999999999994,-0.06709999999999994,-0.06709999999999994,-0.06709999999999994,-0.06709999999999994,-0.05674765653668257,-0.05674765653668257,-0.06709999999999994,-0.06709999999999994,-0.06709999999999994,-0.05674765653668257,-0.05674765653668257,-0.06709999999999994,-0.06709999999999994
2019-06-30,0.014058558042141511,0.014058558042141511,0.014058558042141511,0.014058558042141511,0.014058558042141511,0.01222996286646727,0.01222996286646727,0.0717000000000001,-0.004210799999999959,0.0717000000000001,0.026277394199526682,0.026277394199526682,0.04187961156346587,0.04187961156346587,0.0717000000000001,-0.004210799999999959,0.0717000000000001,0.04187961156346587,0.04187961156346587,0.026277394199526682,0.026277394199526682
2019-07-31,0.038284420971915756,0.038284420971915756,0.038284420971915756,0.038284420971915756,0.038284420971915756,0.0328035630522967,0.0328035630522967,0.01419999999999999,0.008114799999999978,0.01419999999999999,0.008114799999999978,0.008114799999999978,0.009803327188075972,0.009803327188075972,0.01419999999999999,0.008114799999999978,0.01419999999999999,0.009803327188075972,0.009803327188075972,0.008114799999999978,0.008114799999999978
2019-08-31,-0.03133354571101832,-0.03133354571101832,-0.03133354571101832,-0.03133354571101832,-0.03133354571101832,-0.026397319046696732,-0.026397319046696732,-0.023900000000000032,-0.023900000000000032,-0.023900000000000032,-0.023900000000000032,-0.023900000000000032,-0.020084108074032825,-0.020084108074032825,-0.023900000000000032,-0.023900000000000032,-0.023900000000000032,-0.020084108074032825,-0.020084108074032825,-0.023900000000000032,-0.023900000000000032
2019-09-30,0.03086322955310261,0.03086322955310261,0.03086322955310261,0.03086322955310261,0.03086322955310261,0.02645081244178127,0.02645081244178127,0.015900000000000025,0.015900000000000025,-0.010995444978480373,0.015900000000000025,0.015900000000000025,0.013764818444383486,0.013764818444383486,0.015900000000000025,0.015900000000000025,-0.010995444978480373,0.013764818444383486,0.013764818444383486,0.015900000000000025,0.015900000000000025
2019-10-31,0.00010752846821793227,0.00010752846821793227,0.00010752846821793227,0.00010752846821793227,0.00010752846821793227,0.0003058517651877146,0.0003058517651877146,0.022199999999999998,0.022199999999999998,0.0005051189267946121,0.022199999999999998,0.022199999999999998,0.0190841570025031,0.0190841570025031,0.022199999999999998,0.022199999999999998,0.0005051189267946121,0.0190841570025031,0.0190841570025031,0.022199999999999998,0.022199999999999998
2019-11-30,0.044346437494962254,0.044346437494962254,0.044346437494962254,0.044346437494962254,0.044346437494962254,0.03789955708868975,0.03789955708868975,0.03990000000000005,0.03990000000000005,0.03366060000000015,0.03990000000000005,0.03990000000000005,0.03407893141819707,0.03407893141819707,0.03990000000000005,0.03990000000000005,0.03366060000000015,0.03407893141819707,0.03407893141819707,0.03990000000000005,0.03990000000000005
2019-12-31,0.024702324062739534,0.024702324062739534,0.024702324062739534,0.024702324062739534,0.024702324062739534,0.02115713159444632,0.02115713159444632,0.029099999999999904,0.029099999999999904,0.029099999999999904,0.029099999999999904,0.029099999999999904,0.02491565645883842,0.02491565645883842,0.029099999999999904,0.029099999999999904,0.029099999999999904,0.02491565645883842,0.02491565645883842,0.029099999999999904,0.029099999999999904
2020-01-31,0.0334756973623942,0.0334756973623942,0.0334756973623942,0.0334756973623942,0.0334756973623942,0.02862879639968363,0.02862879639968363,0.00019999999999997797,0.00019999999999997797,0.00019999999999997797,-0.05858259999999993,-0.05858259999999993,0.00034431768579534783,0.00034431768579534783,0.00019999999999997797,0.00019999999999997797,0.00019999999999997797,0.00034431768579534783,0.00034431768579534783,-0.035091066666666615,-0.035091066666666615
2020-02-29,0.0012321277449356405,0.0012321277449356405,0.0012321277449356405,0.0012321277449356405,0.0012321277449356405,0.001213337645015411,0.001213337645015411,-0.08030000000000004,-0.08030000000000004,-0.08030000000000004,-0.08581820000000007,-0.08581820000000007,-0.06807578392875357,-0.06807578392875357,-0.08030000000000004,-0.08030000000000004,-0.08030000000000004,-0.06807578392875357,-0.06807578392875357,-0.08581820000000007,-0.08581820000000007
2020-03-31,-0.18916572657958663,-0.18916572657958663,-0.18916572657958663,-0.18916572657958663,-0.18916572657958663,-0.16060088974407538,-0.16060088974407538,-0.13249999999999995,-0.0048071999999999004,-0.13249999999999995,0.054718569619617075,0.054718569619617075,-0.11250437906522792,-0.05796748202980051,-0.13249999999999995,-0.0048071999999999004,-0.13249999999999995,-0.11250437906522792,-0.05796748202980051,0.054718569619617075,0.054718569619617075
2020-04-30,0.04318718438753333,0.04318718438753333,0.04318718438753333,0.04318718438753333,0.04318718438753333,0.03656542579159017,0.03656542579159017,0.13600000000000012,0.0,0.01475250102272363,0.02087776762849458,0.02087776762849458,0.11547143993803188,0.057580417682838725,0.13600000000000012,0.0,0.01475250102272363,0.11547143993803188,0.057580417682838725,0.02087776762849458,0.02087776762849458
2020-05-31,0.05887465317710361,-0.005884033333333205,-0.0064067262929680124,-0.0064067262929680124,-0.0064067262929680124,0.05002767992279877,0.022442350527791755,0.05580000000000007,9.999999999998899e-05,-0.00040918138125556336,0.04946519999999999,0.04946519999999999,0.02085057380697153,0.020946029863288196,0.05580000000000007,9.999999999998899e-05,-0.00040918138125556336,0.02085057380697153,0.020946029863288196,0.04946519999999999,0.04946519999999999
2020-06-30,0.06508366425855572,0.00010833333333337691,-0.005179722889471994,-0.005179722889471994,-0.005179722889471994,0.022816565318676485,0.022860462747901655,0.024599999999999955,0.018452399999999924,0.018452399999999924,0.024599999999999955,0.024599999999999955,0.01838259562238287,0.01838259562238287,0.024599999999999955,0.018452399999999924,0.018452399999999924,0.01838259562238287,0.01838259562238287,0.024599999999999955,0.024599999999999955
2020-07-31,0.03475692281884535,0.00013333333333331865,0.028548381281932267,0.011185445527223115,0.011185445527223115,0.01944508958604607,0.01944508958604607,0.05840000000000001,0.05840000000000001,0.05840000000000001,0.0008585999999999316,0.0008585999999999316,0.04963573006456157,0.04963573006456157,0.05840000000000001,0.05840000000000001,0.05840000000000001,0.04963573006456157,0.04963573006456157,0.05840000000000001,0.05840000000000001
2020-08-31,0.058927860807675314,0.052574293642829284,0.058927860807675314,0.052574293642829284,0.052574293642829284,0.04744912124768974,0.04744912124768974,0.07630000000000003,0.07630000000000003,0.07630000000000003,0.06984220000000008,0.06984220000000008,0.06482475401959209,0.06482475401959209,0.07630000000000003,0.07630000000000003,0.07630000000000003,0.06482475401959209,0.06482475401959209,0.07630000000000003,0.07630000000000003
2020-09-30,-0.0062768239816103355,-0.0062768239816103355,-0.0062768239816103355,-0.0062768239816103355,-0.0062768239816103355,-0.005365422247618601,-0.005365422247618601,-0.0363,-0.0363,-0.0363,-0.0363,-0.0363,-0.030893053653384905,-0.030893053653384905,-0.0363,-0.0363,-0.0363,-0.030893053653384905,-0.030893053653384905,-0.0363,-0.0363
2020-10-31,0.01725529955814209,0.01725529955814209,0.01725529955814209,0.01725529955814209,0.01725529955814209,0.014675791255542636,0.014675791255542636,-0.02070000000000005,-0.02070000000000005,-0.02070000000000005,-0.02070000000000005,-0.02070000000000005,-0.017608226987618214,-0.017608226987618214,-0.02070000000000005,-0.02070000000000005,-0.02070000000000005,-0.017608226987618214,-0.017608226987618214,-0.03131386666666669,-0.03131386666666669
2020-11-30,0.03953652509627603,0.03953652509627603,0.03953652509627603,0.03953652509627603,0.03953652509627603,0.03360517109372485,0.03360517109372485,0.12460000000000004,0.12460000000000004,0.12460000000000004,0.20890279999999994,0.20890279999999994,0.10590708762179113,0.10590708762179113,0.12460000000000004,0.12460000000000004,0.12460000000000004,0.10590708762179113,0.10590708762179113,0.1203333333333334,0.1203333333333334
2020-12-31,0.042596334174088035,0.042596334174088035,0.042596334174088035,0.042596334174088035,0.042596334174088035,0.036187876448239065,0.036187876448239065,0.0464,0.0464,0.0464,0.09329999999999994,0.09329999999999994,0.03936548191076472,0.03936548191076472,0.0464,0.0464,0.0464,0.03936548191076472,0.03936548191076472,0.06840000000000002,0.06840000000000002
2021-01-31,0.027948145661750745,0.027948145661750745,0.027948145661750745,0.027948145661750745,0.027948145661750745,0.023735035850718234,0.023735035850718234,-0.0007000000000000339,-0.0007000000000000339,-0.0007000000000000339,0.13209999999999988,0.13209999999999988,-0.000629054793519157,-0.000629054793519157,-0.0007000000000000339,-0.0007000000000000339,-0.0007000000000000339,-0.000629054793519157,-0.000629054793519157,0.0017666666666666941,0.0017666666666666941
2021-02-28,0.02491055953002652,0.02491055953002652,0.02491055953002652,0.02491055953002652,0.02491055953002652,0.021162706446776536,0.021162706446776536,0.028100000000000014,0.028100000000000014,0.07580619999999993,0.08230000000000004,0.08230000000000004,0.023884451383155314,0.023884451383155314,0.028100000000000014,0.028100000000000014,0.028100000000000014,0.023884451383155314,0.023884451383155314,0.034399999999999986,0.034399999999999986
2021-03-31,0.008208959754597345,0.008208959754597345,0.008208959754597345,0.008208959754597345,0.008208959754597345,0.006963874519367419,0.006963874519367419,0.03170000000000006,0.03170000000000006,0.026100000000000012,0.026100000000000012,0.026100000000000012,0.026923439255197135,0.026923439255197135,0.03170000000000006,0.03170000000000006,0.03170000000000006,0.026923439255197135,0.026923439255197135,0.014599999999999946,0.014599999999999946
2021-04-30,0.06021650665755507,0.06021650665755507,0.06021650665755507,0.06021650665755507,0.06021650665755507,0.05118125174708088,0.05118125174708088,0.0495000000000001,0.0495000000000001,0.0051000000000001044,0.0051000000000001044,0.0051000000000001044,0.042050392216927523,0.042050392216927523,0.0495000000000001,0.0495000000000001,0.0495000000000001,0.042050392216927523,0.042050392216927523,0.0432030000000001,0.0432030000000001
2021-05-31,0.007603869059645607,0.007603869059645607,0.007603869059645607,0.007603869059645607,0.007603869059645607,0.006421701211857922,0.006421701211857922,0.0029999999999998916,0.0029999999999998916,0.025700000000000056,0.025700000000000056,0.025700000000000056,0.002513568781397746,0.002513568781397746,0.0029999999999998916,0.0029999999999998916,0.0029999999999998916,0.002513568781397746,0.002513568781397746,0.0029999999999998916,0.0029999999999998916
2021-06-30,0.018105771885256194,0.018105771885256194,0.018105771885256194,0.018105771885256194,0.018105771885256194,0.015386550413529543,0.015386550413529543,0.02740000000000009,0.02740000000000009,0.028699999999999948,0.028699999999999948,0.028699999999999948,0.023287657522766958,0.023287657522766958,0.02740000000000009,0.02740000000000009,0.02740000000000009,0.023287657522766958,0.023287657522766958,-0.01342186666666667,-0.01342186666666667
2021-07-31,0.030691120671741734,0.030691120671741734,0.030691120671741734,0.030691120671741734,0.030691120671741734,0.026078468581063108,0.026078468581063108,0.013400000000000079,0.013400000000000079,-0.05269999999999997,-0.05269999999999997,-0.05269999999999997,0.011369282758758592,0.011369282758758592,0.013400000000000079,0.013400000000000079,0.013400000000000079,0.011369282758758592,0.011369282758758592,0.007319599999999982,0.007319599999999982
2021-08-31,0.021860463235366945,0.021860463235366945,0.021860463235366945,0.021860463235366945,0.021860463235366945,0.018564362078788976,0.018564362078788976,0.029400000000000093,0.029400000000000093,0.027200000000000113,0.023223600000000122,0.023223600000000122,0.02497961115643821,0.02497961115643821,0.029400000000000093,0.029400000000000093,0.029400000000000093,0.02497961115643821,0.02497961115643821,0.029400000000000093,0.029400000000000093
2021-09-30,-0.000836323339453493,-0.000836323339453493,-0.000836323339453493,-0.000836323339453493,-0.000836323339453493,-0.0007210000796027405,-0.0007210000796027405,-0.04400000000000004,-0.04400000000000004,-0.026800000000000046,-0.04400000000000004,-0.04400000000000004,-0.037421121997873175,-0.037421121997873175,-0.04400000000000004,-0.04400000000000004,-0.04400000000000004,-0.037421121997873175,-0.037421121997873175,-0.04400000000000004,-0.04400000000000004
2021-10-31,0.004528900389607848,0.004528900389607848,0.004528900389607848,0.004528900389607848,0.004528900389607848,0.0038538906044163213,0.0038538906044163213,0.06630000000000003,0.06630000000000003,0.022399999999999975,0.06630000000000003,0.06630000000000003,0.05631806159432773,0.05631806159432773,0.06630000000000003,0.06630000000000003,0.06630000000000003,0.05631806159432773,0.05631806159432773,0.006159933333333312,0.006159933333333312
2021-11-30,0.04745455603540116,0.04745455603540116,0.04745455603540116,0.04745455603540116,0.04745455603540116,0.04033905851673225,0.04033905851673225,-0.015800000000000036,-0.015800000000000036,-0.05679999999999996,-0.015800000000000036,-0.015800000000000036,-0.01347736886474249,-0.01347736886474249,-0.015800000000000036,-0.015800000000000036,-0.015800000000000036,-0.01347736886474249,-0.01347736886474249,-0.02170520000000009,-0.02170520000000009
2021-12-31,0.002660836695107971,0.002660836695107971,0.002660836695107971,0.002660836695107971,0.002660836695107971,0.002233017778469737,0.002233017778469737,0.032399999999999984,0.032399999999999984,0.012599999999999945,0.032399999999999984,0.032399999999999984,0.027542410870708744,0.027542410870708744,0.032399999999999984,0.032399999999999984,0.032399999999999984,0.027542410870708744,0.027542410870708744,0.032399999999999984,0.032399999999999984
2022-01-31,-0.020510182908595964,-0.020510182908595964,-0.020510182908595964,-0.020510182908595964,-0.020510182908595964,-0.0174281197662568,-0.0174281197662568,-0.06159999999999999,-0.06159999999999999,-0.06723040000000002,-0.06159999999999999,-0.06159999999999999,-0.05238278779294536,-0.05238278779294536,-0.06159999999999999,-0.06159999999999999,-0.06159999999999999,-0.05238278779294536,-0.05238278779294536,-0.06159999999999999,-0.06159999999999999
2022-02-28,-0.02901614628543392,-0.02901614628543392,-0.02901614628543392,-0.02901614628543392,-0.02901614628543392,-0.024660587327380856,-0.024660587327380856,-0.022800000000000042,-0.006000000000000005,-0.022800000000000042,-0.019782198102829884,-0.006000000000000005,-0.019428764021020672,-0.01216604461713311,-0.022800000000000042,-0.006000000000000005,-0.022800000000000042,-0.019428764021020672,-0.01216604461713311,-0.019782198102829884,-0.006000000000000005
2022-03-31,-0.008915986930700837,-0.008915986930700837,-0.008915986930700837,-0.008915986930700837,-0.008915986930700837,-0.007560022884723239,-0.007560022884723239,0.03079999999999994,0.0,0.03079999999999994,-0.01625612761334705,0.0,0.026161747637657884,0.0130558005016157,0.03079999999999994,0.0,0.03079999999999994,0.026161747637657884,0.0130558005016157,-0.01625612761334705,0.0
2022-04-30,0.0011959861300483432,-0.005635533333333331,0.0011959861300483432,-0.057672196530146325,-0.005635533333333331,0.0010644961155665822,-0.001825616738399649,-0.09409999999999996,0.0,-0.09409999999999996,-0.09953539999999994,-0.09953539999999994,-0.08000612435774423,-0.04003529424207497,-0.09409999999999996,0.0,-0.09409999999999996,-0.08000612435774423,-0.04003529424207497,-0.09953539999999994,-0.09953539999999994
2022-05-31,-0.07871433516612503,0.0006333333333332636,-0.07871433516612503,-0.010622074776483248,0.0006333333333332636,-0.0668127762992361,-0.03309060068729108,-0.0030999999999999917,0.00029999999999996696,-0.016558342327824382,-0.016558342327824382,-0.00570180000000009,-0.002668042265577153,-0.0012885573624443758,-0.0030999999999999917,0.00029999999999996696,-0.016558342327824382,-0.002668042265577153,-0.0012885573624443758,-0.016558342327824382,-0.00570180000000009
2022-06-30,-0.03367975460932493,0.0008166666666666877,-0.03367975460932493,-0.018011538273843053,0.0008166666666666877,-0.028568484128665306,-0.013962971562918813,-0.08340000000000003,0.0005999999999999339,-0.018011538273843053,-0.018011538273843053,0.0005999999999999339,-0.070802423125094,-0.03510481578179525,-0.08340000000000003,0.0005999999999999339,-0.018011538273843053,-0.070802423125094,-0.03510481578179525,-0.018011538273843053,0.0005999999999999339
2022-07-31,0.004656103025428626,0.0012416666666665854,0.017138981057852165,0.023278652975706304,0.0012416666666665854,0.0041166609229930096,0.0026413735452543996,0.09650000000000003,0.0007999999999999119,0.023278652975706304,0.023278652975706304,0.0007999999999999119,0.08207016289528624,0.04133956087629542,0.09650000000000003,0.0007999999999999119,0.023278652975706304,0.08207016289528624,0.04133956087629542,0.023278652975706304,0.0007999999999999119
2022-08-31,0.0644831580386378,0.0018583333333332952,0.0024166666666667336,0.0024166666666667336,0.0018583333333332952,0.055086689766323804,0.028468748691551804,-0.035800000000000054,0.0019000000000000128,0.0024166666666667336,-0.008385599999999993,-0.008385599999999993,-0.030210613729654945,-0.014255329675324835,-0.035800000000000054,0.0019000000000000128,0.0024166666666667336,-0.030210613729654945,-0.014255329675324835,-0.0415852000000001,-0.0415852000000001
2022-09-30,-0.072765369194146,0.002191666666666592,-0.049419101731274395,-0.049419101731274395,0.002191666666666592,-0.06156442688927177,-0.029751706492442076,-0.09150000000000003,0.0019000000000000128,-0.049419101731274395,-0.0551225871208868,-0.004111399999999987,-0.07751743260554933,-0.037848950320565344,-0.09150000000000003,0.0019000000000000128,-0.049419101731274395,-0.07751743260554933,-0.037848950320565344,-0.0551225871208868,-0.004111399999999987
2022-10-31,-0.03090019671757327,0.0026083333333333236,-0.03470649602787035,-0.036714795537267864,-0.036714795537267864,-0.025933437471216236,-0.01174474013279192,0.08079999999999998,0.0022999999999999687,-0.03470649602787035,-0.03470649602787035,0.0022999999999999687,-0.002734099039576776,-0.00011321064897817923,0.08079999999999998,0.0022999999999999687,-0.03470649602787035,-0.002734099039576776,-0.00011321064897817923,-0.03470649602787035,0.0022999999999999687
2022-11-30,0.052862882637228825,0.0031000000000001027,0.01071195582799489,0.00464768409302696,-0.0029185999999998824,-0.0019894135289246773,0.0005919592514846972,0.04940000000000011,0.0028999999999999027,0.01071195582799489,-0.014448999999999934,-0.014448999999999934,0.0028999999999999027,0.0028999999999999027,0.04940000000000011,0.0028999999999999027,0.01071195582799489,0.0028999999999999027,0.0028999999999999027,0.01071195582799489,0.0028999999999999027
2022-12-31,0.00011973171344248357,0.003458333333333341,0.02570958339297702,0.02570958339297702,0.003458333333333341,0.003458333333333341,0.003458333333333341,-0.0605,-0.066137,0.02570958339297702,-0.066137,-0.066137,-0.055770257000000045,-0.055770257000000045,-0.0605,-0.066137,0.02570958339297702,-0.055770257000000045,-0.055770257000000045,-0.066137,-0.066137
2023-01-31,0.013773722005842037,0.003541666666666776,0.010537679225576024,0.010537679225576024,0.003541666666666776,0.003541666666666776,0.003541666666666776,0.0696000000000001,-0.0025209999999999955,0.010537679225576024,0.0696000000000001,0.0696000000000001,-0.0015662438755834618,-0.0015662438755834618,0.0696000000000001,-0.0025209999999999955,0.010537679225576024,-0.0015662438755834618,-0.0015662438755834618,0.0566882666666666,0.0566882666666666
2023-02-28,0.03147876372905323,0.0037833333333332497,-0.015254368886907788,0.02528989114667901,0.02528989114667901,0.0037833333333332497,0.0037833333333332497,-0.022299999999999986,-0.02816620000000003,-0.015254368886907788,-0.03572059999999999,-0.03572059999999999,-0.023450930500000022,-0.023450930500000022,-0.022299999999999986,-0.02816620000000003,-0.015254368886907788,-0.023450930500000022,-0.023450930500000022,-0.0315333333333333,-0.0315333333333333
2023-03-31,-0.02584548722318014,0.003875000000000073,0.010600273011301287,-0.02584548722318014,-0.02584548722318014,0.003875000000000073,0.003875000000000073,0.02839999999999998,0.02839999999999998,0.010600273011301287,-0.0696,-0.0696,0.024659475708299627,0.024659475708299627,0.02839999999999998,0.02839999999999998,0.010600273011301287,0.024659475708299627,0.024659475708299627,0.0046999999999999265,0.0046999999999999265
2023-04-30,0.03996571257449011,0.033725918299043256,0.019818449299305207,0.03996571257449011,0.03996571257449011,0.02928086444930611,0.02928086444930611,0.009700000000000042,0.009700000000000042,0.019818449299305207,0.0036418000000000283,0.0036418000000000283,0.008751322574423126,0.008751322574423126,0.009700000000000042,0.009700000000000042,0.019818449299305207,0.008751322574423126,0.008751322574423126,0.0036418000000000283,0.0036418000000000283
2023-05-31,0.007380322376112414,0.007380322376112414,-0.006291763804122552,0.007380322376112414,0.007380322376112414,0.006861427845236134,0.006861427845236134,0.006999999999999895,0.006999999999999895,-0.006291763804122552,0.006999999999999895,0.006999999999999895,0.006485267720025556,0.006485267720025556,0.006999999999999895,0.006999999999999895,-0.006291763804122552,0.006485267720025556,0.006485267720025556,-0.04367260000000006,-0.04367260000000006
2023-06-30,0.04942521686181567,0.04942521686181567,-0.011912665452924576,0.04942521686181567,0.04942521686181567,0.04265133574791746,0.04265133574791746,0.0686,0.0686,-0.011912665452924576,0.0686,0.0686,0.0589072635347494,0.0589072635347494,0.0686,0.0686,-0.011912665452924576,0.0589072635347494,0.0589072635347494,0.06218839999999992,0.06218839999999992
2023-07-31,0.03876427535876115,0.03876427535876115,0.03253168970660858,0.03876427535876115,0.03876427535876115,0.033560400565394,0.033560400565394,0.036599999999999966,0.036599999999999966,0.030380399999999863,0.036599999999999966,0.036599999999999966,0.03173684691530432,0.03173684691530432,0.036599999999999966,0.036599999999999966,0.030380399999999863,0.03173684691530432,0.03173684691530432,0.036599999999999966,0.036599999999999966
2023-08-31,-0.009972650958020357,-0.009972650958020357,-0.009972650958020357,-0.009972650958020357,-0.009972650958020357,-0.007845812058077328,-0.007845812058077328,-0.019100000000000006,-0.019100000000000006,-0.019100000000000006,-0.019100000000000006,-0.019100000000000006,-0.015583429688219907,-0.015583429688219907,-0.019100000000000006,-0.019100000000000006,-0.043871400000000005,-0.015583429688219907,-0.015583429688219907,-0.019100000000000006,-0.019100000000000006
2023-09-30,-0.009532012987736427,-0.009532012987736427,-0.009532012987736427,-0.009532012987736427,-0.009532012987736427,-0.007450691205060811,-0.007450691205060811,-0.04800000000000004,-0.04800000000000004,-0.04800000000000004,-0.04800000000000004,-0.04800000000000004,-0.040172602943429836,-0.040172602943429836,-0.04800000000000004,-0.04800000000000004,-0.03759999999999997,-0.040172602943429836,-0.040172602943429836,-0.04800000000000004,-0.04800000000000004
2023-10-31,-0.030366884994427967,-0.030366884994427967,-0.030366884994427967,-0.030366884994427967,-0.030366884994427967,-0.025157332620643347,-0.025157332620643347,-0.026800000000000046,-0.026800000000000046,-0.026800000000000046,-0.035261180292563754,-0.0013282000000001126,-0.02211576313393049,-0.02211576313393049,-0.026800000000000046,-0.026800000000000046,-0.042200000000000015,-0.02211576313393049,-0.02211576313393049,-0.035261180292563754,-0.0013282000000001126
2023-11-30,0.04602368200629092,0.04602368200629092,0.04602368200629092,0.04602368200629092,0.04602368200629092,0.03975923424905936,0.03975923424905936,0.09319999999999995,-0.0016264000000000278,0.09319999999999995,0.027962789737859595,0.0043999999999999595,0.07985339017992166,0.03950822285136901,0.09319999999999995,-0.0016264000000000278,0.08800000000000008,0.07985339017992166,0.03950822285136901,0.027962789737859595,0.0043999999999999595
2023-12-31,0.05175863892709587,0.05175863892709587,0.05175863892709587,0.03669551129448556,-0.0016346833333333866,0.04462164038662442,0.04462164038662442,0.05279999999999996,0.04648319999999995,0.05279999999999996,0.04648319999999995,0.04648319999999995,0.04545922916963008,0.04298953716549603,0.05279999999999996,0.04648319999999995,0.04648319999999995,0.04545922916963008,0.04298953716549603,0.04648319999999995,0.04648319999999995
2024-01-31,0.029121457891629676,0.029121457891629676,0.029121457891629676,0.022946729144279976,0.022946729144279976,0.025372671034648686,0.025372671034648686,0.01200000000000001,0.01200000000000001,0.01200000000000001,-0.048344399999999954,-0.048344399999999954,0.010869126058427492,0.010869126058427492,0.01200000000000001,0.01200000000000001,0.01200000000000001,0.010869126058427492,0.010869126058427492,0.01200000000000001,0.01200000000000001
2024-02-29,0.04199572131005236,0.04199572131005236,0.04199572131005236,0.04199572131005236,0.04199572131005236,0.03632972364493803,0.03632972364493803,0.05489999999999995,0.05489999999999995,0.05489999999999995,0.04857059999999991,0.04857059999999991,0.04728921447225276,0.04728921447225276,0.05489999999999995,0.05489999999999995,0.05489999999999995,0.04728921447225276,0.04728921447225276,0.05489999999999995,0.05489999999999995
2024-03-31,0.032824088694823006,0.032824088694823006,0.032824088694823006,0.032824088694823006,0.032824088694823006,0.02852689298333333,0.02852689298333333,0.03269999999999995,0.03269999999999995,0.03269999999999995,0.03269999999999995,0.03269999999999995,0.028401912775655402,0.028401912775655402,0.03269999999999995,0.03269999999999995,0.03269999999999995,0.028401912775655402,0.028401912775655402,0.03269999999999995,0.03269999999999995
2024-04-30,-0.010085098394768344,-0.010085098394768344,-0.010085098394768344,-0.010085098394768344,-0.010085098394768344,-0.007938331596855419,-0.007938331596855419,-0.04180000000000006,-0.04180000000000006,-0.04180000000000006,-0.04180000000000006,-0.04180000000000006,-0.0348453895142643,-0.0348453895142643,-0.04180000000000006,-0.04180000000000006,-0.04180000000000006,-0.0348453895142643,-0.0348453895142643,-0.04180000000000006,-0.04180000000000006
2024-05-31,0.025173383306761776,0.025173383306761776,0.025173383306761776,0.025173383306761776,0.025173383306761776,0.02204098623313766,0.02204098623313766,0.047700000000000076,0.047700000000000076,0.047700000000000076,0.047700000000000076,0.047700000000000076,0.04116662533751647,0.04116662533751647,0.047700000000000076,0.047700000000000076,0.047700000000000076,0.04116662533751647,0.04116662533751647,0.047700000000000076,0.047700000000000076
2024-06-30,0.03551194818349379,0.03551194818349379,0.03551194818349379,0.03551194818349379,0.03551194818349379,0.030825351940011236,0.030825351940011236,0.03210000000000002,0.03210000000000002,0.03210000000000002,0.03210000000000002,0.03210000000000002,0.027867298780211325,0.027867298780211325,0.03210000000000002,0.03210000000000002,0.03210000000000002,0.027867298780211325,0.027867298780211325,0.03210000000000002,0.03210000000000002
2024-07-31,0.02380391846431773,0.02380391846431773,0.02380391846431773,0.02380391846431773,0.02380391846431773,0.02086474091611068,0.02086474091611068,0.016699999999999937,0.016699999999999937,0.016699999999999937,0.016699999999999937,0.016699999999999937,0.014848851526996665,0.014848851526996665,0.016699999999999937,0.016699999999999937,0.016699999999999937,0.014848851526996665,0.014848851526996665,0.016699999999999937,0.016699999999999937
2024-08-31,-0.009698961785705174,-0.009698961785705174,-0.009698961785705174,-0.009698961785705174,-0.009698961785705174,-0.007608572161387883,-0.007608572161387883,0.02079999999999993,0.02079999999999993,0.02079999999999993,-0.03651579999999999,-0.03651579999999999,0.018390634537231332,0.018390634537231332,0.02079999999999993,0.02079999999999993,0.02079999999999993,0.018390634537231332,0.018390634537231332,0.02079999999999993,0.02079999999999993
2024-09-30,0.027228327765272065,0.027228327765272065,0.027228327765272065,0.027228327765272065,0.027228327765272065,0.02376425457611564,0.02376425457611564,0.021200000000000108,0.021200000000000108,0.021200000000000108,0.015072799999999997,0.015072799999999997,0.018607757355852517,0.018607757355852517,0.021200000000000108,0.021200000000000108,0.021200000000000108,0.018607757355852517,0.018607757355852517,0.021200000000000108,0.021200000000000108
2024-10-31,0.03152593919704927,0.03152593919704927,0.03152593919704927,0.03152593919704927,0.03152593919704927,0.027369375895374137,0.027369375895374137,-0.006099999999999994,-0.006099999999999994,-0.006099999999999994,-0.006099999999999994,-0.006099999999999994,-0.004612858056193714,-0.004612858056193714,-0.006099999999999994,-0.006099999999999994,-0.006099999999999994,-0.004612858056193714,-0.004612858056193714,-0.006099999999999994,-0.006099999999999994
2024-11-30,0.02482471305833589,0.02482471305833589,0.02482471305833589,0.02482471305833589,0.02482471305833589,0.02164376532436174,0.02164376532436174,0.06889999999999996,0.06889999999999996,0.06889999999999996,0.06889999999999996,0.06889999999999996,0.05915685994348996,0.05915685994348996,0.06889999999999996,0.06889999999999996,0.06889999999999996,0.05915685994348996,0.05915685994348996,0.06889999999999996,0.06889999999999996
2024-12-31,0.014709920451552172,0.014709920451552172,0.014709920451552172,0.014709920451552172,0.014709920451552172,0.01303995239925726,0.01303995239925726,-0.028000000000000025,-0.028000000000000025,-0.028000000000000025,-0.0720016,-0.0720016,-0.023290785520308388,-0.023290785520308388,-0.028000000000000025,-0.028000000000000025,-0.028000000000000025,-0.023290785520308388,-0.023290785520308388,-0.028000000000000025,-0.028000000000000025
2025-01-31,-0.0041791646642084235,-0.0041791646642084235,-0.0041791646642084235,-0.0041791646642084235,-0.0041791646642084235,-0.0030268414575829183,-0.0030268414575829183,0.03170000000000006,0.03170000000000006,0.03170000000000006,0.025509800000000027,0.025509800000000027,0.027474489622525633,0.027474489622525633,0.03170000000000006,0.03170000000000006,0.03170000000000006,0.027474489622525633,0.027474489622525633,0.03170000000000006,0.03170000000000006
2025-02-28,0.010951300023944732,0.010951300023944732,0.010951300023944732,0.010951300023944732,0.010951300023944732,0.00982885952239898,0.00982885952239898,-0.021100000000000008,-0.021100000000000008,-0.021100000000000008,-0.021100000000000008,-0.021100000000000008,-0.01746048314861315,-0.01746048314861315,-0.021100000000000008,-0.021100000000000008,-0.021100000000000008,-0.01746048314861315,-0.01746048314861315,-0.021100000000000008,-0.021100000000000008
2025-03-31,-0.05768821133674329,-0.05768821133674329,-0.05768821133674329,-0.05768821133674329,-0.05768821133674329,-0.04851284454736715,-0.04851284454736715,-0.0605,-0.0605,-0.0605,-0.0605,-0.0605,-0.05093303006494265,-0.05093303006494265,-0.0605,-0.0605,-0.0605,-0.05093303006494265,-0.05093303006494265,-0.0605,-0.0605
2025-04-30,-0.05420647728326389,-0.05420647728326389,-0.05420647728326389,-0.05420647728326389,-0.05420647728326389,-0.045597472931358185,-0.045597472931358185,-0.0049000000000000155,-0.0025209999999999955,-0.0049000000000000155,-0.0024547333333332366,-0.0024547333333332366,-0.0036913184425630963,-0.002568319181287859,-0.0049000000000000155,-0.0025209999999999955,-0.0049000000000000155,-0.0036913184425630963,-0.002568319181287859,0.04343493333333348,0.04343493333333348
2025-05-31,0.0834037687756064,-0.0025127166666667478,0.0834037687756064,-0.013611424791901805,-0.013611424791901805,0.07136989787808345,0.0348663455276097,0.06440000000000001,0.0038000000000000256,0.06440000000000001,-0.007657369005937387,-0.007657369005937387,0.02207266984613665,0.022060048422220868,0.06440000000000001,0.0038000000000000256,0.04469400000000001,0.02207266984613665,0.022060048422220868,0.05289999999999995,0.05289999999999995
2025-06-30,0.03880243197310507,0.003541666666666776,0.03880243197310507,0.006896137940035185,0.006896137940035185,0.017294077630583216,0.01735226170044113,0.052000000000000046,0.04568799999999995,0.052000000000000046,0.04568799999999995,0.04568799999999995,0.042130075834302616,0.042130075834302616,0.052000000000000046,0.04568799999999995,0.03059999999999996,0.042130075834302616,0.042130075834302616,0.04796666666666671,0.04796666666666671
2025-07-31,0.0452779602025668,0.03900629244135145,0.0452779602025668,0.03900629244135145,0.03900629244135145,0.036399445497849126,0.036399445497849126,0.02320000000000011,0.02320000000000011,0.02320000000000011,0.02320000000000011,0.02320000000000011,0.020193692190971557,0.020193692190971557,0.02320000000000011,0.02320000000000011,-0.01429999999999998,0.020193692190971557,0.020193692190971557,0.0031000000000001027,0.0031000000000001027
2025-08-31,0.01889303382091967,0.01889303382091967,0.01889303382091967,0.01889303382091967,0.01889303382091967,0.016559077104656872,0.016559077104656872,0.022199999999999998,0.022199999999999998,0.022199999999999998,0.022199999999999998,0.022199999999999998,0.019424864728855074,0.019424864728855074,0.022199999999999998,0.022199999999999998,0.016066799999999937,0.019424864728855074,0.019424864728855074,0.055133333333333256,0.055133333333333256
2025-09-30,0.028336714270238872,0.028336714270238872,0.028336714270238872,0.028336714270238872,0.028336714270238872,0.02458937079102519,0.02458937079102519,0.0371999999999999,0.0371999999999999,0.0371999999999999,0.019545799999999947,0.019545799999999947,0.03210074898891535,0.03210074898891535,0.0371999999999999,0.0371999999999999,0.0371999999999999,0.03210074898891535,0.03210074898891535,0.021300000000000097,0.021300000000000097
2025-10-31,0.024034340503358953,0.024034340503358953,0.024034340503358953,0.024034340503358953,0.024034340503358953,0.020900206803623478,0.020900206803623478,0.0233000000000001,0.0233000000000001,0.0233000000000001,0.011900000000000022,0.011900000000000022,0.020334361862718753,0.020334361862718753,0.0233000000000001,0.0233000000000001,0.0233000000000001,0.020334361862718753,0.020334361862718753,-0.015566666666666618,-0.015566666666666618
2025-11-30,0.0017506484230151997,0.0017506484230151997,0.0017506484230151997,0.0017506484230151997,0.0017506484230151997,0.001949958840510746,0.001949958840510746,0.0017000000000000348,0.0017000000000000348,0.0017000000000000348,0.02410000000000001,0.02410000000000001,0.0018802773397330608,0.0018802773397330608,0.0017000000000000348,0.0017000000000000348,0.002945999999999893,0.0018802773397330608,0.0018802773397330608,-0.004310199999999931,-0.004310199999999931
2025-12-31,0.01761880195684351,0.01761880195684351,0.01761880195684351,0.01761880195684351,0.01761880195684351,0.0154473709110039,0.0154473709110039,-0.00019999999999997797,-0.00019999999999997797,-0.00019999999999997797,0.013500000000000068,0.013500000000000068,0.0003390070435225212,0.0003390070435225212,-0.00019999999999997797,-0.00019999999999997797,0.028999999999999915,0.0003390070435225212,0.0003390070435225212,-0.00019999999999997797,-0.00019999999999997797
2026-01-31,0.012074476189474437,0.012074476189474437,0.012074476189474437,0.012074476189474437,0.012074476189474437,0.010701037755752596,0.010701037755752596,0.01330000000000009,0.01330000000000009,0.01330000000000009,0.048899999999999944,0.048899999999999944,0.011752214573774955,0.011752214573774955,0.01330000000000009,0.01330000000000009,0.04180000000000006,0.011752214573774955,0.011752214573774955,0.04466086666666658,0.04466086666666658
2026-02-28,-0.004133576581960674,-0.004133576581960674,-0.004133576581960674,-0.004133576581960674,-0.004133576581960674,-0.0030741437149923723,-0.0030741437149923723,-0.008900000000000019,-0.008900000000000019,0.00225019999999998,0.008299999999999974,0.008299999999999974,-0.007152732307695531,-0.007152732307695531,-0.008900000000000019,-0.008900000000000019,0.05160000000000009,-0.007152732307695531,-0.007152732307695531,0.04726666666666657,0.04726666666666657
2026-03-31,-0.03375350363616991,-0.03375350363616991,-0.03375350363616991,-0.03375350363616991,-0.03375350363616991,-0.028245778837312052,-0.028245778837312052,-0.048899999999999944,-0.048899999999999944,-0.03190000000000004,-0.03190000000000004,-0.03190000000000004,-0.041138644128231205,-0.041138644128231205,-0.048899999999999944,-0.048899999999999944,-0.09250000000000003,-0.041138644128231205,-0.041138644128231205,-0.09870000000000001,-0.09870000000000001
2026-04-30,0.046483817164947094,0.046483817164947094,0.046483817164947094,0.046483817164947094,0.046483817164947094,0.0399324048073777,0.0399324048073777,0.10240000000000005,-0.003117400000000048,0.11159999999999992,0.11159999999999992,0.11159999999999992,0.040404226433461865,0.040404226433461865,0.10240000000000005,-0.003117400000000048,0.06950000000000012,0.040404226433461865,0.040404226433461865,-0.008083798832054123,-0.008083798832054123
2026-05-31,0.06645318538932155,0.06645318538932155,0.06645318538932155,-0.015136808604635954,-0.015136808604635954,0.056902655996303286,0.056902655996303286,0.052200000000000024,0.045886800000000116,0.04249999999999998,0.04249999999999998,0.04249999999999998,0.04228602533506587,0.04228602533506587,0.052200000000000024,0.045886800000000116,0.045886800000000116,0.04228602533506587,0.04228602533506587,0.02057293333333332,0.02057293333333332
2026-06-30,0.005974994864164751,0.005974994864164751,0.005974994864164751,-6.085510502029656e-05,-6.085510502029656e-05,0.005482571003259107,0.005482571003259107,-0.007800000000000029,-0.007800000000000029,0.0734999999999999,0.0734999999999999,0.0734999999999999,-0.0062307269870433,-0.0062307269870433,-0.007800000000000029,-0.007800000000000029,-0.007800000000000029,-0.0062307269870433,-0.0062307269870433,-0.013753200000000021,-0.013753200000000021
2026-07-31,0.00420216049600608,0.00420216049600608,0.00420216049600608,0.00420216049600608,0.00420216049600608,0.0040270639442332445,0.0040270639442332445,-0.0028000000000000247,-0.0028000000000000247,-0.020499999999999963,-0.020499999999999963,-0.020499999999999963,-0.0018932209994239058,-0.0018932209994239058,-0.0028000000000000247,-0.0028000000000000247,-0.0028000000000000247,-0.0018932209994239058,-0.0018932209994239058,-0.0028000000000000247,-0.0028000000000000247
2026-08-31,0.030741053122923745,0.030741053122923745,0.030741053122923745,0.030741053122923745,0.030741053122923745,0.02659524394108148,0.02659524394108148,0.02849999999999997,0.02849999999999997,0.0351999999999999,0.0351999999999999,0.0351999999999999,0.024655209393817268,0.024655209393817268,0.02849999999999997,0.02849999999999997,0.015867999999999993,0.024655209393817268,0.024655209393817268,0.02849999999999997,0.02849999999999997
2026-09-30,-0.005434741328753656,-0.005434741328753656,-0.005434741328753656,-0.005434741328753656,-0.005434741328753656,-0.004175035961260232,-0.004175035961260232,,,,,,,,,,,,,,
2026-10-31,0.006950428324755897,0.006950428324755897,0.006950428324755897,0.006950428324755897,0.006950428324755897,0.006393765797709339,0.006393765797709339,,,,,,,,,,,,,,
