date,P,CPI,GS10,real_tr,bond_gross
1871-01-31,4.44,12.46406116,5.32,119.61170928657417,1.0041769357097787
1871-02-28,4.5,12.84464132,5.323333333333333,118.20255386469603,1.0041797523411402
1871-03-31,4.61,13.0349719,5.326666666666667,119.88463478923534,1.0041825689642252
1871-04-30,4.74,12.55922645,5.33,128.51943197447397,1.0041853855790357
1871-05-31,4.86,12.27381157,5.333333333333334,135.4384629618482,1.0041882021855737
1871-06-30,4.82,12.08348099,5.336666666666667,137.05283451859745,1.0041910187838414
1871-07-31,4.73,12.08348099,5.34,135.10983098634898,1.0041938353738404
1871-08-31,4.79,11.8932314,5.343333333333334,139.6411889397238,1.004196651955573
1871-09-30,4.84,12.17864628,5.346666666666668,138.40891209789413,1.0041994685290414
1871-10-31,4.59,12.36889587,5.3500000000000005,129.85081677625226,1.0042022850942474
1871-11-30,4.64,12.36889587,5.3533333333333335,131.878262354095,1.004205101651193
1871-12-31,4.74,12.65439174,5.3566666666666665,132.28295391180262,1.0042079181998806
1872-01-31,4.86,12.65439174,5.36,136.24423301514253,1.0030599998857486
1872-02-29,4.88,12.65439174,5.378333333333333,137.4279599161846,1.0030764483003818
1872-03-31,5.04,12.84464132,5.3966666666666665,140.45577718162372,1.0030928953450977
1872-04-30,5.18,13.13013719,5.415000000000001,141.83938284554213,1.0031093410217495
1872-05-31,5.18,13.13013719,5.433333333333334,142.4707689014199,1.0031257853321864
1872-06-30,5.13,13.0349719,5.451666666666666,142.77211983206132,1.003142228278255
1872-07-31,5.1,12.84464132,5.470000000000001,144.7071812584622,1.0031586698618002
1872-08-31,5.04,12.93980661,5.488333333333333,142.6259366934783,1.0031751100846626
1872-09-30,4.95,13.0349719,5.506666666666667,139.73525521630967,1.0031915489486818
1872-10-31,4.97,12.74947603,5.5249999999999995,144.1469644485013,1.0032079864556935
1872-11-30,4.95,13.13013719,5.543333333333333,140.10100915116135,1.0032244226075313
1872-12-31,5.07,12.93980661,5.5616666666666665,146.32607758996215,1.0032408574060259
1873-01-31,5.11,12.93980661,5.58,148.20806568519794,1.0053472215787504
1873-02-28,5.15,13.22522149,5.570833333333334,146.86594047147034,1.0053398720295676
1873-03-31,5.11,13.22522149,5.561666666666666,146.4559991327757,1.0053325226495526
1873-04-30,5.04,13.22522149,5.552499999999999,145.19015308678138,1.0053251734388198
1873-05-31,5.05,12.93980661,5.543333333333333,149.4538040072184,1.0053178243974839
1873-06-30,4.98,12.55922645,5.534166666666667,152.64866954070627,1.005310475525659
1873-07-31,4.97,12.55922645,5.525,153.15315602387707,1.0053031268234605
1873-08-31,4.97,12.55922645,5.515833333333333,153.97490333990055,1.005295778291002
1873-09-30,4.59,12.55922645,5.506666666666667,143.03478508197247,1.0052884299283993
1873-10-31,4.19,12.27381157,5.4975000000000005,134.46975228322867,1.005281081735767
1873-11-30,4.04,11.8932314,5.488333333333332,134.7086493115634,1.0052737337132196
1873-12-31,4.42,12.17864628,5.479166666666666,144.82079430765287,1.0052663858608724
1874-01-31,4.66,12.36889587,5.47,151.22305941305058,1.007109145660312
1874-02-28,4.8,12.36889587,5.4366666666666665,156.6586522138416,1.0070852297331554
1874-03-31,4.73,12.36889587,5.403333333333332,155.27157039736494,1.0070613220358624
1874-04-30,4.6,12.17864628,5.37,154.2798289072813,1.007037422588707
1874-05-31,4.48,12.08348099,5.336666666666667,152.36808385429663,1.0070135314120179
1874-06-30,4.46,11.79806612,5.303333333333334,156.3153729027304,1.0069896485261771
1874-07-31,4.46,11.8932314,5.27,156.02071033613714,1.006965773951622
1874-08-31,4.47,11.79806612,5.236666666666666,158.6016156802248,1.0069419077088448
1874-09-30,4.54,11.79806612,5.203333333333333,162.06104689472633,1.0069180498183923
1874-10-31,4.53,11.60773554,5.17,165.3532690296241,1.0068942003008658
1874-11-30,4.57,11.51265124,5.136666666666667,169.20316316667598,1.0068703591769228
1874-12-31,4.54,11.51265124,5.1033333333333335,169.11060126122374,1.0068465264672748
1875-01-31,4.54,11.51265124,5.07,170.12718940206534,1.0073431926888408
1875-02-28,4.53,11.51265124,5.03,170.76735228436021,1.007315568235935
1875-03-31,4.59,11.51265124,4.99,174.0422780525067,1.0072879584453418
1875-04-30,4.65,11.60773554,4.95,175.8759002561868,1.0072603633605304
1875-05-31,4.47,11.32232066,4.91,174.3556432751415,1.0072327830251093
1875-06-30,4.38,11.13207107,4.87,174.80630776515778,1.0072052174828279
1875-07-31,4.39,11.13207107,4.83,176.24473486006698,1.0071776667775758
1875-08-31,4.41,11.22715537,4.79,176.5765751843332,1.0071501309533841
1875-09-30,4.37,11.13207107,4.75,177.5043076448651,1.0071226100544257
1875-10-31,4.3,11.13207107,4.710000000000001,175.69338459776355,1.0070951041250158
1875-11-30,4.37,11.03690579,4.67,181.1319464286314,1.0070676132096117
1875-12-31,4.37,10.9417405,4.63,183.7525697491768,1.0070401373528144
1876-01-31,4.46,10.84657521,4.59,190.24279171221426,1.0047535252938302
1876-02-29,4.52,10.84657521,4.578333333333333,193.86849514170714,1.0047443025681573
1876-03-31,4.51,10.84657521,4.566666666666666,194.51186404151366,1.0047350802178763
1876-04-30,4.34,10.75149091,4.555000000000001,189.92307878161358,1.0047258582433127
1876-05-31,4.18,10.37091074,4.543333333333333,190.76812367472482,1.0047166366447913
1876-06-30,4.15,10.08541488,4.531666666666666,195.93369753586165,1.0047074154226387
1876-07-31,4.1,10.08541488,4.52,194.75337405672994,1.0046981945771802
1876-08-31,3.93,10.18058017,4.508333333333334,186.1096368341584,1.0046889741087426
1876-09-30,3.69,10.27574545,4.496666666666667,174.29876913166393,1.004679754017652
1876-10-31,3.67,10.46599504,4.485,171.3622712142403,1.004670534304236
1876-11-30,3.6,10.56116033,4.473333333333334,167.73590843594866,1.004661314968821
1876-12-31,3.58,10.75149091,4.461666666666667,164.99536984358375,1.0046520960117353
1877-01-31,3.55,10.9417405,4.45,161.86535818267055,1.004442533161084
1877-02-28,3.34,10.65632562,4.440833333333333,157.4681378136199,1.0044352053538859
1877-03-31,3.17,10.18058017,4.431666666666667,157.5579875190513,1.0044278777306086
1877-04-30,2.94,10.46599504,4.4225,143.20219257901843,1.0044205502913774
1877-05-31,2.94,10.65632562,4.413333333333333,141.65785960895118,1.0044132230363174
1877-06-30,2.73,10.08541488,4.404166666666667,140.0249900082625,1.0044058959655546
1877-07-31,2.85,10.18058017,4.395,145.8119352842431,1.0043985690792139
1877-08-31,3.05,9.8,4.385833333333333,163.10836133088017,1.0043912423774213
1877-09-30,3.24,9.704834711,4.376666666666667,175.94707855897644,1.004383915860302
1877-10-31,3.31,9.704834711,4.367500000000001,180.69104261384717,1.0043765895279828
1877-11-30,3.26,9.514585124,4.358333333333333,182.444318720677,1.0043692633805883
1877-12-31,3.25,9.514585124,4.349166666666666,182.7707783911895,1.0043619374182455
1878-01-31,3.25,9.229089256,4.34,189.33877467326215,1.0044217286102688
1878-02-28,3.18,9.134004959,4.33,188.11294149266618,1.0044137681563745
1878-03-31,3.24,8.94367438,4.32,196.68497876372126,1.0044058079432483
1878-04-30,3.33,8.848509091,4.3100000000000005,205.27717736099794,1.0043978479710691
1878-05-31,3.34,8.563094215,4.3,213.7425069945655,1.0043898882400162
1878-06-30,3.41,8.372844628,4.29,224.18963439975946,1.0043819287502689
1878-07-31,3.48,8.467928926,4.279999999999999,227.22057120688072,1.0043739695020064
1878-08-31,3.45,8.563094215,4.27,223.74461442519535,1.0043660104954082
1878-09-30,3.52,8.563094215,4.26,229.27067404475486,1.0043580517306545
1878-10-31,3.48,8.467928926,4.25,230.20997936652876,1.004350093207925
1878-11-30,3.47,8.372844628,4.239999999999999,233.16328434399182,1.004342134927399
1878-12-31,3.45,8.18251405,4.2299999999999995,238.24302836337793,1.0043341768892575
1879-01-31,3.58,8.277679339,4.22,245.4117064328211,1.0048663382006082
1879-02-28,3.71,8.372844628,4.203333333333333,252.46789146610357,1.004853493821275
1879-03-31,3.65,8.277679339,4.186666666666666,252.30161307558075,1.0048406505677119
1879-04-30,3.77,8.18251405,4.17,264.7152397407393,1.004827808441316
1879-05-31,3.94,8.18251405,4.153333333333332,277.75381110931335,1.0048149674434854
1879-06-30,3.96,8.087381157,4.136666666666667,283.5768821446723,1.00480212757562
1879-07-31,4.04,8.18251405,4.119999999999999,287.07280901021954,1.0047892888391219
1879-08-31,4.07,8.18251405,4.103333333333333,290.34915771536294,1.0047764512353945
1879-09-30,4.22,8.467928926,4.086666666666666,292.02316165195384,1.0047636147658443
1879-10-31,4.68,8.94367438,4.069999999999999,307.70204424492147,1.004750779431878
1879-11-30,4.93,9.419419835,4.053333333333333,308.7994808683363,1.0047379452349057
1879-12-31,4.92,9.704834711,4.036666666666667,300.123123305479,1.004725112176339
1880-01-31,5.11,9.990330579,4.02,303.8176602098282,1.0055306639798018
1880-02-29,5.2,9.990330579,3.993333333333333,310.20912762128745,1.0055111531554377
1880-03-31,5.3,10.08541488,3.9666666666666663,314.2525765695483,1.005491647018348
1880-04-30,5.18,9.704834711,3.9399999999999995,320.3116445564603,1.005472145577851
1880-05-31,4.77,9.419419835,3.913333333333333,305.0908066366146,1.0054526488432851
1880-06-30,4.79,9.229089256,3.8866666666666667,313.9394395299176,1.005433156824009
1880-07-31,5.01,9.229089256,3.8600000000000003,329.64187322248046,1.0054136695294011
1880-08-31,5.19,9.229089256,3.8333333333333335,342.80122943894673,1.0053941869688605
1880-09-30,5.18,9.324254545,3.8066666666666666,339.9835306914019,1.005374709151806
1880-10-31,5.33,9.324254545,3.7800000000000002,351.19598625635325,1.0053552360876774
1880-11-30,5.61,9.419419835,3.7533333333333334,367.29677039699925,1.0053357677859338
1880-12-31,5.84,9.514585124,3.726666666666667,379.93531640885504,1.0053163042560556
1881-01-31,6.19,9.419419835,3.7,408.2251828658438,1.003636193113409
1881-02-28,6.17,9.514585124,3.693333333333334,404.30532084337375,1.0036308102375502
1881-03-31,6.24,9.514585124,3.686666666666667,410.39392744440505,1.0036254274364746
1881-04-30,6.22,9.609669421,3.68,406.55028230797694,1.0036200447102193
1881-05-31,6.5,9.514585124,3.673333333333334,430.66520413728324,1.0036146620588215
1881-06-30,6.58,9.514585124,3.666666666666667,437.5668901010217,1.0036092794823186
1881-07-31,6.35,9.609669421,3.66,419.71237046187537,1.0036038969807477
1881-08-31,6.2,9.8,3.6533333333333333,403.45933869463437,1.0035985145541462
1881-09-30,6.25,10.18058017,3.646666666666667,393.10104389236545,1.0035931322025515
1881-10-31,6.15,10.27574545,3.64,384.838876240244,1.0035877499260009
1881-11-30,6.19,10.18058017,3.6333333333333337,392.62061902037595,1.0035823677245315
1881-12-31,6.01,10.18058017,3.626666666666667,382.8949601754986,1.0035769855981806
1882-01-31,5.92,10.18058017,3.62,378.86001605828596,1.0029473239550168
1882-02-28,5.79,10.27574545,3.6208333333333336,368.7995937730939,1.0029480211096595
1882-03-31,5.78,10.27574545,3.621666666666667,369.8611930643234,1.0029487182641554
1882-04-30,5.78,10.37091074,3.6225,368.1580192696829,1.0029494154185046
1882-05-31,5.71,10.46599504,3.6233333333333335,362.0782301655005,1.002950112572707
1882-06-30,5.68,10.56116033,3.6241666666666665,358.60612249181247,1.0029508097267625
1882-07-31,6.0,10.46599504,3.625,383.95263009407245,1.0029515068806714
1882-08-31,6.18,10.56116033,3.6258333333333335,393.5987470475341,1.0029522040344336
1882-09-30,6.24,10.27574545,3.626666666666667,410.20422108897617,1.002952901188049
1882-10-31,6.07,10.18058017,3.6275,404.528193714643,1.0029535983415176
1882-11-30,5.81,10.08541488,3.6283333333333334,392.64833074634436,1.0029542954948398
1882-12-31,5.84,9.990330579,3.629166666666667,400.2514789171279,1.0029549926480152
1883-01-31,5.81,9.990330579,3.63,400.0275939574596,1.0030943156162713
1883-02-28,5.68,10.08541488,3.629166666666667,389.21824969282574,1.0030936238807047
1883-03-31,5.75,9.990330579,3.6283333333333334,399.6241624612138,1.0030929321452842
1883-04-30,5.87,9.895165289,3.6275,413.77812970578,1.0030922404100109
1883-05-31,5.77,9.8,3.626666666666667,412.6016471209536,1.0030915486748841
1883-06-30,5.82,9.514585124,3.6258333333333335,430.6561439262519,1.0030908569399042
1883-07-31,5.73,9.324254545,3.625,434.70130380955476,1.0030901652050708
1883-08-31,5.47,9.324254545,3.6241666666666665,417.04203749292833,1.0030894734703844
1883-09-30,5.53,9.229089256,3.6233333333333335,428.06623495770333,1.0030887817358447
1883-10-31,5.38,9.229089256,3.6225,418.5727889361956,1.0030880900014516
1883-11-30,5.46,9.134004959,3.621666666666667,431.37559991034124,1.0030873982672053
1883-12-31,5.34,9.229089256,3.6208333333333336,419.6984676671388,1.003086706533106
1884-01-31,5.18,9.229089256,3.62,409.2734668714804,1.0037103920018629
1884-02-29,5.32,9.229089256,3.611666666666667,422.48596793278995,1.0037037188195472
1884-03-31,5.3,9.229089256,3.6033333333333335,423.04848841014405,1.0036970457842034
1884-04-30,5.06,9.038839669,3.5949999999999998,414.58844977316255,1.003690372895923
1884-05-31,4.65,8.848509091,3.586666666666667,391.4342608507539,1.0036837001547976
1884-06-30,4.46,8.848509091,3.5783333333333336,377.68495706459834,1.0036770275609186
1884-07-31,4.46,8.753424793,3.57,384.05817826137445,1.0036703551143773
1884-08-31,4.74,8.753424793,3.5616666666666665,410.44208528703956,1.003663682815266
1884-09-30,4.59,8.658259504,3.5533333333333337,404.11993166537667,1.0036570106636764
1884-10-31,4.44,8.563094215,3.545,397.58200059629587,1.0036503386596998
1884-11-30,4.35,8.372844628,3.536666666666667,400.75252458542826,1.0036436668034285
1884-12-31,4.34,8.277679339,3.5283333333333333,406.83526953126585,1.0036369950949544
1885-01-31,4.24,8.277679339,3.52,399.8375154136371,1.0039790233810126
1885-02-28,4.37,8.372844628,3.5075,409.73034581874947,1.0039692212858526
1885-03-31,4.38,8.18251405,3.495,422.5589013067612,1.0039594196907509
1885-04-30,4.37,8.277679339,3.4825,419.0256902633556,1.0039496185961747
1885-05-31,4.32,8.087381157,3.4699999999999998,426.27486650452016,1.003939818002592
1885-06-30,4.3,7.897091074,3.4575,436.8412178233283,1.0039300179104702
1885-07-31,4.46,7.992232066,3.445,449.95393422364816,1.0039202183202782
1885-08-31,4.71,7.992232066,3.4325,477.38918597163075,1.003910419232485
1885-09-30,4.65,7.897091074,3.42,479.1870674298112,1.0039006206475598
1885-10-31,4.92,7.897091074,3.4075,509.1723269879593,1.0038908225659726
1885-11-30,5.24,7.992232066,3.3950000000000005,537.9283079108628,1.003881024988194
1885-12-31,5.2,8.18251405,3.3825000000000003,523.4135257821629,1.0038712279146946
1886-01-31,5.2,7.992232066,3.37,537.921605523145,1.001756475011806
1886-02-28,5.3,7.992232066,3.3825000000000003,550.3067332580024,1.0017675107673607
1886-03-31,5.19,7.897091074,3.3950000000000005,547.4354100577675,1.0017785460191069
1886-04-30,5.12,7.801941983,3.4075,548.7138206609256,1.001789580767515
1886-05-31,5.02,7.611651901,3.42,553.5676056106023,1.0018006150130552
1886-06-30,5.25,7.51650281,3.4325,588.3990742887872,1.0018116487561965
1886-07-31,5.33,7.611651901,3.445,592.0034129578423,1.001822681997408
1886-08-31,5.37,7.706792893,3.4575,591.1554325903408,1.0018337147371585
1886-09-30,5.51,7.706792893,3.4699999999999998,608.6313962632862,1.0018447469759157
1886-10-31,5.65,7.706792893,3.4825,626.1511805419902,1.0018557787141473
1886-11-30,5.79,7.706792893,3.495,643.7138899820595,1.0018668099523205
1886-12-31,5.64,7.801941983,3.5075,621.4036739579029,1.0018778406909017
1887-01-31,5.58,7.992232066,3.52,602.1494002274536,1.001888870930357
1887-02-28,5.54,8.087381157,3.5324999999999998,592.7988815457893,1.0018999006711522
1887-03-31,5.67,8.087381157,3.5450000000000004,608.7379308954146,1.0019109299137525
1887-04-30,5.8,8.087381157,3.5575,624.7526413055085,1.0019219586586225
1887-05-31,5.9,8.087381157,3.5700000000000003,637.611235539275,1.0019329869062263
1887-06-30,5.73,7.992232066,3.5825,628.7531135001492,1.0019440146570282
1887-07-31,5.59,7.897091074,3.5949999999999998,622.9787009809627,1.001955041911491
1887-08-31,5.45,7.992232066,3.6075,602.3484235897466,1.0019660686700782
1887-09-30,5.38,7.897091074,3.62,604.0358702703168,1.0019770949332516
1887-10-31,5.2,7.992232066,3.6325,579.1414942975581,1.0019881207014731
1887-11-30,5.3,8.087381157,3.6450000000000005,585.6041737674891,1.0019991459752047
1887-12-31,5.27,8.277679339,3.6574999999999998,571.151981685087,1.0020101707549067
1888-01-31,5.31,8.372844628,3.67,571.1631792969478,1.0045816690372138
1888-02-29,5.28,8.277679339,3.6516666666666664,576.702366015365,1.004567701185391
1888-03-31,5.08,8.277679339,3.6333333333333337,557.0875680550886,1.0045537348950258
1888-04-30,5.1,8.18251405,3.615,568.0347178592829,1.0045397701682555
1888-05-31,5.17,8.087381157,3.5966666666666667,584.8746041682992,1.0045258070072212
1888-06-30,5.01,7.992232066,3.578333333333333,575.8110996160051,1.0045118454140671
1888-07-31,5.14,8.087381157,3.5600000000000005,586.0575407935522,1.0044978853909405
1888-08-31,5.25,8.087381157,3.541666666666667,600.8486525599809,1.0044839269399921
1888-09-30,5.38,8.087381157,3.5233333333333334,617.9680705178406,1.0044699700633755
1888-10-31,5.35,8.18251405,3.505,609.5846765381142,1.004456014763247
1888-11-30,5.24,8.277679339,3.486666666666667,592.3618120504993,1.0044420610417675
1888-12-31,5.14,8.277679339,3.4683333333333333,583.2239151406872,1.0044281089010998
1889-01-31,5.24,7.992232066,3.45,618.0507627309207,1.0030847289110842
1889-02-28,5.3,7.897091074,3.4475000000000002,634.9299748610609,1.0030826702487605
1889-03-31,5.19,7.801941983,3.445,631.6336728288877,1.0030806115904525
1889-04-30,5.18,7.801941983,3.4425,632.7158069472376,1.0030785529361603
1889-05-31,5.32,7.611651901,3.4400000000000004,668.4173741976367,1.0030764942858854
1889-06-30,5.41,7.611651901,3.4375,682.0809812359812,1.003074435639628
1889-07-31,5.3,7.611651901,3.4350000000000005,670.5679753943547,1.003072376997389
1889-08-31,5.37,7.611651901,3.4325,681.7789019389588,1.0030703183591692
1889-09-30,5.5,7.706792893,3.4299999999999997,691.988422413887,1.0030682597249694
1889-10-31,5.4,7.706792893,3.4275,681.7312667525612,1.0030662010947902
1889-11-30,5.35,7.706792893,3.4250000000000003,677.7418763767497,1.0030641424686324
1889-12-31,5.32,7.801941983,3.4225,668.0165138690729,1.0030620838464972
1890-01-31,5.38,7.611651901,3.42,694.7988032909062,1.0014510943480162
1890-02-28,5.32,7.611651901,3.4366666666666665,689.4177716669062,1.0014660798155122
1890-03-31,5.28,7.611651901,3.4533333333333336,686.6099925216463,1.0014810640939893
1890-04-30,5.39,7.611651901,3.4699999999999998,703.2984298398808,1.0014960471849268
1890-05-31,5.62,7.706792893,3.4866666666666664,726.6191852904255,1.0015110290898022
1890-06-30,5.58,7.706792893,3.5033333333333334,723.8178657741813,1.0015260098100913
1890-07-31,5.54,7.706792893,3.5199999999999996,721.0073424005061,1.0015409893472669
1890-08-31,5.41,7.992232066,3.536666666666667,681.2429694208279,1.0015559677028012
1890-09-30,5.32,8.087381157,3.5533333333333337,664.3097558595814,1.0015709448781633
1890-10-31,5.08,8.087381157,3.57,636.6301826987656,1.0015859208748206
1890-11-30,4.71,7.897091074,3.586666666666667,606.8374337247654,1.0016008956942393
1890-12-31,4.6,7.897091074,3.6033333333333335,595.0270802729389,1.001615869337882
1891-01-31,4.84,7.801941983,3.62,636.1076792100681,1.003155368352917
1891-02-28,4.9,7.897091074,3.618333333333333,638.6145451521223,1.0031539903074633
1891-03-31,4.81,7.992232066,3.616666666666667,621.7832684751979,1.0031526122631842
1891-04-30,4.97,8.087381157,3.6149999999999998,637.2496351494465,1.00315123422008
1891-05-31,4.95,7.992232066,3.6133333333333333,644.619974235622,1.0031498561781502
1891-06-30,4.85,7.801941983,3.611666666666667,649.4477782277123,1.003148478137396
1891-07-31,4.77,7.706792893,3.61,649.1064142113868,1.0031471000978167
1891-08-31,4.93,7.706792893,3.6083333333333334,673.3741941976267,1.0031457220594129
1891-09-30,5.33,7.611651901,3.6066666666666665,739.6440803060303,1.0031443440221843
1891-10-31,5.33,7.611651901,3.6049999999999995,742.1881969049567,1.0031429659861315
1891-11-30,5.25,7.51650281,3.6033333333333335,742.8877114052294,1.0031415879512546
1891-12-31,5.41,7.51650281,3.601666666666667,768.1223098561372,1.0031402099175537
1892-01-31,5.51,7.326212727,3.6,805.3316425747132,1.0019594526744053
1892-02-29,5.52,7.326212727,3.6125000000000003,809.5129848750141,1.0019704792347714
1892-03-31,5.58,7.135922645,3.625,842.9565865641194,1.0019815052999086
1892-04-30,5.57,7.040773554,3.6374999999999997,855.7097054535283,1.0019925308702788
1892-05-31,5.57,7.040773554,3.65,858.6324841153332,1.0020035559463432
1892-06-30,5.54,7.040773554,3.6625,856.9624927488611,1.0020145805285625
1892-07-31,5.54,7.231071736,3.675,837.3181747658409,1.0020256046173972
1892-08-31,5.62,7.326212727,3.6875,841.278920614877,1.0020366282133073
1892-09-30,5.48,7.326212727,3.7,823.2532972416788,1.0020476513167518
1892-10-31,5.59,7.326212727,3.7125,842.7417158520212,1.0020586739281898
1892-11-30,5.57,7.51650281,3.725,821.3857921355012,1.0020696960480802
1892-12-31,5.51,7.611651901,3.7375,805.2931927231837,1.0020807176768802
1893-01-31,5.61,7.897091074,3.75,793.0996143442743,1.00346968908532
1893-02-28,5.51,7.992232066,3.7458333333333336,772.5030363466348,1.0034662840811108
1893-03-31,5.31,7.801941983,3.7416666666666667,765.5228342226479,1.0034628790950846
1893-04-30,5.31,7.706792893,3.7375000000000003,777.9331392270727,1.0034594741272465
1893-05-31,4.84,7.611651901,3.7333333333333334,720.9581660448637,1.0034560691776027
1893-06-30,4.61,7.421361818,3.729166666666667,707.4244885984657,1.003452664246159
1893-07-31,4.18,7.231071736,3.7250000000000005,661.5449606360064,1.0034492593329205
1893-08-31,4.08,6.945632562,3.7208333333333337,675.6424741737734,1.0034458544378932
1893-09-30,4.37,7.231071736,3.716666666666667,698.3807514851301,1.0034424495610827
1893-10-31,4.5,7.326212727,3.7125000000000004,713.0809857477635,1.0034390447024946
1893-11-30,4.57,7.135922645,3.7083333333333335,746.8630146595065,1.0034356398621347
1893-12-31,4.41,7.040773554,3.704166666666667,733.9051315155197,1.0034322350400087
1894-01-31,4.32,6.850483471,3.7,742.4138854277984,1.0047429489760904
1894-02-28,4.38,6.755342479,3.6800000000000006,766.859866077848,1.004727838446956
1894-03-31,4.51,6.565052397,3.66,816.1110831864415,1.004712729940988
1894-04-30,4.57,6.565052397,3.64,830.5377918576255,1.0046976234612084
1894-05-31,4.4,6.565052397,3.62,803.1757818549054,1.0046825190106428
1894-06-30,4.34,6.565052397,3.6000000000000005,795.7220672126912,1.004667416592323
1894-07-31,4.25,6.565052397,3.58,782.6846317297307,1.0046523162092853
1894-08-31,4.41,6.755342479,3.5599999999999996,792.6034791225873,1.0046372178645702
1894-09-30,4.48,6.850483471,3.54,797.2511746811712,1.0046221215612239
1894-10-31,4.34,6.660193388,3.5200000000000005,797.7091543482915,1.0046070273022971
1894-11-30,4.34,6.660193388,3.5,800.9762696060197,1.0045919350908457
1894-12-31,4.3,6.565052397,3.4800000000000004,808.3713430894298,1.0045768449299304
1895-01-31,4.25,6.565052397,3.46,802.2349272931484,1.0019057103862152
1895-02-28,4.19,6.565052397,3.4716666666666667,794.1606687013922,1.0019159687965034
1895-03-31,4.19,6.565052397,3.4833333333333334,797.3985950554849,1.001926226799871
1895-04-30,4.37,6.850483471,3.495,800.0926422967292,1.0019364843966725
1895-05-31,4.61,6.945632562,3.506666666666667,835.5063732358653,1.001946741587262
1895-06-30,4.7,7.040773554,3.518333333333333,843.2870956062271,1.0019569983719931
1895-07-31,4.72,6.945632562,3.53,861.4815936146792,1.0019672547512195
1895-08-31,4.79,6.850483471,3.541666666666667,889.4340345318827,1.0019775107252942
1895-09-30,4.82,6.850483471,3.5533333333333332,898.0219936335739,1.0019877662945698
1895-10-31,4.75,6.850483471,3.5649999999999995,887.9813500775081,1.0019980214593986
1895-11-30,4.59,6.850483471,3.5766666666666667,861.0568208259474,1.0020082762201332
1895-12-31,4.32,6.755342479,3.588333333333334,824.8321053630897,1.0020185305771252
1896-01-31,4.27,6.660193388,3.6,829.986186851488,1.004389296452507
1896-02-29,4.45,6.565052397,3.5833333333333335,880.6034176174138,1.0043764949070104
1896-03-31,4.38,6.565052397,3.5666666666666664,869.8432354077628,1.0043636945405117
1896-04-30,4.42,6.469903306,3.55,893.8313472424582,1.0043508953544789
1896-05-31,4.4,6.374754215,3.533333333333333,906.2455924384808,1.0043380973503815
1896-06-30,4.32,6.279613223,3.5166666666666666,906.4724790013888,1.0043253005296922
1896-07-31,4.04,6.279613223,3.5,850.9405480829358,1.0043125048938841
1896-08-31,3.81,6.279613223,3.4833333333333334,805.7132685811764,1.0042997104444336
1896-09-30,4.01,6.279613223,3.466666666666667,851.2240847690784,1.0042869171828182
1896-10-31,4.1,6.469903306,3.4499999999999997,847.8507846742663,1.0042741251105176
1896-11-30,4.38,6.660193388,3.4333333333333336,882.90095622789,1.0042613342290143
1896-12-31,4.22,6.660193388,3.4166666666666665,853.6724999144094,1.0042485445397913
1897-01-31,4.22,6.469903306,3.4,881.9039842406553,1.0031837326593216
1897-02-28,4.18,6.469903306,3.3958333333333335,876.6794345709834,1.003180329202354
1897-03-31,4.19,6.469903306,3.3916666666666666,881.9227326246378,1.0031769257640506
1897-04-30,4.06,6.374754215,3.3874999999999997,870.5194372795914,1.0031735223444171
1897-05-31,4.08,6.279613223,3.3833333333333333,891.3266558694615,1.0031701189434596
1897-06-30,4.27,6.279613223,3.3791666666666664,936.1114510785887,1.0031667155611836
1897-07-31,4.46,6.279613223,3.375,981.0535699242821,1.0031633121975951
1897-08-31,4.75,6.565052397,3.3708333333333336,1002.5717598500602,1.0031599088527
1897-09-30,4.98,6.755342479,3.3666666666666667,1024.5854291151911,1.0031565055265037
1897-10-31,4.82,6.660193388,3.3625000000000003,1008.9643997834266,1.0031531022190128
1897-11-30,4.65,6.660193388,3.3583333333333334,976.5184491679844,1.0031496989302324
1897-12-31,4.75,6.660193388,3.3541666666666665,1000.6689054377299,1.0031462956601689
1898-01-31,4.88,6.660193388,3.35,1031.245484957044,1.0045491757317953
1898-02-28,4.87,6.755342479,3.3291666666666666,1017.8193946215167,1.0045335421733654
1898-03-31,4.65,6.755342479,3.308333333333333,975.0619234751133,1.0045179109625422
1898-04-30,4.57,6.755342479,3.2875,961.5491029478139,1.0045022821029856
1898-05-31,4.87,7.231071736,3.2666666666666666,960.3422234889217,1.0044866555983616
1898-06-30,5.06,6.755342479,3.2458333333333336,1071.4199151745413,1.0044710314523426
1898-07-31,5.08,6.660193388,3.225,1094.4527539568926,1.0044554096686071
1898-08-31,5.27,6.660193388,3.2041666666666666,1138.8574454982568,1.0044397902508402
1898-09-30,5.26,6.660193388,3.1833333333333336,1140.2080828861815,1.0044241732027328
1898-10-31,5.15,6.660193388,3.1625,1119.9166421462253,1.0044085585279816
1898-11-30,5.32,6.660193388,3.1416666666666666,1160.478283248424,1.0043929462302907
1898-12-31,5.65,6.755342479,3.1208333333333336,1218.687958864728,1.0043773363133697
1899-01-31,6.08,6.755342479,3.1,1315.0469914588584,1.0022280750454438
1899-02-28,6.31,6.945632562,3.104166666666667,1330.9383459213948,1.0022316173344918
1899-03-31,6.4,6.945632562,3.1083333333333334,1353.4809823271553,1.0022351596044756
1899-04-30,6.48,7.040773554,3.1125000000000003,1355.4159101078112,1.0022387018554013
1899-05-31,6.21,7.040773554,3.116666666666667,1302.499608411498,1.0022422440872751
1899-06-30,6.07,7.135922645,3.1208333333333336,1259.6952500924851,1.0022457863001029
1899-07-31,6.28,7.231071736,3.125,1289.6394292213204,1.0022493284938903
1899-08-31,6.44,7.326212727,3.129166666666667,1308.813372377942,1.002252870668643
1899-09-30,6.37,7.611651901,3.1333333333333337,1249.4221773210477,1.002256412824368
1899-10-31,6.34,7.706792893,3.1374999999999997,1231.5490110427857,1.0022599549610702
1899-11-30,6.46,7.801941983,3.1416666666666666,1242.9005080228185,1.0022634970787563
1899-12-31,6.02,7.897091074,3.145833333333333,1147.615911896415,1.0022670391774313
1900-01-31,6.1,7.897091074,3.15,1166.321860626454,1.0029795584767995
1900-02-28,6.21,7.992232066,3.145833333333333,1176.761745454411,1.0029761561500405
1900-03-31,6.26,7.992232066,3.1416666666666666,1189.9079364513352,1.0029727538422986
1900-04-30,6.34,7.992232066,3.1374999999999997,1208.9160504521553,1.002969351553579
1900-05-31,6.04,7.801941983,3.1333333333333337,1183.8308901517044,1.0029659492838876
1900-06-30,5.86,7.706792893,3.129166666666667,1166.9477162249584,1.0029625470332306
1900-07-31,5.86,7.801941983,3.125,1157.0191441491104,1.0029591448016137
1900-08-31,5.94,7.706792893,3.1208333333333336,1191.7916798036426,1.002955742589043
1900-09-30,5.8,7.801941983,3.116666666666667,1154.0934833617239,1.0029523403955243
1900-10-31,6.01,7.706792893,3.1125000000000003,1215.4282749977847,1.0029489382210637
1900-11-30,6.48,7.706792893,3.1083333333333334,1315.4078679182555,1.0029455360656672
1900-12-31,6.87,7.611651901,3.104166666666667,1417.1455889046756,1.0029421339293405
1901-01-31,7.07,7.706792893,3.1,1445.5197643898462,1.0020149873405235
1901-02-28,7.25,7.611651901,3.106666666666667,1506.082643911719,1.0020207222232298
1901-03-31,7.51,7.611651901,3.1133333333333333,1565.3738284565193,1.002026457027879
1901-04-30,8.14,7.51650281,3.12,1723.56279909182,1.0020321917545103
1901-05-31,7.73,7.51650281,3.126666666666667,1642.189390404558,1.0020379264031627
1901-06-30,8.5,7.51650281,3.1333333333333333,1811.259126048839,1.0020436609738748
1901-07-31,7.93,7.611651901,3.14,1674.1407828795973,1.0020493954666856
1901-08-31,8.04,7.706792893,3.146666666666667,1681.8531383572224,1.0020551298816345
1901-09-30,8.0,7.801941983,3.1533333333333333,1658.5007637960668,1.0020608642187594
1901-10-31,7.91,7.801941983,3.16,1645.3139551189258,1.0020665984781
1901-11-30,8.08,7.897091074,3.1666666666666665,1665.8757032280257,1.0020723326596945
1901-12-31,7.95,7.992232066,3.173333333333334,1624.993911076915,1.0020780667635822
1902-01-31,8.12,7.897091074,3.18,1685.2682905630343,1.0018008349940293
1902-02-28,8.19,7.897091074,3.1900000000000004,1705.360410566596,1.0018095695807507
1902-03-31,8.2,7.897091074,3.1999999999999997,1713.038696908433,1.0018183039057333
1902-04-30,8.48,7.992232066,3.21,1756.0053585931482,1.0018270379691732
1902-05-31,8.46,8.087381157,3.2199999999999998,1736.7816166453256,1.0018357717712656
1902-06-30,8.41,8.18251405,3.2300000000000004,1711.9392189758912,1.001844505312206
1902-07-31,8.6,8.18251405,3.2399999999999998,1756.1422631376765,1.0018532385921899
1902-08-31,8.83,8.087381157,3.25,1829.943868936311,1.001861971611412
1902-09-30,8.85,8.18251405,3.26,1818.3551298721713,1.0018707043700679
1902-10-31,8.57,8.753424793,3.27,1651.2362667174339,1.001879436868352
1902-11-30,8.24,8.467928926,3.2800000000000002,1646.6446930810857,1.0018881691064587
1902-12-31,8.05,8.563094215,3.29,1596.2324509718305,1.001896901084583
1903-01-31,8.46,8.658259504,3.3,1664.5138589000817,1.002046305352876
1903-02-28,8.41,8.658259504,3.308333333333333,1660.1410668771439,1.0020535263183528
1903-03-31,8.08,8.372844628,3.3166666666666664,1655.0679907610117,1.002060747133676
1903-04-30,7.75,8.372844628,3.325,1593.219724971775,1.0020679677989401
1903-05-31,7.6,8.18251405,3.333333333333333,1604.6556191075076,1.0020751883142376
1903-06-30,7.18,8.18251405,3.341666666666667,1521.9595510175377,1.0020824086796625
1903-07-31,6.85,8.18251405,3.3499999999999996,1458.044668897682,1.0020896288953078
1903-08-31,6.63,8.18251405,3.3583333333333334,1417.3063332400507,1.0020968489612667
1903-09-30,6.47,8.277679339,3.3666666666666663,1373.2771403682505,1.0021040688776328
1903-10-31,6.26,8.18251405,3.3749999999999996,1350.3609259581124,1.0021112886444992
1903-11-30,6.28,8.087381157,3.3833333333333333,1376.9451025816147,1.0021185082619586
1903-12-31,6.57,8.087381157,3.3916666666666666,1446.9251947112275,1.0021257277301043
1904-01-31,6.68,8.277679339,3.4,1443.5465780075833,1.0022729803355197
1904-02-29,6.5,8.467928926,3.4066666666666667,1379.1336292876265,1.0022787117439262
1904-03-31,6.48,8.372844628,3.4133333333333336,1396.583644699474,1.002284443076008
1904-04-30,6.64,8.277679339,3.42,1453.63633448314,1.0022901743318027
1904-05-31,6.5,8.087381157,3.4266666666666667,1462.694249739457,1.0022959055113485
1904-06-30,6.51,8.087381157,3.4333333333333336,1471.1328704110306,1.0023016366146833
1904-07-31,6.78,8.087381157,3.44,1538.2999160958109,1.0023073676418448
1904-08-31,7.01,8.18251405,3.4466666666666663,1578.034251948694,1.0023130985928717
1904-09-30,7.32,8.277679339,3.453333333333333,1634.8085637583974,1.002318829467801
1904-10-31,7.75,8.277679339,3.46,1736.736569918867,1.002324560266671
1904-11-30,8.17,8.467928926,3.466666666666667,1795.4417976621114,1.0023302909895195
1904-12-31,8.25,8.467928926,3.473333333333333,1818.6997646452903,1.0023360216363848
1905-01-31,8.43,8.467928926,3.48,1864.1066354359343,1.003249082644516
1905-02-28,8.8,8.467928926,3.475833333333333,1951.697165983756,1.00324567883032
1905-03-31,9.05,8.372844628,3.4716666666666667,2035.8247087040913,1.0032422750346768
1905-04-30,8.94,8.372844628,3.4675,2017.0167627534206,1.0032388712575924
1905-05-31,8.5,8.277679339,3.463333333333333,1945.8461168291944,1.0032354674990727
1905-06-30,8.6,8.277679339,3.4591666666666665,1974.8430393544922,1.003232063759123
1905-07-31,8.87,8.277679339,3.455,2043.0000011109737,1.0032286600377496
1905-08-31,9.2,8.372844628,3.4508333333333336,2101.0582280321223,1.003225256334958
1905-09-30,9.23,8.277679339,3.4466666666666663,2138.3996171233903,1.0032218526507541
1905-10-31,9.36,8.277679339,3.4425000000000003,2174.8253895830026,1.0032184489851437
1905-11-30,9.31,8.372844628,3.438333333333334,2144.9053768065523,1.0032150453381325
1905-12-31,9.54,8.467928926,3.434166666666667,2179.479336494765,1.0032116417097265
1906-01-31,9.87,8.467928926,3.43,2261.2631182358045,1.0011806993806183
1906-02-28,9.8,8.467928926,3.45,2251.7495467074623,1.0011989435794537
1906-03-31,9.56,8.467928926,3.4700000000000006,2203.2584265795995,1.0012171857262209
1906-04-30,9.43,8.467928926,3.49,2180.0831132658477,1.0012354258239826
1906-05-31,9.18,8.563094215,3.51,2105.544025058806,1.0012536638757978
1906-06-30,9.3,8.563094215,3.5300000000000002,2140.0439067330176,1.0012718998847194
1906-07-31,9.06,8.277679339,3.55,2164.0572180872546,1.0012901338537958
1906-08-31,9.73,8.467928926,3.5700000000000003,2279.20650115443,1.0013083657860706
1906-09-30,10.03,8.563094215,3.59,2330.752905615475,1.0013265956845823
1906-10-31,9.73,8.753424793,3.61,2219.2322937751946,1.0013448235523643
1906-11-30,9.93,8.848509091,3.6300000000000003,2247.922934590424,1.0013630493924461
1906-12-31,9.84,8.94367438,3.6499999999999995,2211.3123506427305,1.0013812732078506
1907-01-31,9.56,8.848509091,3.67,2179.1285710819334,1.0016757521839021
1907-02-28,9.26,9.038839669,3.6866666666666665,2073.8626349734473,1.0016907199705527
1907-03-31,8.35,8.94367438,3.7033333333333336,1897.691476895115,1.0017056865901681
1907-04-30,8.39,8.94367438,3.7199999999999998,1914.6097183752593,1.0017206520441981
1907-05-31,8.1,9.134004959,3.736666666666667,1817.673644311159,1.0017356163340905
1907-06-30,7.84,9.229089256,3.753333333333333,1748.9760025664436,1.0017505794612918
1907-07-31,8.14,9.229089256,3.7699999999999996,1823.7703812986456,1.0017655414272453
1907-08-31,7.53,9.229089256,3.7866666666666666,1695.0664872629582,1.0017805022333937
1907-09-30,7.45,9.229089256,3.8033333333333337,1685.1241982163738,1.0017954618811766
1907-10-31,6.64,9.324254545,3.82,1494.6645800471877,1.0018104203720324
1907-11-30,6.25,8.94367438,3.836666666666667,1475.282670984384,1.0018253777073978
1907-12-31,6.57,8.753424793,3.853333333333333,1593.3661753661245,1.0018403338887065
1908-01-31,6.85,8.658259504,3.87,1688.4544547104308,1.0039792502497789
1908-02-29,6.6,8.563094215,3.8608333333333333,1653.9109474607392,1.003971934330245
1908-03-31,6.87,8.563094215,3.8516666666666666,1730.5505077786806,1.003964618602741
1908-04-30,7.24,8.658259504,3.8425,1812.566684373006,1.0039573030673983
1908-05-31,7.63,8.658259504,3.833333333333333,1919.036200491339,1.0039499877243483
1908-06-30,7.64,8.658259504,3.8241666666666663,1930.3542383710392,1.003942672573722
1908-07-31,7.92,8.753424793,3.8149999999999995,1988.0230653196502,1.0039353576156511
1908-08-31,8.26,8.753424793,3.805833333333333,2082.0127963739515,1.0039280428502675
1908-09-30,8.17,8.753424793,3.7966666666666664,2067.939465325016,1.0039207282777027
1908-10-31,8.27,8.848509091,3.7874999999999996,2079.2434546975437,1.0039134138980883
1908-11-30,8.83,8.94367438,3.778333333333333,2204.7762039313297,1.0039060997115568
1908-12-31,9.03,9.038839669,3.769166666666667,2239.2112034782676,1.0038987857182395
1909-01-31,9.06,8.94367438,3.76,2278.978651306447,1.0021005553726343
1909-02-28,8.8,9.038839669,3.7725,2198.707330706284,1.0021115756288155
1909-03-31,8.92,9.038839669,3.7849999999999997,2237.2263511779374,1.002122595395643
1909-04-30,9.32,9.229089256,3.7975,2297.8240972726976,1.0021336146735726
1909-05-31,9.63,9.324254545,3.8099999999999996,2358.4957260092033,1.0021446334630597
1909-06-30,9.8,9.419419835,3.8225,2384.3671908150623,1.0021556517645591
1909-07-31,9.94,9.419419835,3.835,2427.012084628338,1.0021666695785254
1909-08-31,10.18,9.514585124,3.8474999999999997,2469.346080451269,1.0021776869054124
1909-09-30,10.19,9.609669421,3.8600000000000003,2455.920481410445,1.0021887037456738
1909-10-31,10.23,9.8,3.8724999999999996,2426.2096850350263,1.0021997200997625
1909-11-30,10.18,9.895165289,3.885,2399.6795755481653,1.0022107359681312
1909-12-31,10.3,9.990330579,3.8975000000000004,2413.3993001696554,1.002221751351232
1910-01-31,10.08,9.895165289,3.91,2393.2890179524165,1.002779586495825
1910-02-28,9.72,9.895165289,3.9158333333333335,2316.619086201709,1.002784577867381
1910-03-31,9.96,10.08541488,3.921666666666667,2337.7604798441944,1.0027895691897077
1910-04-30,9.72,10.18058017,3.9274999999999998,2268.822258277904,1.0027945604628268
1910-05-31,9.56,9.990330579,3.9333333333333336,2282.9396248888474,1.0027995516867598
1910-06-30,9.1,9.895165289,3.9391666666666665,2203.1320746121114,1.0028045428615282
1910-07-31,8.64,9.895165289,3.9450000000000003,2100.9951137355197,1.0028095339871532
1910-08-31,8.85,9.8,3.9508333333333336,2182.3711436470358,1.002814525063656
1910-09-30,8.91,9.704834711,3.956666666666667,2228.3096298631867,1.0028195160910582
1910-10-31,9.32,9.419419835,3.9625,2411.4578091867547,1.002824507069381
1910-11-30,9.31,9.229089256,3.9683333333333333,2468.8362640552264,1.0028294979986456
1910-12-31,9.05,9.229089256,3.9741666666666666,2410.2754325143533,1.0028344888788736
1911-01-31,9.27,9.229089256,3.98,2479.298973905878,1.0031121262053728
1911-02-28,9.43,8.94367438,3.9825,2613.3874077978826,1.0031142333635612
1911-03-31,9.32,9.038839669,3.985,2566.4486474579708,1.0031163405178931
1911-04-30,9.28,8.753424793,3.9875,2649.8935221001407,1.0031184476683683
1911-05-31,9.48,8.753424793,3.99,2718.187293727542,1.0031205548149882
1911-06-30,9.67,8.753424793,3.9924999999999997,2783.8959352337897,1.0031226619577531
1911-07-31,9.63,8.848509091,3.995,2753.7434194550565,1.003124769096664
1911-08-31,9.17,9.134004959,3.9975,2551.0935013809585,1.0031268762317218
1911-09-30,8.67,9.229089256,4.0,2397.9274507013383,1.0031289833629269
1911-10-31,8.72,9.229089256,4.0024999999999995,2422.5889498579168,1.00313109049028
1911-11-30,9.07,9.134004959,4.005,2557.0516376410365,1.003133197613782
1911-12-31,9.11,9.038839669,4.0075,2606.527494920548,1.0031353047334335
1912-01-31,9.12,9.134004959,4.01,2593.310367421324,1.000350690754655
1912-02-29,9.04,9.229089256,4.046666666666667,2555.140700438565,1.000386344417337
1912-03-31,9.3,9.419419835,4.083333333333333,2586.419077161483,1.0004219860003025
1912-04-30,9.59,9.704834711,4.12,2599.2799950161675,1.0004576155364637
1912-05-31,9.58,9.704834711,4.156666666666666,2607.2802120324586,1.0004932330586358
1912-06-30,9.58,9.609669421,4.193333333333333,2643.9799403596003,1.0005288385995368
1912-07-31,9.59,9.609669421,4.23,2657.68282178328,1.0005644321917888
1912-08-31,9.81,9.704834711,4.266666666666667,2702.8936149865835,1.000600013867917
1912-09-30,9.86,9.8,4.303333333333334,2701.146054122005,1.0006355836603513
1912-10-31,9.84,9.8,4.34,2706.5862426336453,1.000671141601426
1912-11-30,9.73,9.8,4.376666666666667,2687.3137349032395,1.0007066877233795
1912-12-31,9.38,9.704834711,4.413333333333333,2627.2074500875174,1.0007422220583555
1913-01-31,9.3,9.8,4.45,2590.6006621777847,1.0056452933353177
1913-02-28,8.97,9.8,4.425833333333333,2509.8184909915954,1.0056273197322045
1913-03-31,8.8,9.8,4.401666666666667,2473.444309962732,1.0056093495067409
1913-04-30,8.79,9.8,4.3775,2481.876506473968,1.0055913826649947
1913-05-31,8.55,9.7,4.3533333333333335,2450.410237359601,1.0055734192130459
1913-06-30,8.12,9.8,4.3291666666666675,2314.773494539767,1.005555459156987
1913-07-31,8.23,9.9,4.305,2333.720613007787,1.0055375025029214
1913-08-31,8.45,9.9,4.280833333333334,2407.4469021186037,1.0055195492569646
1913-09-30,8.53,10.0,4.256666666666667,2417.219142206493,1.005501599425245
1913-10-31,8.26,10.0,4.2325,2352.0420727214414,1.0054836530139013
1913-11-30,8.05,10.1,4.208333333333334,2280.8261655019373,1.0054657100290856
1913-12-31,8.04,10.0,4.184166666666667,2312.2194001774174,1.005447770476961
1914-01-31,8.37,10.0,4.16,2418.5076779529854,1.0029258782902253
1914-02-28,8.48,9.9,4.166666666666667,2486.4740587589727,1.0029316012375706
1914-03-31,8.32,9.9,4.173333333333334,2450.9215847466467,1.002937324112795
1914-04-30,8.12,9.8,4.18,2427.8209514327996,1.0029430469159344
1914-05-31,8.17,9.9,4.1866666666666665,2429.3184318466497,1.0029487696470247
1914-06-30,8.13,9.9,4.193333333333333,2428.575066353429,1.0029544923061013
1914-07-31,7.68,10.0,4.2,2282.177245586948,1.0029602148931998
1914-08-31,7.68,10.2,4.206666666666667,2248.1108402836435,1.0029659374083564
1914-09-30,7.68,10.2,4.213333333333333,2258.7220405388885,1.0029716598516059
1914-10-31,7.68,10.1,4.220000000000001,2291.72871124009,1.002977382222985
1914-11-30,7.68,10.2,4.226666666666667,2279.725581229845,1.0029831045225286
1914-12-31,7.35,10.1,4.233333333333333,2213.8625316793073,1.0029888267502722
1915-01-31,7.48,10.1,4.24,2263.5815668578834,1.0048142824374222
1915-02-28,7.38,10.0,4.224166666666667,2266.3938198167884,1.004802029369261
1915-03-31,7.57,9.9,4.208333333333334,2359.146637798829,1.0047897772647538
1915-04-30,8.14,10.0,4.1925,2522.2993136112964,1.0047775261250353
1915-05-31,7.95,10.1,4.176666666666667,2449.879926040086,1.0047652759512427
1915-06-30,8.04,10.1,4.160833333333333,2488.5284510787687,1.004753026744514
1915-07-31,8.01,10.1,4.145,2490.2256439900552,1.0047407785059888
1915-08-31,8.35,10.1,4.129166666666666,2606.9828215781745,1.0047285312368082
1915-09-30,8.66,10.1,4.113333333333333,2714.8916165132596,1.0047162849381146
1915-10-31,9.14,10.2,4.0975,2848.3582920526374,1.0047040396110525
1915-11-30,9.46,10.3,4.081666666666667,2930.4978265689033,1.0046917952567669
1915-12-31,9.48,10.3,4.065833333333333,2947.793752782796,1.004679551876405
1916-01-31,9.33,10.4,4.05,2884.5681134475253,1.0021524623582816
1916-02-29,9.2,10.4,4.0649999999999995,2856.013568608887,1.002165815139745
1916-03-31,9.17,10.5,4.08,2831.439828673324,1.0021791670939835
1916-04-30,9.07,10.6,4.095,2786.2058136226747,1.0021925182219196
1916-05-31,9.27,10.7,4.109999999999999,2833.3093977963276,1.002205868524475
1916-06-30,9.36,10.8,4.125,2846.8192371204414,1.0022192180025706
1916-07-31,9.23,10.8,4.140000000000001,2820.099892036998,1.002232566657126
1916-08-31,9.3,10.9,4.155,2828.453926754501,1.0022459144890594
1916-09-30,9.68,11.1,4.17,2904.108036748044,1.0022592614992878
1916-10-31,9.98,11.3,4.1850000000000005,2954.33806909002,1.0022726076887278
1916-11-30,10.21,11.5,4.2,2983.172618007555,1.0022859530582944
1916-12-31,9.8,11.6,4.215,2852.21151807262,1.0022992976089014
1917-01-31,9.57,11.7,4.23,2775.191691095206,1.0012364045421127
1917-02-28,9.03,12.0,4.258333333333333,2566.8386288526804,1.001263019210337
1917-03-31,9.31,12.0,4.286666666666667,2660.4657023165078,1.001289628388616
1917-04-30,9.17,12.6,4.315000000000001,2509.357618886639,1.0013162320884976
1917-05-31,8.86,12.8,4.343333333333334,2400.4307265882717,1.0013428303215028
1917-06-30,9.04,13.0,4.371666666666667,2425.4117675468046,1.0013694230991275
1917-07-31,8.79,12.8,4.4,2409.6237717741474,1.0013960104328399
1917-08-31,8.53,13.0,4.428333333333334,2316.920911030675,1.001422592334083
1917-09-30,8.12,13.3,4.456666666666667,2170.354034197313,1.0014491688142735
1917-10-31,7.68,13.5,4.485,2037.0025715521983,1.001475739884802
1917-11-30,7.04,13.5,4.513333333333334,1882.2646418329857,1.0015023055570336
1917-12-31,6.8,13.7,4.541666666666667,1806.7041519626218,1.0015288658423072
1918-01-31,7.21,14.0,4.57,1889.3216457463468,1.0042728992704246
1918-02-28,7.43,14.1,4.564166666666667,1947.6894516444527,1.0042681631239432
1918-03-31,7.28,14.0,4.558333333333334,1936.5204768520487,1.0042634270244146
1918-04-30,7.21,14.2,4.5525,1905.0931063469786,1.0042586909718596
1918-05-31,7.44,14.5,4.546666666666667,1938.9934192155117,1.0042539549662983
1918-06-30,7.45,14.7,4.5408333333333335,1928.6795301288626,1.004249219007751
1918-07-31,7.51,15.1,4.535,1905.731509762824,1.004244483096238
1918-08-31,7.58,15.4,4.529166666666667,1898.6721158726498,1.00423974723178
1918-09-30,7.54,15.7,4.523333333333333,1864.8487381803484,1.004235011414397
1918-10-31,7.86,16.0,4.5175,1919.4758936567068,1.0042302756441095
1918-11-30,8.06,16.3,4.511666666666667,1943.676969177348,1.004225539920938
1918-12-31,7.9,16.5,4.505833333333333,1893.3166043638817,1.0042208042449028
1919-01-31,7.85,16.5,4.5,1892.6515469490578,1.000627173423876
1919-02-28,7.88,16.2,4.539166666666667,1946.5949809849933,1.0006654468310299
1919-03-31,8.12,16.4,4.578333333333333,1992.807632663076,1.0007037060469857
1919-04-30,8.39,16.7,4.6175,2033.2625407044297,1.0007419511129143
1919-05-31,8.97,16.9,4.656666666666666,2159.1379292731226,1.0007801820698572
1919-06-30,9.21,16.9,4.695833333333333,2227.939890415884,1.0008183989587263
1919-07-31,9.51,17.4,4.734999999999999,2245.1086525384344,1.0008566018203051
1919-08-31,8.87,17.7,4.774166666666666,2069.033738706903,1.00089479069525
1919-09-30,9.01,17.8,4.813333333333333,2100.320984258521,1.0009329656240877
1919-10-31,9.47,18.1,4.852499999999999,2181.215365797947,1.0009711266472197
1919-11-30,9.19,18.5,4.891666666666667,2080.9711444273885,1.0010092738049188
1919-12-31,8.92,18.9,4.930833333333333,1986.8743060530883,1.0010474071373323
1920-01-31,8.83,19.3,4.97,1935.667161094037,1.003360333897
1920-02-29,8.1,19.5,4.9799999999999995,1766.9516432303,1.003369024607683
1920-03-31,8.67,19.7,4.99,1881.538573562459,1.003377715089267
1920-04-30,8.6,20.3,5.0,1820.36843614793,1.0033864053419226
1920-05-31,8.06,20.6,5.01,1690.28897773883,1.0033950953658182
1920-06-30,7.92,20.9,5.02,1646.0451632107706,1.0034037851611233
1920-07-31,7.91,20.8,5.029999999999999,1660.890363415415,1.0034124747280067
1920-08-31,7.6,20.3,5.039999999999999,1644.3677592334234,1.003421164066638
1920-09-30,7.87,20.0,5.05,1737.7527926171038,1.0034298531771852
1920-10-31,7.88,19.9,5.0600000000000005,1758.1968778488342,1.0034385420598178
1920-11-30,7.48,19.8,5.069999999999999,1686.9396587770266,1.0034472307147033
1920-12-31,6.81,19.4,5.079999999999999,1577.2860234373284,1.003455919142011
1921-01-31,7.11,19.0,5.09,1691.4068545562207,1.0093750608638843
1921-02-28,7.06,18.4,5.024166666666666,1744.549154590483,1.0093356823927233
1921-03-31,6.88,18.3,4.958333333333333,1719.661038287578,1.009296369442242
1921-04-30,6.91,18.1,4.8925,1756.6327908551868,1.0092571223325355
1921-05-31,7.12,17.7,4.826666666666666,1861.5202676164345,1.0092179413853946
1921-06-30,6.55,17.6,4.760833333333333,1732.8511019499917,1.0091788269243167
1921-07-31,6.53,17.7,4.695,1728.3397751553982,1.0091397792745151
1921-08-31,6.45,17.7,4.629166666666666,1717.6799153629968,1.009100798762928
1921-09-30,6.61,17.5,4.5633333333333335,1791.0122932778543,1.0090618857182294
1921-10-31,6.7,17.5,4.4975,1825.9722571417237,1.009023040470837
1921-11-30,7.06,17.4,4.431666666666667,1945.7452350812105,1.0089842633529238
1921-12-31,7.31,17.3,4.365833333333333,2036.9166967096123,1.008945554698427
1922-01-31,7.3,16.9,4.3,2093.3094683791364,1.0031803360364855
1922-02-28,7.46,16.9,4.305,2150.3808268646376,1.0031845960283758
1922-03-31,7.74,16.7,4.3100000000000005,2269.2977996848063,1.003188855990148
1922-04-30,8.21,16.7,4.3149999999999995,2418.744546576839,1.0031931159218126
1922-05-31,8.53,16.7,4.32,2524.823631400724,1.0031973758233814
1922-06-30,8.45,16.7,4.325,2513.107226311672,1.0032016356948654
1922-07-31,8.51,16.8,4.33,2527.9387958469497,1.003205895536276
1922-08-31,8.83,16.6,4.335,2666.957355784886,1.0032101553476238
1922-09-30,9.06,16.6,4.34,2748.946913981085,1.0032144151289202
1922-10-31,9.26,16.7,4.345,2805.41528456451,1.0032186748801766
1922-11-30,8.8,16.8,4.35,2662.8778159099675,1.0032229346014039
1922-12-31,8.78,16.9,4.3549999999999995,2653.889349909518,1.0032271942926132
1923-01-31,8.9,16.8,4.36,2719.1398673858457,1.005645522318621
1923-02-28,9.28,16.8,4.335,2848.3066491200084,1.0056270198581208
1923-03-31,9.43,16.8,4.31,2907.5184836450876,1.0056085211624202
1923-04-30,9.1,16.9,4.285,2802.3660262184785,1.0055900262385207
1923-05-31,8.67,16.9,4.26,2683.2475062194103,1.0055715350934378
1923-06-30,8.34,17.0,4.234999999999999,2579.2661279733293,1.0055530477342007
1923-07-31,8.06,17.2,4.21,2476.9764372346604,1.0055345641678535
1923-08-31,8.1,17.1,4.185,2517.3062153630894,1.0055160844014541
1923-09-30,8.15,17.2,4.16,2531.636810339116,1.0054976084420746
1923-10-31,8.03,17.3,4.135,2493.498174769355,1.005479136296801
1923-11-30,8.27,17.3,4.109999999999999,2581.6944162499112,1.0054606679727343
1923-12-31,8.55,17.3,4.085,2682.8914263185543,1.0054422034769896
1924-01-31,8.83,17.3,4.06,2784.6556423400357,1.0047430787771652
1924-02-29,8.87,17.2,4.043333333333333,2827.6301057265387,1.0047302452630666
1924-03-31,8.7,17.1,4.026666666666666,2803.9510937078608,1.004717412888221
1924-04-30,8.5,17.0,4.01,2770.1064655647574,1.0047045816540427
1924-05-31,8.47,17.0,3.993333333333333,2774.948720298191,1.0046917515619485
1924-06-30,8.63,17.0,3.9766666666666666,2842.1109974718784,1.004678922613356
1924-07-31,9.03,17.1,3.96,2971.231315251612,1.0046660948096857
1924-08-31,9.34,17.0,3.943333333333333,3106.2964822906793,1.0046532681523594
1924-09-30,9.25,17.1,3.9266666666666667,3073.3901948644316,1.0046404426428017
1924-10-31,9.13,17.2,3.91,3030.931579765264,1.004627618282438
1924-11-30,9.64,17.2,3.8933333333333335,3215.407310445701,1.004614795072696
1924-12-31,10.16,17.3,3.876666666666667,3384.46304582349,1.0046019730150058
1925-01-31,10.58,17.3,3.86,3539.7563789185174,1.004451807401011
1925-02-28,10.67,17.2,3.845,3606.27916705831,1.0044401732636803
1925-03-31,10.39,17.3,3.83,3507.0967705093817,1.0044285399691208
1925-04-30,10.28,17.2,3.815,3506.174260876686,1.0044169075182756
1925-05-31,10.61,17.3,3.8,3613.9387215773195,1.004405275912088
1925-06-30,10.8,17.5,3.785,3652.748702619707,1.004393645151504
1925-07-31,11.1,17.7,3.77,3727.9336187209183,1.0043820152374694
1925-08-31,11.25,17.7,3.7550000000000003,3794.6362027561863,1.0043703861709314
1925-09-30,11.51,17.7,3.74,3898.848156250397,1.0043587579528388
1925-10-31,11.89,17.7,3.725,4044.2702243546196,1.0043471305841412
1925-11-30,12.26,18.0,3.71,4117.226670964934,1.0043355040657889
1925-12-31,12.46,17.9,3.6950000000000003,4224.653466183729,1.0043238783987345
1926-01-31,12.65,17.9,3.68,4306.239119498371,1.0054209127544818
1926-02-28,12.67,17.9,3.651666666666667,4330.493628373015,1.0054004313264016
1926-03-31,11.81,17.8,3.6233333333333335,4077.0605452773657,1.0053799556662915
1926-04-30,11.48,17.9,3.595,3959.020019696024,1.005359485786362
1926-05-31,11.56,17.8,3.566666666666667,4027.4294285888486,1.0053390216988511
1926-06-30,12.11,17.7,3.5383333333333336,4261.714248790674,1.0053185634160247
1926-07-31,12.62,17.5,3.51,4511.302546734403,1.0052981109501766
1926-08-31,13.12,17.4,3.4816666666666665,4736.767006537019,1.0052776643136292
1926-09-30,13.32,17.5,3.453333333333333,4801.46173317737,1.0052572235187336
1926-10-31,13.02,17.6,3.425,4686.815344313319,1.005236788577868
1926-11-30,13.19,17.7,3.3966666666666665,4741.543056097654,1.0052163595034402
1926-12-31,13.49,17.7,3.3683333333333327,4870.057206405077,1.0051959363078855
1927-01-31,13.4,17.5,3.34,4914.051878755978,1.0028536005602389
1927-02-28,13.66,17.4,3.339166666666666,5059.80519150303,1.002852908876278
1927-03-31,13.87,17.3,3.3383333333333334,5189.331048636204,1.002852217192467
1927-04-30,14.21,17.3,3.3375,5338.884426676299,1.002851525508806
1927-05-31,14.7,17.4,3.336666666666667,5513.758565384583,1.002850833825295
1927-06-30,14.89,17.6,3.3358333333333334,5544.117057485658,1.002850142141934
1927-07-31,15.22,17.3,3.335,5788.515029067228,1.0028494504587229
1927-08-31,16.03,17.2,3.3341666666666665,6155.716617477216,1.0028487587756614
1927-09-30,16.94,17.3,3.3333333333333335,6491.427687121651,1.0028480670927502
1927-10-31,16.68,17.4,3.3325,6379.0860816241475,1.0028473754099891
1927-11-30,17.06,17.3,3.3316666666666666,6586.593288152673,1.0028466837273777
1927-12-31,17.46,17.3,3.3308333333333335,6765.8006182377185,1.0028459920449164
1928-01-31,17.53,17.3,3.33,6818.006946318593,1.0008789768522124
1928-02-29,17.32,17.1,3.3525,6840.8029504852175,1.0008997359696088
1928-03-31,18.25,17.1,3.375,7234.122789102897,1.000920492144399
1928-04-30,19.4,17.1,3.3975,7716.2886343800565,1.000941245381527
1928-05-31,20.0,17.2,3.42,7935.158139080783,1.0009619956859277
1928-06-30,19.02,17.1,3.4425,7617.403780265838,1.0009827430625267
1928-07-31,19.16,17.1,3.465,7700.729980836245,1.0010034875162417
1928-08-31,19.78,17.1,3.4875,7977.493385719005,1.0010242290519806
1928-09-30,21.17,17.3,3.51,8466.962683115247,1.0010449676746427
1928-10-31,21.6,17.2,3.5324999999999998,8717.216732928326,1.0010657033891182
1928-11-30,23.06,17.2,3.555,9334.797234594154,1.0010864362002887
1928-12-31,23.15,17.1,3.5775,9454.873524701678,1.0011071661130269
1929-01-31,24.86,17.1,3.6,10182.538016991532,1.005154336235617
1929-02-28,24.99,17.1,3.5741666666666667,10265.481055947317,1.005135423137138
1929-03-31,25.43,17.0,3.5483333333333333,10537.97553578141,1.0051165144351146
1929-04-30,25.28,16.9,3.5225,10568.719787882234,1.005097610138035
1929-05-31,25.66,17.0,3.4966666666666666,10695.65213892736,1.0050787102544052
1929-06-30,26.15,17.1,3.470833333333333,10867.57698872782,1.0050598147927496
1929-07-31,28.48,17.3,3.4450000000000003,11730.554775270686,1.0050409237616102
1929-08-31,30.1,17.3,3.4191666666666665,12429.733733522862,1.0050220371695462
1929-09-30,31.3,17.3,3.3933333333333335,12957.618881563396,1.005003155025136
1929-10-31,27.99,17.3,3.3674999999999997,11620.113865487217,1.0049842773369742
1929-11-30,20.58,17.3,3.341666666666667,8577.047247622933,1.0049654041136753
1929-12-31,21.4,17.2,3.315833333333333,9004.533408583706,1.0049465353638702
1930-01-31,21.71,17.1,3.29,9222.633375180178,1.002389584127794
1930-02-28,23.07,17.0,3.2941666666666665,9892.626128974582,1.0023931255535405
1930-03-31,23.94,16.9,3.2983333333333333,10361.390815774259,1.0023966669604922
1930-04-30,25.46,17.0,3.3024999999999998,10989.335470376558,1.0024002083486547
1930-05-31,23.94,16.9,3.3066666666666666,10429.647886630635,1.0024037497180343
1930-06-30,21.52,16.8,3.310833333333333,9466.769579820711,1.0024072910686364
1930-07-31,21.06,16.6,3.3150000000000004,9412.235059444816,1.002410832400467
1930-08-31,20.79,16.5,3.319166666666667,9384.474306544398,1.0024143737135318
1930-09-30,20.78,16.6,3.3233333333333333,9360.002855527502,1.002417915007837
1930-10-31,17.92,16.5,3.3275,8157.627677265161,1.0024214562833882
1930-11-30,16.62,16.4,3.3316666666666666,7649.341476484562,1.0024249975401915
1930-12-31,15.51,16.1,3.3358333333333325,7309.767149292642,1.002428538778252
1931-01-31,15.98,15.9,3.34,7664.452479184463,1.0003975293854486
1931-02-28,17.2,15.7,3.3683333333333327,8393.276653077513,1.000424322533243
1931-03-31,17.53,15.6,3.3966666666666665,8647.616000076361,1.0004511098145998
1931-04-30,15.86,15.5,3.425,7912.615901758626,1.0004778912419263
1931-05-31,14.33,15.3,3.453333333333333,7281.214833849523,1.0005046668276012
1931-06-30,13.87,15.1,3.4816666666666665,7179.441430832751,1.0005314365839755
1931-07-31,14.33,15.1,3.51,7455.796438132176,1.000558200523371
1931-08-31,13.9,15.1,3.5383333333333336,7269.9348273427995,1.0005849586580824
1931-09-30,11.83,15.0,3.566666666666667,6266.271218953072,1.0006117110003754
1931-10-31,10.25,14.9,3.595,5503.419611812729,1.0006384575624876
1931-11-30,10.39,14.7,3.6233333333333335,5692.279252128581,1.0006651983566295
1931-12-31,8.44,14.6,3.651666666666667,4693.314150604848,1.0006919333949829
1932-01-31,8.3,14.3,3.68,4749.82359679487,1.0056289406128645
1932-02-29,8.23,14.1,3.649166666666667,4813.651795014864,1.0056069534178527
1932-03-31,8.26,14.0,3.6183333333333336,4902.032982068795,1.0055849736590832
1932-04-30,6.28,13.9,3.5875000000000004,3789.312539678231,1.0055630013536887
1932-05-31,5.51,13.7,3.5566666666666666,3408.2684167275447,1.0055410365188449
1932-06-30,4.77,13.6,3.525833333333334,3006.4997199841528,1.0055190791717696
1932-07-31,5.01,13.6,3.495,3191.033882566618,1.0054971293297246
1932-08-31,7.53,13.5,3.464166666666667,4864.0723215787075,1.0054751870100134
1932-09-30,8.26,13.4,3.4333333333333336,5406.89492546304,1.0054532522299842
1932-10-31,7.12,13.3,3.4025,4726.1163510146425,1.0054313250070273
1932-11-30,7.05,13.2,3.3716666666666666,4744.45877378624,1.005409405358577
1932-12-31,6.82,13.1,3.3408333333333338,4652.965285874235,1.0053874933021107
1933-01-31,7.09,12.9,3.31,4940.7477881182485,1.0040962469810495
1933-02-28,6.25,12.7,3.2941666666666674,4452.876173766145,1.0040840524872445
1933-03-31,6.23,12.6,3.2783333333333333,4502.877967965001,1.0040718590262971
1933-04-30,6.89,12.6,3.2624999999999997,5008.819312680169,1.0040596665994306
1933-05-31,8.87,12.6,3.2466666666666666,6476.994639758108,1.0040474752078703
1933-06-30,10.39,12.7,3.2308333333333334,7555.554626530316,1.0040352848528435
1933-07-31,11.23,13.1,3.215,7944.361017353456,1.0040230955355782
1933-08-31,10.67,13.2,3.1991666666666667,7517.933182313978,1.0040109072573054
1933-09-30,10.58,13.2,3.1833333333333336,7481.235992069162,1.0039987200192555
1933-10-31,9.55,13.2,3.1675000000000004,6779.428173342448,1.0039865338226626
1933-11-30,9.78,13.2,3.151666666666667,6969.027364403201,1.0039743486687611
1933-12-31,9.97,13.2,3.1358333333333333,7130.54538102877,1.0039621645587875
1934-01-31,10.54,13.2,3.12,7564.48114507252,1.0049460002047168
1934-02-28,11.32,13.3,3.0925,8089.415082359168,1.0049261411367563
1934-03-31,10.74,13.3,3.065,7701.291092376276,1.0049062875674284
1934-04-30,10.92,13.3,3.0375000000000005,7856.852631022948,1.0048864395080688
1934-05-31,9.81,13.3,3.0100000000000002,7084.849707438354,1.0048665969700379
1934-06-30,9.94,13.4,2.9825,7151.7459182595285,1.0048467599647228
1934-07-31,9.47,13.4,2.955,6840.314004706346,1.0048269285035347
1934-08-31,9.1,13.4,2.9275,6599.9459484322015,1.0048071025979108
1934-09-30,8.88,13.6,2.9000000000000004,6372.323984209968,1.0047872822593136
1934-10-31,8.95,13.5,2.8724999999999996,6497.137831546335,1.0047674674992313
1934-11-30,9.2,13.5,2.8449999999999998,6705.7963772499625,1.0047476583291777
1934-12-31,9.26,13.4,2.8175,6827.436847306949,1.004727854760692
1935-01-31,9.26,13.6,2.79,6754.275669999104,1.0033352317261985
1935-02-28,8.98,13.7,2.7783333333333333,6529.385155660088,1.0033260709525895
1935-03-31,8.41,13.7,2.7666666666666666,6142.20279537178,1.0033169106083266
1935-04-30,9.04,13.8,2.755,6581.465442544284,1.0033077506937862
1935-05-31,9.75,13.8,2.743333333333333,7125.269520618737,1.0032985912093437
1935-06-30,10.12,13.7,2.731666666666667,7476.638791307982,1.0032894321553765
1935-07-31,10.65,13.7,2.72,7895.291161045254,1.0032802735322615
1935-08-31,11.37,13.7,2.708333333333333,8456.239860124213,1.003271115340376
1935-09-30,11.61,13.7,2.6966666666666668,8662.005884278511,1.0032619575800976
1935-10-31,11.92,13.7,2.685,8921.269195629655,1.0032528002518044
1935-11-30,13.04,13.8,2.6733333333333333,9717.270039798845,1.0032436433558753
1935-12-31,13.04,13.8,2.6616666666666666,9746.456625424518,1.0032344868926886
1936-01-31,13.76,13.8,2.65,10314.501643470736,1.0019905526047752
1936-02-29,14.55,13.8,2.6525,10937.294650892023,1.0019926619203892
1936-03-31,14.86,13.7,2.6550000000000002,11283.407750236478,1.0019947712317432
1936-04-30,14.88,13.7,2.6574999999999998,11331.286744696707,1.0019968805388375
1936-05-31,14.09,13.7,2.66,10763.537813321731,1.0019989898416737
1936-06-30,14.69,13.8,2.6625,11175.326731517469,1.0020010991402517
1936-07-31,15.56,13.9,2.665,11787.889696792676,1.002003208434573
1936-08-31,15.87,14.0,2.6675000000000004,11973.843151708606,1.002005317724638
1936-09-30,16.05,14.0,2.67,12148.005856656271,1.0020074270104475
1936-10-31,16.89,14.0,2.6725000000000003,12824.577058828658,1.0020095362920027
1936-11-30,17.36,14.0,2.675,13224.685956239031,1.0020116455693042
1936-12-31,17.06,14.0,2.6774999999999998,13041.856196475355,1.0020137548423524
1937-01-31,17.59,14.1,2.68,13397.831687652342,1.0031037291014482
1937-02-28,18.11,14.1,2.67,13840.87160228098,1.003095811177983
1937-03-31,18.09,14.2,2.66,13775.65327234085,1.0030878935270666
1937-04-30,17.01,14.3,2.6500000000000004,12911.795995462178,1.0030799761489029
1937-05-31,16.25,14.4,2.64,12300.12454083441,1.0030720590436968
1937-06-30,15.64,14.4,2.63,11891.38194070822,1.0030641422116537
1937-07-31,16.57,14.5,2.62,12562.979192022904,1.003056225652979
1937-08-31,16.74,14.5,2.6100000000000003,12741.992989664583,1.0030483093678773
1937-09-30,14.37,14.6,2.6,10911.608369484928,1.0030403933565546
1937-10-31,12.28,14.6,2.59,9373.960008440603,1.0030324776192163
1937-11-30,11.2,14.5,2.58,8659.1029904245,1.0030245621560687
1937-12-31,11.02,14.4,2.57,8631.005289335368,1.0030166469673172
1938-01-31,11.31,14.2,2.56,9035.40783099461,1.0035927963643612
1938-02-28,11.04,14.1,2.5433333333333334,8935.002471733304,1.0035800712783167
1938-03-31,10.31,14.1,2.5266666666666664,8396.798065600819,1.003567347466768
1938-04-30,9.89,14.2,2.51,8049.6797334017065,1.0035546249313114
1938-05-31,9.98,14.1,2.493333333333333,8232.00060381575,1.0035419036735465
1938-06-30,10.21,14.1,2.4766666666666666,8472.581783786985,1.003529183695074
1938-07-31,12.24,14.1,2.46,10206.46902207155,1.0035164649974975
1938-08-31,12.31,14.1,2.4433333333333334,10312.554802589788,1.0035037475824222
1938-09-30,11.75,14.1,2.4266666666666667,9889.497111663075,1.0034910314514565
1938-10-31,13.06,14.0,2.4099999999999997,11113.675575556796,1.0034783166062096
1938-11-30,13.07,14.0,2.393333333333333,11161.897240892295,1.0034656030482938
1938-12-31,12.69,14.0,2.3766666666666665,10873.669213440024,1.0034528907793234
1939-01-31,12.5,14.0,2.36,10747.519012702563,1.0030715805683288
1939-02-28,12.4,13.9,2.3474999999999997,10775.526160643782,1.003061826930466
1939-03-31,12.39,13.9,2.335,10804.492628817556,1.0030520738380837
1939-04-30,10.83,13.8,2.3225,9550.862231692245,1.0030423212916948
1939-05-31,11.23,13.8,2.31,9942.323163295056,1.0030325692918127
1939-06-30,11.43,13.8,2.2975000000000003,10158.492700757615,1.0030228178389522
1939-07-31,11.71,13.8,2.285,10447.338731181606,1.0030130669336272
1939-08-31,11.54,13.8,2.2725,10336.560658953731,1.0030033165763537
1939-09-30,12.77,14.1,2.26,11235.833940221164,1.0029935667676464
1939-10-31,12.9,14.0,2.2475,11474.119343422579,1.0029838175080226
1939-11-30,12.67,14.0,2.2350000000000003,11314.015352584123,1.0029740687979982
1939-12-31,12.37,14.0,2.2225,11092.259461037816,1.0029643206380907
1940-01-31,12.3,13.9,2.21,11155.752850955123,1.0037715554144664
1940-02-29,12.22,14.0,2.1883333333333335,11051.05522129265,1.0037555134840215
1940-03-31,12.15,14.0,2.166666666666667,11035.229242047757,1.0037394744304893
1940-04-30,12.27,14.0,2.145,11192.40685799011,1.0037234382585667
1940-05-31,10.58,14.0,2.1233333333333335,9699.731182909507,1.0037074049729597
1940-06-30,9.67,14.1,2.1016666666666666,8851.876530203263,1.0036913745783809
1940-07-31,9.99,14.0,2.08,9260.573497077232,1.0036753470795532
1940-08-31,10.2,14.0,2.0583333333333336,9506.48181549708,1.0036593224812065
1940-09-30,10.63,14.0,2.0366666666666666,9959.282379094697,1.0036433007880792
1940-10-31,10.73,14.0,2.015,10105.283147744012,1.0036272820049184
1940-11-30,10.98,14.0,1.9933333333333334,10393.310401178467,1.0036112661364796
1940-12-31,10.53,14.1,1.9716666666666665,9949.13978761288,1.0035952531875263
1941-01-31,10.55,14.1,1.95,10021.052399908227,0.9978035430605655
1941-02-28,9.89,14.1,1.9925,9447.70469419745,0.9978467915278134
1941-03-31,9.95,14.2,2.035,9491.83587150981,0.9978900180657854
1941-04-30,9.64,14.3,2.0775,9185.744308857427,0.9979332227445837
1941-05-31,9.43,14.4,2.12,8977.386817039704,0.9979764056340686
1941-06-30,9.76,14.7,2.1625,9155.547349236676,0.9980195668038597
1941-07-31,10.26,14.7,2.205,9678.781017318202,0.9980627063233352
1941-08-31,10.21,14.9,2.2474999999999996,9556.361732744628,0.9981058242616352
1941-09-30,10.24,15.1,2.29,9511.37061320193,0.9981489206876621
1941-10-31,9.83,15.3,2.3325,9064.919688504222,0.9981919956700795
1941-11-30,9.37,15.4,2.3750000000000004,8638.566328596444,0.9982350492773152
1941-12-31,8.76,15.5,2.4175,8078.275385956423,0.9982780815775614
1942-01-31,8.93,15.7,2.46,8183.501824016335,1.0019767381834872
1942-02-28,8.65,15.8,2.4608333333333334,7929.603692379194,1.001977435551568
1942-03-31,8.18,16.0,2.461666666666667,7457.0646284131735,1.0019781329194886
1942-04-30,7.84,16.1,2.4625,7154.058975215338,1.0019788302872494
1942-05-31,7.93,16.3,2.4633333333333334,7197.720314180898,1.0019795276548498
1942-06-30,8.33,16.3,2.4641666666666664,7610.704266633899,1.0019802250222902
1942-07-31,8.64,16.4,2.465,7894.737393413271,1.0019809223895706
1942-08-31,8.59,16.5,2.4658333333333338,7849.413266333596,1.001981619756691
1942-09-30,8.68,16.5,2.466666666666667,7978.866143252175,1.0019823171236515
1942-10-31,9.32,16.7,2.4675000000000002,8510.73642682588,1.0019830144904518
1942-11-30,9.47,16.8,2.4683333333333337,8641.624004205534,1.001983711857092
1942-12-31,9.52,16.9,2.4691666666666667,8680.446868429673,1.0019844092235723
1943-01-31,10.09,16.9,2.47,9245.01024581441,1.0019851065898928
1943-02-28,10.69,16.9,2.470833333333333,9839.81227600019,1.001985803956053
1943-03-31,11.07,17.2,2.4716666666666667,10056.332064567752,1.0019865013220532
1943-04-30,11.44,17.4,2.4725,10317.14924096815,1.0019871986878939
1943-05-31,11.89,17.5,2.4733333333333336,10705.794500712213,1.0019878960535744
1943-06-30,12.1,17.5,2.474166666666667,10939.149006579994,1.0019885934190949
1943-07-31,12.35,17.4,2.475,11274.289808457552,1.0019892907844554
1943-08-31,11.74,17.3,2.475833333333333,10825.026187518813,1.001989988149656
1943-09-30,11.99,17.4,2.4766666666666666,11037.842696404223,1.0019906855146967
1943-10-31,11.88,17.4,2.4775,10982.863146698191,1.0019913828795777
1943-11-30,11.33,17.4,2.4783333333333335,10521.135059355387,1.0019920802442988
1943-12-31,11.48,17.4,2.479166666666667,10707.630613143609,1.0019927776088597
1944-01-31,11.85,17.4,2.48,11100.40952668316,1.0028721608445137
1944-02-29,11.77,17.4,2.470833333333333,11073.608282632353,1.002864875599419
1944-03-31,12.1,17.4,2.461666666666667,11432.69300321049,1.0028575905674066
1944-04-30,11.89,17.5,2.4525,11218.877771723599,1.0028503057486233
1944-05-31,12.1,17.5,2.4433333333333334,11466.299081376781,1.0028430211432164
1944-06-30,12.67,17.6,2.4341666666666666,11987.696403546588,1.0028357367513328
1944-07-31,13.0,17.7,2.425,12280.087618617028,1.0028284525731195
1944-08-31,12.81,17.7,2.4158333333333335,12150.726892805713,1.0028211686087238
1944-09-30,12.6,17.7,2.4066666666666667,12002.123155110716,1.0028138848582933
1944-10-31,12.91,17.7,2.3975,12348.216124398301,1.0028066013219752
1944-11-30,12.82,17.7,2.3883333333333336,12313.14502257326,1.0027993179999177
1944-12-31,13.1,17.8,2.3791666666666664,12562.326006088495,1.0027920348922679
1945-01-31,13.49,17.8,2.37,12987.729597595931,1.0033004196151964
1945-02-28,13.94,17.8,2.355,13472.857321605734,1.0032888739842185
1945-03-31,13.93,17.8,2.3400000000000003,13515.543921201926,1.0032773292954764
1945-04-30,14.28,17.8,2.325,13907.685510205449,1.0032657855500335
1945-05-31,14.82,17.9,2.31,14405.431410221667,1.003254242748955
1945-06-30,15.09,18.1,2.295,14557.872182026718,1.003242700893307
1945-07-31,14.78,18.1,2.2800000000000002,14311.328410153294,1.0032311599841568
1945-08-31,14.83,18.1,2.265,14412.729933265624,1.0032196200225736
1945-09-30,15.84,18.1,2.25,15447.764146274918,1.003208081009627
1945-10-31,16.5,18.1,2.2350000000000003,16145.059055655382,1.003196542946389
1945-11-30,17.04,18.1,2.2199999999999998,16727.25967008659,1.0031850058339318
1945-12-31,17.33,18.2,2.205,16972.15894565032,1.00317346967333
1946-01-31,18.02,18.2,2.19,17702.31981484538,1.001379783904099
1946-02-28,18.07,18.1,2.195,17904.93901870162,1.0013840576640278
1946-03-31,17.53,18.3,2.2,17235.572395090967,1.0013883313886893
1946-04-30,18.66,18.4,2.205,18302.295688461338,1.001392605078097
1946-05-31,18.7,18.5,2.21,18297.66546196116,1.001396878732264
1946-06-30,18.58,18.7,2.215,18040.66059042542,1.0014011523512036
1946-07-31,18.05,19.8,2.2199999999999998,16604.595907676394,1.0014054259349292
1946-08-31,17.7,20.2,2.225,16011.792595102152,1.001409699483454
1946-09-30,15.09,20.4,2.23,13568.406703093657,1.001413972996791
1946-10-31,14.75,20.8,2.235,13058.8364077979,1.0014182464749537
1946-11-30,14.69,21.3,2.24,12751.090147507877,1.0014225199179554
1946-12-31,15.13,21.5,2.245,13061.727269319783,1.001426793325809
1947-01-31,15.21,21.5,2.25,13182.109618277442,1.0004699429526016
1947-02-28,15.8,21.5,2.265833333333333,13745.20691748414,1.000484205925781
1947-03-31,15.16,21.9,2.2816666666666667,12998.79792962353,1.0004984677859259
1947-04-30,14.6,21.9,2.2975,12571.030369130205,1.0005127285343618
1947-05-31,14.34,21.9,2.3133333333333335,12400.737896418683,1.0005269881724117
1947-06-30,14.84,22.0,2.3291666666666666,12829.307838363187,1.0005412467013974
1947-07-31,15.77,22.2,2.3449999999999998,13565.45120223388,1.0005555041226388
1947-08-31,15.46,22.5,2.360833333333333,13176.63801622185,1.0005697604374542
1947-09-30,15.06,23.0,2.376666666666667,12611.56894892374,1.0005840156471602
1947-10-31,15.45,23.0,2.3925,12994.456726537086,1.0005982697530713
1947-11-30,15.27,23.1,2.408333333333333,12844.923894293319,1.000612522756501
1947-12-31,15.03,23.4,2.424166666666667,12539.076966647222,1.0006267746587607
1948-01-31,14.83,23.7,2.44,12273.501017770659,1.002987182767804
1948-02-29,14.1,23.5,2.4291666666666667,11827.54675678596,1.0029786503038336
1948-03-31,14.3,23.4,2.418333333333333,12106.246665525518,1.0029701181927324
1948-04-30,15.4,23.8,2.4075,12877.33781582207,1.0029615864347885
1948-05-31,16.15,23.9,2.3966666666666665,13506.95914144986,1.002953055030289
1948-06-30,16.82,24.1,2.3858333333333333,14009.318030371662,1.0029445239795223
1948-07-31,16.42,24.4,2.375,13566.738468832791,1.0029359932827764
1948-08-31,15.94,24.5,2.3641666666666667,13175.591338569338,1.0029274629403402
1948-09-30,15.76,24.5,2.3533333333333335,13086.734621574595,1.0029189329525021
1948-10-31,16.19,24.4,2.3425,13560.7327345877,1.0029104033195513
1948-11-30,15.29,24.2,2.3316666666666666,12976.778343667585,1.002901874041777
1948-12-31,15.19,24.1,2.3208333333333333,13011.44868193912,1.0028933451194686
1949-01-31,15.36,24.0,2.31,13279.744599992719,1.0018512093111103
1949-02-28,14.77,23.8,2.3108333333333335,12946.94693795657,1.0018519067081715
1949-03-31,14.91,23.8,2.3116666666666665,13141.253408589411,1.001852604105071
1949-04-30,14.89,23.9,2.3125,13141.368114149594,1.0018533015018085
1949-05-31,14.78,23.8,2.3133333333333335,13173.44265683747,1.0018539988983841
1949-06-30,13.97,23.9,2.314166666666667,12474.833484398929,1.0018546962947978
1949-07-31,14.76,23.7,2.315,13368.551973638248,1.0018553936910497
1949-08-31,15.29,23.8,2.3158333333333334,13868.066039317535,1.00185609108714
1949-09-30,15.49,23.9,2.3166666666666664,14068.960103924719,1.001856788483068
1949-10-31,15.89,23.7,2.3175,14635.979883259512,1.0018574858788343
1949-11-30,16.11,23.8,2.3183333333333334,14860.858108016888,1.0018581832744389
1949-12-31,16.54,23.6,2.3191666666666664,15475.19415280353,1.0018588806698816
1950-01-31,16.88,23.5,2.32,15950.5566776599,1.0000912209180444
1950-02-28,17.21,23.5,2.3408333333333333,16353.730306163156,1.0001104225647852
1950-03-31,17.35,23.6,2.361666666666667,16509.161931977786,1.0001296216912134
1950-04-30,17.84,23.6,2.3825,17068.982696818148,1.0001488183012737
1950-05-31,18.44,23.7,2.4033333333333333,17663.088860909826,1.000168012398905
1950-06-30,18.74,23.8,2.4241666666666664,17970.41160317159,1.0001872039880388
1950-07-31,17.38,24.1,2.445,16556.91744871985,1.0002063930726006
1950-08-31,18.43,24.3,2.4658333333333333,17513.991840892184,1.000225579656509
1950-09-30,19.08,24.4,2.4866666666666664,18162.268378365858,1.0002447637436755
1950-10-31,19.87,24.6,2.5075,18868.812108402926,1.000263945338006
1950-11-30,19.83,24.7,2.5283333333333333,18866.767806715954,1.0002831244433987
1950-12-31,19.75,25.0,2.549166666666667,18680.316950080447,1.000302301063746
1951-01-31,21.21,25.4,2.57,19860.65042416132,1.001340335826904
1951-02-28,22.0,25.7,2.5791666666666666,20475.858443382684,1.0013483256412163
1951-03-31,21.63,25.8,2.5883333333333334,20170.89705861487,1.0013563152444647
1951-04-30,21.92,25.8,2.5975,20560.492386673377,1.001364304636794
1951-05-31,21.93,25.9,2.6066666666666665,20610.88032906396,1.0013722938183494
1951-06-30,21.55,25.9,2.6158333333333332,20375.91817300988,1.001380282789276
1951-07-31,21.93,25.9,2.625,20857.082164616895,1.0013882715497184
1951-08-31,22.89,25.9,2.6341666666666668,21891.640518211127,1.0013962600998219
1951-09-30,23.48,26.1,2.6433333333333335,22404.045178502405,1.0014042484397307
1951-10-31,23.36,26.2,2.6525000000000003,22321.965774802684,1.00141223656959
1951-11-30,22.71,26.4,2.6616666666666666,21650.775106700097,1.0014202244895438
1951-12-31,23.41,26.5,2.6708333333333334,22345.503749365176,1.0014282121997367
1952-01-31,24.19,26.5,2.68,23202.45763626589,1.0011465057191369
1952-02-29,23.75,26.3,2.6925,23067.752897016268,1.0011575700288213
1952-03-31,23.81,26.3,2.705,23240.963392453512,1.0011686338079795
1952-04-30,23.74,26.4,2.7175000000000002,23200.739283306542,1.001179697057109
1952-05-31,23.73,26.4,2.7300000000000004,23308.240602647897,1.0011907597767067
1952-06-30,24.38,26.5,2.7425,23974.560985753116,1.0012018219672691
1952-07-31,25.08,26.7,2.755,24596.112833488027,1.001212883629292
1952-08-31,25.18,26.7,2.7675,24812.685464431484,1.0012239447632705
1952-09-30,24.78,26.7,2.7800000000000002,24537.59115576771,1.0012350053697001
1952-10-31,24.26,26.7,2.7925,24141.22934608842,1.001246065449075
1952-11-30,25.03,26.7,2.805,25025.48977176521,1.001257125001889
1952-12-31,26.04,26.7,2.8175,26152.786604272806,1.0012681840286355
1953-01-31,26.18,26.6,2.83,26510.69289421793,1.0048812086921362
1953-02-28,25.86,26.5,2.8008333333333333,26404.90156095526,1.004860409031344
1953-03-31,25.99,26.6,2.7716666666666665,26557.400082020515,0.9972709699114101
1953-04-30,24.71,26.6,2.83,25369.804548475837,0.9835525101219929
1953-05-31,24.84,26.7,3.05,25528.51209988364,0.9974273597913927
1953-06-30,23.95,26.8,3.11,24643.159991004624,1.0180660886362762
1953-07-31,24.29,26.8,2.93,25114.758390275765,1.0007239184253585
1953-08-31,24.39,26.9,2.95,25246.30253360835,1.0093554892706844
1953-09-30,23.27,26.9,2.87,24209.468597384577,1.020678701404313
1953-10-31,23.97,27.0,2.66,24968.885951325065,1.000476705405486
1953-11-30,24.5,26.9,2.68,25741.311160766054,1.0100968735423244
1953-12-31,24.83,26.9,2.59,26214.986308316198,1.0118200222971947
1954-01-31,25.46,26.9,2.48,27008.287021823402,1.0029454226504648
1954-02-28,26.02,26.9,2.47,27731.701938798724,1.0108881079156506
1954-03-31,26.57,26.9,2.37,28448.44173717851,1.0090659974682945
1954-04-30,27.63,26.8,2.29,29824.819744994922,0.9948445136674794
1954-05-31,28.73,26.9,2.37,31027.457222878358,1.0010924459392456
1954-06-30,28.96,26.9,2.38,31406.345710256002,1.009070925747481
1954-07-31,30.13,26.9,2.3,32806.822734248155,0.9966162598611025
1954-08-31,30.73,26.9,2.36,33592.90618263374,1.000201558545158
1954-09-30,31.45,26.8,2.38,34642.67940213193,0.99758112711172
1954-10-31,32.18,26.8,2.43,35583.863355481844,0.9976333231982449
1954-11-30,33.44,26.8,2.48,37116.898864002265,0.9994354412264843
1954-12-31,34.97,26.7,2.51,39103.48293913453,0.9933627434702108
1955-01-31,35.6,26.7,2.61,39952.07343331365,0.9986900925584009
1955-02-28,36.79,26.7,2.65,41432.818664713195,0.9995983914415623
1955-03-31,36.5,26.7,2.68,41252.62700974298,0.9961637573985144
1955-04-30,37.76,26.7,2.75,42823.9310959769,1.0014249973563802
1955-05-31,37.6,26.7,2.76,42790.538220857416,1.000568311621233
1955-06-30,39.78,26.7,2.78,45420.373382347614,0.9919856735121467
1955-07-31,42.69,26.8,2.9,48711.50998853724,0.9964102522763028
1955-08-31,42.43,26.8,2.97,48567.29337681257,1.002475
1955-09-30,44.34,26.9,2.97,50718.8432770741,1.0102306128294607
1955-10-31,42.11,26.9,2.88,48323.08807992144,1.0015386747064237
1955-11-30,44.95,26.9,2.89,51738.30693375129,0.9963990676485582
1955-12-31,45.37,26.8,2.96,52574.485061850086,1.0076321632439265
1956-01-31,44.15,26.8,2.9,51322.021849646364,1.0075969184830094
1956-02-29,44.43,26.8,2.84,51812.18687523944,0.9920650683499093
1956-03-31,47.49,26.8,2.96,55548.73610127469,0.9837762031982095
1956-04-30,48.05,26.9,3.18,56165.097970095056,1.0120440058709126
1956-05-31,46.54,27.0,3.07,54371.0142094612,1.008556205018854
1956-06-30,46.27,27.2,3.0,53832.06646187191,0.9931237707286644
1956-07-31,48.78,27.4,3.11,56512.558344297424,0.9840331001420624
1956-08-31,48.49,27.3,3.33,56559.3615158999,0.9985670712007867
1956-09-30,46.84,27.4,3.38,54613.58046376879,1.0061893610621129
1956-10-31,46.24,27.5,3.34,53892.857148589566,0.9902247262799895
1956-11-30,45.76,27.5,3.49,53505.65083946223,0.9945751622636863
1956-12-31,46.44,27.6,3.59,54272.93984192856,1.0138911587112152
1957-01-31,45.43,27.6,3.46,53261.71775527751,1.0130014165196715
1957-02-28,43.47,27.7,3.34,50948.58034547486,0.9969005501839602
1957-03-31,44.03,27.8,3.41,51587.65484939292,0.99697822718204
1957-04-30,45.05,27.9,3.48,52761.85736796033,0.9929048859361431
1957-05-31,46.78,28.0,3.6,54760.577665197496,0.9864967886452165
1957-06-30,47.55,28.1,3.8,55632.01363690148,0.9925044995420178
1957-07-31,48.51,28.3,3.93,56522.53348377694,1.003275
1957-08-31,45.84,28.3,3.93,53581.44309137744,1.0040955493531014
1957-09-30,43.98,28.3,3.92,51578.76262679279,0.9991734737976983
1957-10-31,41.24,28.3,3.97,48538.336476043354,1.0240147011474796
1957-11-30,40.35,28.4,3.72,47497.57940506275,1.0463665008075973
1957-12-31,40.33,28.4,3.21,47649.62659233629,1.0129133037439282
1958-01-31,41.12,28.6,3.09,48417.619891034345,1.0059942405838802
1958-02-28,41.26,28.6,3.05,48756.79736782735,1.008545231626615
1958-03-31,42.11,28.8,2.98,49588.7650405033,1.011100680921623
1958-04-30,42.34,28.9,2.88,49858.88007138191,0.9989596059826652
1958-05-31,43.7,28.9,2.92,51631.46982921491,0.9981430373402163
1958-06-30,44.75,28.9,2.97,53042.375555097155,0.9829534336905993
1958-07-31,45.98,29.0,3.2,54482.6601482779,0.9742672963023051
1958-08-31,47.7,28.9,3.54,56887.714610948206,0.9847624760955859
1958-09-30,48.96,28.9,3.76,58562.34422519432,0.9998326910623766
1958-10-31,50.95,28.9,3.8,61115.74197581253,1.008131544683726
1958-11-30,52.5,29.0,3.74,62931.511733966974,0.9932424609586264
1958-12-31,53.49,28.9,3.86,64515.49722758618,0.9901489231071477
1959-01-31,55.62,29.0,4.02,67029.16678721464,1.0082641214080816
1959-02-28,54.77,28.9,3.96,66410.89827895295,1.0008463720204186
1959-03-31,56.16,28.9,3.99,68275.18084429695,0.9927567382434969
1959-04-30,57.1,29.0,4.12,69357.96581727792,0.9881229824116164
1959-05-31,57.96,29.0,4.31,70583.10059313203,1.0011775987524087
1959-06-30,57.46,29.1,4.34,69914.77388818655,0.9988019155824659
1959-07-31,59.74,29.2,4.4,72621.59348390052,1.0012626276101042
1959-08-31,59.4,29.2,4.43,72390.9615744638,0.9838876299903478
1959-09-30,57.05,29.3,4.68,69472.90951237673,1.0158648196265918
1959-10-31,57.0,29.4,4.53,69359.65428393528,1.003775
1959-11-30,57.23,29.4,4.53,69824.4177112294,0.9911062458036582
1959-12-31,59.06,29.4,4.69,72243.19996026858,1.0015362166752055
1960-01-31,58.03,29.3,4.72,71416.47812260455,1.0223132881790824
1960-02-29,55.78,29.4,4.49,68608.4844104081,1.023134908202376
1960-03-31,55.02,29.4,4.25,67872.54423163028,1.0011208804158602
1960-04-30,55.73,29.5,4.28,68714.4499120384,0.9979364483224713
1960-05-31,55.22,29.5,4.35,68285.64424894341,1.019861215150373
1960-06-30,57.26,29.6,4.15,70769.38315723966,1.0239912183288333
1960-07-31,55.84,29.6,3.9,69215.20049359613,1.0115016056773918
1960-08-31,56.51,29.6,3.8,70247.10691212976,1.0031666666666668
1960-09-30,54.81,29.6,3.8,68335.85356091052,0.9957713775053386
1960-10-31,53.73,29.8,3.89,66740.98297212736,0.9999609998590825
1960-11-30,55.47,29.8,3.93,69104.18267628652,1.010687575569906
1960-12-31,56.8,29.8,3.84,70963.52993866903,1.0032
1961-01-31,59.72,29.8,3.84,74814.32903473223,1.0081555955915638
1961-02-28,62.17,29.8,3.78,78086.4464209571,1.0064599186780394
1961-03-31,64.12,29.8,3.74,80738.73122111132,0.999812936272291
1961-04-30,65.83,29.8,3.78,83095.4996542915,1.008950498281547
1961-05-31,66.5,29.8,3.71,84145.29089251855,0.9891162651835674
1961-06-30,65.62,29.8,3.88,83236.35303851665,0.9999511359209277
1961-07-31,65.44,30.0,3.92,82659.04430215145,0.9934749803871008
1961-08-31,67.79,29.9,4.04,86120.06881884308,1.0082762096268238
1961-09-30,67.26,30.0,3.98,85368.74317215304,1.0082399627852752
1961-10-31,68.0,30.0,3.92,86517.40080775814,1.0016270980695723
1961-11-30,71.08,30.0,3.94,90648.18259142268,0.9935007566437831
1961-12-31,71.74,30.0,4.06,91704.55444351272,1.0017544201863267
1962-01-31,69.07,30.0,4.08,88507.40843592037,1.006663895426522
1962-02-28,70.22,30.1,4.04,89898.50372466151,1.0123885003875235
1962-03-31,70.29,30.1,3.93,90205.76149871336,1.010687575569906
1962-04-30,68.05,30.2,3.84,87260.06656586425,1.0007326009996715
1962-05-31,62.99,30.2,3.87,80991.0762041234,0.999941270990609
1962-06-30,55.63,30.2,3.91,71748.48447876002,0.9950871893373412
1962-07-31,56.97,30.3,4.01,73455.63449720993,1.005796438146745
1962-08-31,58.52,30.3,3.98,75676.93894446318,1.0033166666666666
1962-09-30,58.0,30.4,3.98,74981.17365651864,1.007417500176147
1962-10-31,56.17,30.4,3.93,72841.26590346299,1.0040955493531014
1962-11-30,60.04,30.4,3.92,78088.26314550884,1.008203769520687
1962-12-31,62.64,30.4,3.86,81700.69070857765,1.0056886798606937
1963-01-31,65.06,30.4,3.83,85089.3075042798,0.9958067224887539
1963-02-28,65.92,30.4,3.92,86447.66404554597,1.0024464999647706
1963-03-31,65.67,30.5,3.93,86071.64261969131,1.0000004457048253
1963-04-30,68.76,30.5,3.97,90358.25923084425,1.0065890001409175
1963-05-31,70.14,30.5,3.93,92410.82694340637,0.9983677440408374
1963-06-30,70.11,30.6,3.99,92310.19025871051,1.0008747980825903
1963-07-31,69.07,30.7,4.02,90885.61537272861,1.0049849901462253
1963-08-31,70.98,30.7,4.0,93640.85506340172,0.9968176807453066
1963-09-30,72.85,30.7,4.08,96350.82862087431,1.000960036443839
1963-10-31,73.03,30.8,4.11,96520.64439415443,1.0026120567879613
1963-11-30,72.62,30.8,4.12,96227.31023030136,1.0026207678502677
1963-12-31,74.17,30.9,4.13,98214.07258635697,1.0001974386374914
1964-01-31,76.45,30.9,4.17,101486.62476384298,1.0050986215150373
1964-02-29,77.39,30.9,4.15,102990.37577866866,0.9977940951085311
1964-03-31,78.8,30.9,4.22,105125.19588219127,1.002707865072601
1964-04-30,79.94,30.9,4.23,106906.92898613503,1.0059547846225443
1964-05-31,80.72,30.9,4.2,108213.43512385397,1.0059331710218815
1964-06-30,80.24,31.0,4.17,107487.97455889017,1.0018543915381173
1964-07-31,83.22,31.1,4.19,111388.52412568612,1.0034916666666667
1964-08-31,82.0,31.0,4.19,110380.42362796127,1.002681738459152
1964-09-30,83.41,31.1,4.2,112190.23205343004,1.0043103042309414
1964-10-31,84.85,31.1,4.19,114402.83164254275,1.0067389096967414
1964-11-30,85.44,31.2,4.15,115106.85482997983,1.0010262918409112
1964-12-31,83.96,31.2,4.18,113393.63443681356,1.002673029102392
1965-01-31,86.12,31.2,4.19,116594.1042662763,1.0018725618126394
1965-02-28,86.75,31.2,4.21,117732.84746415325,1.0035083333333332
1965-03-31,86.83,31.3,4.21,117752.40257890456,1.004318261540848
1965-04-30,87.97,31.4,4.2,119207.9667992074,1.0026904475729863
1965-05-31,89.28,31.4,4.21,121275.6204236376,1.0035083333333332
1965-06-30,85.04,31.6,4.21,115078.5769062571,1.004318261540848
1965-07-31,84.91,31.6,4.2,115198.86428634154,0.9994597413467272
1965-08-31,86.49,31.6,4.25,117641.3318802675,1.0003154470399351
1965-09-30,89.38,31.6,4.29,121873.73575394192,0.9987490985621182
1965-10-31,91.39,31.7,4.35,124524.92213491088,0.9956189389470301
1965-11-30,92.15,31.7,4.45,125867.04981083701,0.9902043429643292
1965-12-31,91.73,31.8,4.62,125207.99922793648,1.0046447183490235
1966-01-31,93.32,31.8,4.61,127689.9558244276,0.9865338038444458
1966-02-28,92.69,32.0,4.83,126347.99349936537,1.000883883641557
1966-03-31,88.88,32.1,4.87,121091.86820872566,1.013533726193486
1966-04-30,91.6,32.3,4.75,124340.46289253644,1.001592747264804
1966-05-31,86.78,32.3,4.78,118115.89810065611,1.0016210031287147
1966-06-30,86.06,32.4,4.81,117094.37955967546,0.9876303360155121
1966-07-31,85.84,32.5,5.02,116757.82662977673,0.9887269612751288
1966-08-31,80.65,32.7,5.22,109350.87510137196,1.007446914235438
1966-09-30,77.81,32.7,5.18,105826.74429499482,1.0175811091873184
1966-10-31,77.13,32.9,5.01,104589.00452232722,0.9925509766263274
1966-11-30,80.99,32.9,5.16,110148.26674315939,1.029463526499817
1966-12-31,81.33,32.9,4.84,110935.9467590718,1.0247245931872906
1967-01-31,84.45,32.9,4.58,115519.06222827728,0.9998467334879855
1967-02-28,87.36,32.9,4.63,119829.08368362676,1.0110339143296996
1967-03-31,89.42,33.0,4.54,122613.52511558664,0.9998060783089822
1967-04-30,90.96,33.1,4.59,124678.74842024937,0.9833890103864371
1967-05-31,92.59,33.2,4.85,126860.97359611513,0.9907832878855733
1967-06-30,91.43,33.3,5.02,125225.54585013594,0.9933342448512388
1967-07-31,93.01,33.4,5.16,127338.92276517213,0.9950514749273693
1967-08-31,94.49,33.5,5.28,129310.40076552557,1.0028599810166616
1967-09-30,95.81,33.6,5.3,131058.61650912646,0.9906693240321786
1967-10-31,95.66,33.7,5.48,130797.01047337959,0.9841958999428743
1967-11-30,92.66,33.8,5.75,126651.96679793582,1.0085725527060585
1967-12-31,95.3,33.9,5.7,130207.80973645322,1.0177042180566567
1968-01-31,95.04,34.1,5.53,129422.62146067253,1.0023253980989233
1968-02-29,90.75,34.2,5.56,123551.93937968064,0.9910466942746771
1968-03-31,89.09,34.3,5.74,121272.02013785906,1.0123656295663206
1968-04-30,95.67,34.4,5.64,130185.51476224308,0.9874406983891784
1968-05-31,97.87,34.5,5.87,133129.7671648997,1.0162240888211822
1968-06-30,100.5,34.7,5.72,136256.32366038984,1.021553749583873
1968-07-31,100.3,34.9,5.5,135543.25994235583,1.0107099146729044
1968-08-31,98.11,35.0,5.42,132543.6816891595,1.0014589299656875
1968-09-30,101.3,35.1,5.46,136803.52921377652,0.9954265212030787
1968-10-31,103.8,35.3,5.58,139726.06309177112,0.9955758735054596
1968-11-30,105.4,35.4,5.7,141820.96172992486,0.9801640793785789
1968-12-31,106.5,35.5,6.03,143240.6685084044,1.0042803063246961
1969-01-31,102.0,35.6,6.04,137147.12820949816,0.9939377478823239
1969-02-28,101.5,35.8,6.19,136056.7041287373,0.9970614768417426
1969-03-31,99.3,36.1,6.3,132344.941535535,1.0148747842994055
1969-04-30,101.3,36.3,6.17,134610.14853112432,0.994110352163324
1969-05-31,104.6,36.4,6.32,138957.96739950567,0.9870846797381502
1969-06-30,99.14,36.6,6.57,131329.4398605512,0.9946381612657276
1969-07-31,94.71,36.8,6.72,125123.6009898566,1.007770250943413
1969-08-31,94.18,37.0,6.69,124095.03659851562,0.9722723609219354
1969-09-30,94.51,37.1,7.16,124539.14413851504,1.0102292959873826
1969-10-31,95.52,37.3,7.1,125539.56457123965,1.0030799074007841
1969-11-30,96.21,37.5,7.14,126115.91743357727,0.9705792605108994
1969-12-31,91.11,37.7,7.65,119140.40575094559,0.9967243031080518
1970-01-31,90.31,37.8,7.79,118125.66334634056,1.0453262030836263
1970-02-28,87.16,38.0,7.24,113748.77912479632,1.0181267352323757
1970-03-31,88.65,38.2,7.07,115430.53768805032,0.9834450156947917
1970-04-30,85.95,38.5,7.39,111384.47052144256,0.9704989488088209
1970-05-31,76.06,38.6,7.91,98654.61873221374,1.0114065562340058
1970-06-30,75.59,38.8,7.84,97881.56244384454,1.0331072842441178
1970-07-31,75.72,39.0,7.46,97888.8260744873,1.0013364030516227
1970-08-31,77.92,39.0,7.53,101076.23186088595,1.0160954098001953
1970-09-30,82.58,39.2,7.39,106917.62668986249,1.0103781482444136
1970-10-31,84.37,39.4,7.33,109021.31670363473,1.0413211919527887
1970-11-30,84.28,39.6,6.84,108693.194073273,1.0386907764634588
1970-12-31,90.05,39.8,6.39,115886.75314112009,1.016395803221401
1971-01-31,93.49,39.8,6.24,120649.41342892054,1.0148506806126156
1971-02-28,97.11,39.9,6.11,125341.64825526348,1.0360949321896797
1971-03-31,99.6,40.0,5.7,128567.82269630907,0.9949771575635821
1971-04-30,103.0,40.1,5.83,132958.47283596062,0.9638031448454738
1971-05-31,101.6,40.3,6.39,130832.56888815838,0.9958493324598875
1971-06-30,99.72,40.6,6.52,127793.00016999211,0.9902684780880032
1971-07-31,99.0,40.7,6.73,126888.47709381835,1.016512680598808
1971-08-31,97.24,40.8,6.58,124656.79377975411,1.0381033092028704
1971-09-30,99.4,40.8,6.14,127755.90730261052,1.02083268481494
1971-10-31,97.29,40.9,5.93,125067.69048266891,1.0139708836443282
1971-11-30,92.78,40.9,5.81,119599.61274459654,0.9958610848676532
1971-12-31,99.17,41.1,5.93,127542.85405974273,1.003446248011016
1972-01-31,103.3,41.1,5.95,133183.48833183802,0.995294667571563
1972-02-29,105.2,41.3,6.08,135304.56280610836,1.0058103589465617
1972-03-31,107.7,41.4,6.07,138513.6352065601,0.9961818649725259
1972-04-30,108.8,41.5,6.19,139919.41123846985,1.0096085045152758
1972-05-31,107.7,41.6,6.13,138500.0575663649,1.0065930534275818
1972-06-30,108.0,41.7,6.11,138880.9996192811,1.0050916666666667
1972-07-31,107.2,41.9,6.11,137522.01539346128,0.9977012245741972
1972-08-31,111.0,42.0,6.21,142385.94971233312,0.9804255134616761
1972-09-30,109.4,42.1,6.55,140328.66454305002,1.010569702584494
1972-10-31,109.6,42.3,6.48,140250.6561429255,1.0201347118183646
1972-11-30,115.1,42.4,6.28,147274.03924592215,0.9993604560034339
1972-12-31,117.5,42.5,6.36,150326.2479848707,0.9979915410945415
1973-01-31,118.4,42.6,6.46,151457.85799787825,0.9923329228962222
1973-02-28,114.2,42.9,6.64,145398.47682407356,1.0004739008511474
1973-03-31,112.4,43.3,6.71,142117.95761555186,1.0084879014746988
1973-04-30,110.3,43.6,6.67,138836.5799839913,0.9926287132790048
1973-05-31,107.2,43.9,6.85,134346.16181157864,1.0021246957992085
1973-06-30,104.8,44.2,6.9,130780.97541806227,0.9894314626570545
1973-07-31,105.8,44.3,7.13,132066.68151581747,0.9870105876260307
1973-08-31,103.8,45.1,7.4,127604.20088302965,1.0281999418118777
1973-09-30,105.6,45.2,7.09,129864.03539083073,1.0275149478054186
1973-10-31,109.8,45.6,6.79,134180.5152063236,1.0099911491177134
1973-11-30,102.0,45.9,6.73,124172.11911276403,1.0048865171192618
1973-12-31,94.78,46.2,6.74,114974.10970510912,0.9877694780904974
1974-01-31,96.11,46.6,6.99,115927.48349818941,1.0079694972375672
1974-02-28,93.45,47.2,6.96,111625.52976500923,0.9881246841076057
1974-03-31,97.44,47.8,7.21,115268.70528240291,0.9850746551545895
1974-04-30,92.46,48.0,7.51,109261.43831262577,1.0013886996776262
1974-05-31,89.67,48.6,7.58,104994.7149983183,1.0091041723610832
1974-06-30,89.79,49.0,7.54,104615.7014327984,0.9876874266837288
1974-07-31,79.31,49.4,7.81,91997.03512143031,0.9908243764370813
1974-08-31,76.03,50.0,8.04,87474.02735628063,1.0067
1974-09-30,68.12,50.6,8.04,77784.20179331544,1.016304763687051
1974-10-31,69.44,51.1,7.9,78854.20516674584,1.0218213915607526
1974-11-30,71.74,51.5,7.68,81170.99108331543,1.0239057981194166
1974-12-31,67.07,51.9,7.43,75639.02025997124,1.001305009112839
1975-01-31,72.56,52.1,7.5,81855.5212419019,1.013966036271582
1975-02-28,80.1,52.5,7.39,90013.1956795477,0.9826597568943373
1975-03-31,83.78,52.7,7.73,94133.71210792876,0.9726243976976781
1975-04-30,84.72,52.9,8.23,95173.5663044543,1.0184408106982208
1975-05-31,90.1,53.2,8.06,100990.74270192752,1.0204615670414772
1975-06-30,92.4,53.6,7.86,103139.80240806063,0.992923556041309
1975-07-31,92.49,54.2,8.06,102438.6634100717,0.983888359971988
1975-08-31,85.71,54.3,8.4,95096.34202357623,1.004988328663875
1975-09-30,84.67,54.6,8.43,93767.42103620179,1.0267152349594735
1975-10-31,88.57,54.9,8.14,97890.06387928352,1.0129178826624958
1975-11-30,90.07,55.3,8.05,99165.24842457079,1.010123789893028
1975-12-31,88.7,55.5,8.0,97641.40645219802,1.0246283579987883
1976-01-31,96.86,55.6,7.74,106769.48375917567,1.00300332253859
1976-02-29,100.6,55.8,7.79,110832.09002771035,1.0106384742735481
1976-03-31,101.1,55.9,7.73,111521.86139998381,1.0182782363989127
1976-04-30,101.9,56.1,7.56,112343.72691064127,0.9829741453314472
1976-05-31,101.2,56.5,7.9,111122.96675005628,1.0093323134082954
1976-06-30,101.8,56.8,7.86,111533.64116128706,1.0086144194586297
1976-07-31,104.2,57.1,7.83,113907.52555545192,1.0106646066851026
1976-08-31,103.3,57.4,7.77,112679.6571972751,1.0189914585181015
1976-09-30,105.5,57.6,7.59,115028.58614952084,1.018940201004066
1976-10-31,101.9,57.9,7.41,110881.79881140256,1.0146294332391081
1976-11-30,101.2,58.0,7.29,110290.81633252578,1.0362174650586484
1976-12-31,104.7,58.2,6.87,114079.66158513732,0.9816865703863437
1977-01-31,103.8,58.5,7.21,112889.10440227498,0.9933820921616536
1977-02-28,101.0,59.1,7.39,109100.4584378946,1.0012631318497678
1977-03-31,100.6,59.5,7.46,108312.46882592136,1.012535314251147
1977-04-30,99.05,60.0,7.37,106132.78636002743,0.9998478361877967
1977-05-31,98.76,60.3,7.46,105677.91379173659,1.0189038765071172
1977-06-30,99.29,60.7,7.28,105931.12904034226,1.0025501542407664
1977-07-31,100.2,61.0,7.33,106766.10574906296,1.0012002758042795
1977-08-31,97.75,61.2,7.4,104209.31708841775,1.0103846340465472
1977-09-30,96.23,61.4,7.34,102653.1875892246,0.9935619402775462
1977-10-31,93.74,61.6,7.52,100076.07199198574,1.0020926949617748
1977-11-30,94.28,61.9,7.58,100573.19663908774,0.998700951384615
1977-12-31,93.82,62.1,7.69,100173.97129436294,0.9879329246850397
1978-01-31,90.25,62.5,7.96,96162.16894672606,1.001857891824126
1978-02-28,88.98,62.9,8.03,94625.72428307407,1.0060097554972645
1978-03-31,88.82,63.4,8.04,94132.6796369556,0.9992345104647423
1978-04-30,92.71,63.9,8.15,97910.35662371962,0.9933343904289317
1978-05-31,97.41,64.5,8.35,102341.92608034909,0.9995916878724279
1978-06-30,97.66,65.2,8.46,101928.26848373054,0.9950879903977516
1978-07-31,97.19,65.7,8.64,101092.71491425851,1.0226360524630467
1978-08-31,103.9,66.0,8.41,108010.91112453252,1.0063374885085377
1978-09-30,103.9,66.5,8.42,107630.41432284046,0.9923964327083631
1978-10-31,100.6,67.1,8.64,103710.98543762689,0.9959841678096215
1978-11-30,94.71,67.4,8.81,97636.44806166028,0.9942582592890565
1978-12-31,96.11,67.7,9.01,99074.27812793432,1.0016432159641684
1979-01-31,99.71,68.3,9.1,102317.76013960404,1.0075833333333333
1979-02-28,98.23,69.1,9.1,100067.91569007597,1.0062810771389346
1979-03-31,100.1,69.8,9.12,101387.26718961769,1.0037031360281712
1979-04-30,102.1,70.6,9.18,102678.99529073149,1.003117086251853
1979-05-31,99.73,71.5,9.25,99471.12218750795,1.030044769334399
1979-06-30,101.7,72.3,8.91,100752.55208048932,1.0048016460396398
1979-07-31,102.7,73.1,8.95,101070.4238737453,1.0022294077638916
1979-08-31,107.4,73.8,9.03,105136.30351856112,0.9881636923006627
1979-09-30,108.6,74.6,9.33,105615.61480388556,0.9476592376492354
1979-10-31,104.5,75.2,10.3,101264.15873759503,0.9872029381971799
1979-11-30,103.7,75.9,10.65,100010.46747377569,1.0249286541450782
1979-12-31,107.8,76.7,10.39,103329.56290624243,0.9837664457452885
1980-01-31,110.9,77.8,10.8,105246.90065244683,0.9174015256439824
1980-02-29,115.3,78.9,12.41,108345.47612508356,0.9912564853388187
1980-03-31,104.7,80.1,12.75,97358.27984646297,1.0862448859181546
1980-04-30,103.0,81.0,11.47,95161.3158456169,1.0899045574721604
1980-05-31,107.7,81.8,10.18,98979.78565357339,1.033815310457589
1980-06-30,114.6,82.7,9.78,104624.90027916661,0.978961383211929
1980-07-31,119.8,82.7,10.25,109827.4883260015,0.957565312307295
1980-08-31,123.5,83.3,11.1,112861.08236218078,0.9850671522968465
1980-09-30,126.5,84.0,11.51,115097.6978502684,0.9955721987902296
1980-10-31,130.2,84.8,11.75,117804.755532387,0.9574436158599442
1980-11-30,135.7,85.5,12.68,122234.33822547627,1.0016172099037945
1980-12-31,133.5,86.3,12.84,119596.01433149594,1.0259640818205924
1981-01-31,133.0,87.0,12.57,118648.55825458071,0.9762689679378598
1981-02-28,128.4,87.9,13.19,113831.24837056015,1.0148642333079452
1981-03-31,133.2,88.5,13.12,117746.84336803739,0.9806212425474777
1981-04-30,134.4,89.1,13.68,118469.7612099371,0.9890312953748093
1981-05-31,131.7,89.8,14.1,115647.90880971277,1.046130210601641
1981-06-30,132.3,90.6,13.47,115612.42070140365,0.9683821010187267
1981-07-31,129.1,91.6,14.28,112047.80877854646,0.9778562631723248
1981-08-31,129.6,92.3,14.94,112093.58899317603,0.9931274100779962
1981-09-30,118.3,93.2,15.32,101797.32974710703,1.0214663553165861
1981-10-31,119.8,93.4,15.15,103336.49859144341,1.108970876178851
1981-11-30,122.9,93.7,13.39,106143.48633857183,0.9933234956774207
1981-12-31,123.8,94.0,13.72,107055.18920561144,0.965958056435771
1982-01-31,117.3,94.3,14.59,101590.06817000102,1.0205727472457031
1982-02-28,114.5,94.6,14.43,99331.89694633037,1.0426643818639756
1982-03-31,110.8,94.5,13.86,96710.09118615935,1.0110126744031835
1982-04-30,116.3,94.9,13.87,101571.71870565071,1.0251220228422484
1982-05-31,116.4,95.8,13.62,101192.82377846965,0.9754106412743653
1982-06-30,109.7,97.0,14.3,94675.59383534137,1.0306651376519482
1982-07-31,109.4,97.5,13.95,94420.71129071439,1.0609778281904543
1982-08-31,109.7,97.7,13.06,94976.52582966455,1.0519607466985679
1982-09-30,122.4,97.9,12.34,106248.7036352835,1.0967112869231939
1982-10-31,132.7,98.2,10.91,115332.14005438107,1.0311735941154534
1982-11-30,138.1,98.0,10.55,120768.43662004934,1.0094053062237236
1982-12-31,139.4,97.6,10.54,122907.60136768216,1.0137086656838108
1983-01-31,144.3,97.8,10.46,127472.41593965409,0.9928796879673732
1983-02-28,146.8,97.9,10.72,130055.5976486809,1.0218357023839544
1983-03-31,151.9,97.9,10.51,135084.03018492728,1.0155474590353635
1983-04-30,157.7,98.6,10.4,139755.4997563033,1.0099020734301765
1983-05-31,164.1,99.2,10.38,145056.3423223644,0.9801737810824116
1983-06-30,166.4,99.5,10.85,147155.62057805498,0.97761600247503
1983-07-31,167.0,99.9,11.38,147605.7620239717,0.9821386702978602
1983-08-31,162.4,100.2,11.85,143622.790772742,1.0216050338528322
1983-09-30,167.2,100.7,11.65,147646.92472668868,1.0161885537859756
1983-10-31,167.7,101.0,11.54,148164.37282143807,1.000833309838694
1983-11-30,165.2,101.2,11.69,146185.92202891063,1.0015899027226098
1983-12-31,164.4,101.3,11.83,145856.7027093157,1.0192347993297712
1984-01-31,166.4,101.9,11.67,147285.15406250433,0.9998304045343891
1984-02-29,157.3,102.4,11.84,139075.4738966471,0.9824599290610767
1984-03-31,157.4,102.6,12.32,139420.59360139785,0.9927827973295454
1984-04-30,157.6,103.1,12.63,139451.34624414297,0.967859509236794
1984-05-31,156.6,103.4,13.41,138698.73977871434,1.0030178161231755
1984-06-30,153.1,103.7,13.56,135744.52050142514,1.0222612021863886
1984-07-31,151.1,104.1,13.36,133996.21538236892,1.0471009378195517
1984-08-31,164.4,104.5,12.72,145774.2494063021,1.0219291431360158
1984-09-30,166.1,105.0,12.52,147123.03278479533,1.031119860341776
1984-10-31,164.8,105.3,12.16,146102.54897860822,1.0448487934823085
1984-11-30,166.3,105.3,11.57,147984.9786650842,1.0137721149498926
1984-12-31,164.5,105.3,11.5,146941.60892675098,1.0166985780559679
1985-01-31,171.6,105.5,11.38,153555.86285798077,1.0018156011347725
1985-02-28,180.9,106.0,11.51,161679.6719253916,0.9892367938618801
1985-03-31,179.4,106.4,11.86,160304.63278515154,1.0353280439322068
1985-04-30,180.6,106.9,11.43,161191.7992755822,1.0446658658983008
1985-05-31,184.9,107.3,10.85,164986.0533440524,1.0520532267558704
1985-06-30,188.9,107.6,10.16,168659.2271780516,0.9991742605611181
1985-07-31,192.5,107.8,10.31,172131.90444196353,1.0073537038004854
1985-08-31,188.3,108.0,10.33,168645.13566423306,1.0061364986054657
1985-09-30,184.1,108.3,10.37,165010.3101697347,1.016718459059641
1985-10-31,186.2,108.7,10.24,166863.33840117956,1.037665107026227
1985-11-30,197.5,109.0,9.78,177089.5709508907,1.0418088588778152
1985-12-31,207.3,109.3,9.26,185955.2952990697,1.012261086209065
1986-01-31,208.2,109.6,9.19,186843.3282871796,1.040138266147972
1986-02-28,219.4,109.3,8.7,198033.3061553697,1.0706964086423971
1986-03-31,232.3,108.8,7.78,211246.62256731384,1.0402862489588924
1986-04-30,238.0,108.6,7.3,217439.5191441658,0.9777221654628936
1986-05-31,238.5,108.9,7.71,217909.02343883587,1.0002236733487426
1986-06-30,245.3,109.5,7.8,223507.22208613716,1.0417113704432905
1986-07-31,240.2,109.5,7.3,219478.63500744413,1.0152906557195402
1986-08-31,245.0,109.7,7.17,224078.645832534,0.9863856367686215
1986-09-30,238.3,110.2,7.45,217586.3151650907,1.0076087971828867
1986-10-31,237.4,110.3,7.43,217194.9412664884,1.0188955773741608
1986-11-30,245.1,110.4,7.25,224665.91315333045,1.015983428220694
1986-12-31,248.6,110.5,7.11,228299.79785129015,1.0080581907954413
1987-01-31,264.5,111.2,7.08,242003.56637635012,0.9939018621095888
1987-02-28,280.9,111.6,7.25,256719.6140656672,1.0060416666666667
1987-03-31,292.5,112.1,7.25,266761.0718781048,0.9534890993905645
1987-04-30,289.3,112.7,8.02,263073.0002710565,0.967424225099176
1987-05-31,289.1,113.1,8.61,262600.1860055044,1.0212748364878896
1987-06-30,301.4,113.5,8.4,273450.53788851935,1.0036500888963857
1987-07-31,310.1,113.8,8.45,281248.0701500411,0.9865456526552201
1987-08-31,329.4,114.4,8.76,297833.08160964557,0.9648663076746858
1987-09-30,318.7,115.0,9.42,287304.1476670583,1.0014476306327
1987-10-31,280.2,115.3,9.52,252592.26260688575,1.0513845824386956
1987-11-30,245.0,115.4,8.86,221326.58921524146,0.9988718989112614
1987-12-31,241.0,115.4,8.99,218376.32083723287,1.028730231232527
1988-01-31,250.5,115.7,8.67,227063.00239713077,1.0383636955621693
1988-02-29,258.1,116.0,8.21,234017.67960642325,0.9960850896319035
1988-03-31,265.7,116.5,8.37,240547.95064846962,0.983794836071856
1988-04-30,262.6,117.1,8.72,237202.0371235847,0.9831443032725702
1988-05-31,256.1,117.5,9.09,231228.5991935945,1.018738472701669
1988-06-30,270.7,118.0,8.92,244066.5930310203,0.9982943438098126
1988-07-31,269.1,118.5,9.06,242296.58315578647,0.9946042850469942
1988-08-31,263.7,119.0,9.26,237137.9218712535,1.0260567691250402
1988-09-30,268.0,119.8,8.98,240099.60058568825,1.019363978978598
1988-10-31,277.4,120.2,8.8,248404.58919396574,0.9968443726651456
1988-11-30,271.0,120.3,8.96,243190.59603028328,0.9976956094018237
1988-12-31,276.5,120.5,9.11,248442.28375147362,1.0088955782014826
1989-01-31,285.4,121.1,9.09,255899.76434315107,1.0023769837262066
1989-02-28,294.0,121.6,9.17,263263.33815724653,0.9953950007933203
1989-03-31,292.7,122.3,9.36,261341.77151402162,1.019490591915486
1989-04-30,302.3,123.1,9.18,268904.80245782755,1.028717272293509
1989-05-31,313.9,123.8,8.86,278395.8698219186,1.046527044792438
1989-06-30,323.7,124.1,8.28,287157.9904996375,1.0246450227166057
1989-07-31,331.9,124.4,8.02,294490.95318726776,1.0005646566168747
1989-08-31,346.6,124.6,8.11,307819.0340069816,1.0013382399471198
1989-09-30,347.3,125.0,8.19,308245.27840652806,1.0191153280183949
1989-10-31,347.4,125.6,8.01,307655.83391927835,1.016292259725205
1989-11-30,340.2,125.9,7.87,301365.8596244759,1.0086218574336216
1989-12-31,348.6,126.1,7.84,309132.37348666444,0.9814869912507187
1990-01-31,339.97,127.4,8.21,299217.94927216735,0.9894370576059219
1990-02-28,330.45,128.0,8.47,290295.5935956634,0.9990665992170817
1990-03-31,338.46,128.7,8.59,296539.2696039481,0.9939519917925266
1990-04-30,338.18,128.9,8.79,296667.9423285655,1.009308485226914
1990-05-31,350.25,129.2,8.76,307385.5217391049,1.0260353940840221
1990-06-30,360.39,129.9,8.48,315428.33755662444,1.0077360747074646
1990-07-31,360.03,130.4,8.47,314757.02269873256,0.9885379112722102
1990-08-31,330.75,131.6,8.75,287372.8472943086,0.9980864876526703
1990-09-30,315.41,132.7,8.89,272622.4397865486,1.0186672700984318
1990-10-31,307.12,133.5,8.72,264720.1975753037,1.0294330647551313
1990-11-30,315.29,133.8,8.39,272013.9108560695,1.028094419372411
1990-12-31,328.75,133.8,8.08,284495.6300837969,1.006052893220839
1991-01-31,325.49,134.6,8.09,280868.22090231616,1.02324270106363
1991-02-28,362.26,134.8,7.85,313003.35100368876,0.9888654894857861
1991-03-31,372.28,135.0,8.11,322055.0506203555,1.0115317115191491
1991-04-30,379.68,135.2,8.04,328843.98736235313,1.0046569160399428
1991-05-31,377.99,135.6,8.07,327288.16906110424,0.9925522768854966
1991-06-30,378.29,136.0,8.28,327458.6616254751,1.0075751819767564
1991-07-31,380.23,136.2,8.27,329532.9464141806,1.0322756849824446
1991-08-31,389.4,136.6,7.9,337373.23178397206,1.0239219311221082
1991-09-30,387.2,137.2,7.65,334882.84174905636,1.014741166197218
1991-10-31,386.88,137.4,7.53,335000.8792146535,1.0139809192833882
1991-11-30,385.92,137.8,7.42,334079.2993557144,1.029638110100816
1991-12-31,388.51,137.9,7.09,336956.9557697553,1.0101841162442249
1992-01-31,416.08,138.1,7.03,361229.3266754207,0.9840655018706176
1992-02-29,412.56,138.6,7.34,357766.47195855604,0.992179138194585
1992-03-31,407.36,139.3,7.54,352367.77829170495,1.0104755563451913
1992-04-30,407.41,139.5,7.48,352792.57659608155,1.0125464539191733
1992-05-31,414.81,139.7,7.39,359574.0451824663,1.0153293568561221
1992-06-30,408.27,140.2,7.26,353529.5484678131,1.0362324502452476
1992-07-31,415.05,140.5,6.84,359521.881032677,1.0238658423844582
1992-08-31,417.93,140.9,6.59,361878.998656311,1.0179381983966895
1992-09-30,418.48,141.3,6.42,362221.67351714824,0.9929972271785684
1992-10-31,412.5,141.8,6.59,356676.92584874947,0.985396689960901
1992-11-30,422.84,142.0,6.87,365993.70668377244,1.0129335817200111
1992-12-31,435.64,141.9,6.77,378232.9369536712,1.017988955537202
1993-01-31,435.23,142.6,6.6,376915.7471855701,1.0305714011765221
1993-02-28,441.7,143.1,6.26,382077.4348616632,1.0261243281280923
1993-03-31,450.16,143.6,5.98,388936.1178453855,1.0057303710261363
1993-04-30,443.08,144.0,5.97,382652.6590698616,0.9997621442728722
1993-05-31,445.25,144.2,6.04,384892.22762966505,1.011012320562737
1993-06-30,448.06,144.4,5.96,387685.5005739447,1.0162531878887435
1993-07-31,447.29,144.4,5.81,387922.0032078707,1.014680852842298
1993-08-31,454.13,144.8,5.68,393668.50143030076,1.0293065194781301
1993-09-30,459.24,145.1,5.36,398177.64483768225,1.006773545988639
1993-10-31,463.9,145.7,5.33,401464.0001587034,0.9749773690649266
1993-11-30,462.89,145.8,5.72,401220.35758080427,1.000997703604514
1993-12-31,465.95,145.8,5.77,404781.34824610525,1.006317279016577
1994-01-31,472.99,146.2,5.75,410684.29587917327,0.9883568374250016
1994-02-28,471.58,146.7,5.97,408977.8508024292,0.9677350240272581
1994-03-31,463.81,147.2,6.48,401788.4570866503,0.9703886543569092
1994-04-30,447.23,147.4,6.97,387819.29611930915,0.9909414979381134
1994-05-31,450.9,147.5,7.18,391660.7855338477,1.0116668390942878
1994-06-30,454.83,148.0,7.1,394666.0348734959,0.9918321184893504
1994-07-31,451.4,148.4,7.3,391562.10410649097,1.0103198282151835
1994-08-31,464.24,149.0,7.24,402007.1562311894,0.9906484143849844
1994-09-30,466.96,149.4,7.46,404209.740873572,0.9868733067705355
1994-10-31,463.81,149.5,7.74,402152.5746100632,0.9913959633236125
1994-11-30,461.01,149.7,7.96,400135.80449604586,1.0169643925831136
1994-12-31,455.19,149.7,7.81,396036.88834079413,1.0085772379629767
1995-01-31,465.25,150.3,7.78,404125.42636034696,1.0281526145343234
1995-02-28,481.92,150.9,7.47,417891.1269150149,1.025322723066438
1995-03-31,493.15,151.4,7.2,427165.3779088327,1.0159636566781896
1995-04-30,507.91,151.9,7.06,439455.0935863097,1.0370731500299206
1995-05-31,523.81,152.2,6.63,453276.35379451443,1.0395819290594353
1995-06-30,539.35,152.5,6.17,466767.1917323158,0.9970375751665662
1995-07-31,557.37,152.5,6.28,483331.4339678892,0.9899060470856952
1995-08-31,559.11,152.9,6.49,484545.64328212186,1.026850203931602
1995-09-30,578.77,153.2,6.2,501580.34536986274,1.01708176547153
1995-10-31,582.92,153.7,6.04,504516.06681215577,1.0132655333157623
1995-11-30,595.53,153.6,5.93,516755.7593039069,1.021570056477021
1995-12-31,614.57,153.5,5.71,534622.4481516506,1.0093056553879096
1996-01-31,614.42,154.4,5.65,532377.6920290444,0.9926693773631179
1996-02-29,649.54,154.9,5.81,561998.8877840223,0.9709366873686951
1996-03-31,647.07,155.7,6.27,557996.5785370055,0.9877236786783421
1996-04-30,647.17,156.3,6.51,556953.8832741812,0.9888232270763537
1996-05-31,661.23,156.6,6.74,568981.1408777883,0.9934376769306602
1996-06-30,668.5,156.7,6.91,575892.4133456587,1.0086290442912997
1996-07-31,644.07,157.0,6.87,554818.2830424801,1.0224005244474197
1996-08-31,662.68,157.3,6.64,570801.7491355477,0.9918733306396262
1996-09-30,674.88,157.8,6.83,580517.2937080513,1.027548871340334
1996-10-31,701.46,158.3,6.53,602528.2736098489,1.0298410366578001
1996-11-30,735.67,158.6,6.2,631776.9185055258,0.9978058880379478
1996-12-31,743.25,158.6,6.3,639352.7682516751,0.9848952184377804
1997-01-31,766.22,159.1,6.58,658109.0170309056,1.0171977161380608
1997-02-28,798.39,159.6,6.42,684662.3774728008,0.9858177415092839
1997-03-31,792.16,160.0,6.69,678695.0572051575,0.9912341189643861
1997-04-30,763.93,160.2,6.89,654767.7359550715,1.0187516359065731
1997-05-31,833.09,160.1,6.71,715572.1780092951,1.0216488236880017
1997-06-30,876.29,160.3,6.49,752822.9580536901,1.025353605384492
1997-07-31,925.29,160.5,6.22,795016.4635163224,0.9992947104303582
1997-08-31,927.24,160.8,6.3,796297.091428156,1.0119013978832225
1997-09-30,937.02,161.2,6.21,803793.5876883767,1.0185855021571386
1997-10-31,951.16,161.6,6.03,815000.7314603322,1.0162760017275136
1997-11-30,938.92,161.5,5.88,806114.4448517502,1.0101670432369692
1997-12-31,962.37,161.3,5.81,828382.3866024488,1.0254066973154938
1998-01-31,963.36,161.6,5.54,828808.4795879411,1.002334764529083
1998-02-28,1023.74,161.9,5.57,880239.5879974868,0.9985785705938983
1998-03-31,1076.83,162.2,5.65,925293.8947061127,1.0054665629566322
1998-04-30,1112.2,162.5,5.64,955047.8506675172,1.0039421129909039
1998-05-31,1108.42,162.8,5.65,951180.1356026942,1.016154071685974
1998-06-30,1108.39,163.0,5.5,951126.5430589253,1.0076410700343126
1998-07-31,1156.58,163.2,5.46,992406.7958756898,1.0137733237817153
1998-08-31,1074.62,163.4,5.34,922100.7834687233,1.0461845002815953
1998-09-30,1020.64,163.6,4.81,875864.1415143695,1.0263426633029713
1998-10-31,1032.47,164.0,4.53,885008.3673689048,0.9801733688787897
1998-11-30,1144.43,164.0,4.83,982133.771952017,1.0183036055450048
1998-12-31,1190.05,163.9,4.65,1023066.5881478501,0.9983400611310349
1999-01-31,1248.77,164.3,4.72,1072097.2912322683,0.9820760224994816
1999-02-28,1246.58,164.5,5.0,1070085.4566972358,0.9863999330858457
1999-03-31,1281.66,165.0,5.23,1098037.9700565487,1.0082294761276307
1999-04-30,1334.76,166.2,5.18,1136439.8097264175,0.9768966258015637
1999-05-31,1332.07,166.2,5.54,1135316.6463744561,0.9776385491503947
1999-06-30,1322.55,166.2,5.9,1128371.1520905623,1.0132009123986316
1999-07-31,1380.99,166.7,5.79,1175867.461333985,0.9936043180188611
1999-08-31,1327.49,167.1,5.94,1128781.6477897824,1.006447436763016
1999-09-30,1318.17,167.9,5.92,1116689.6234078698,0.990828492437972
1999-10-31,1300.01,168.2,6.11,1100514.8708080887,1.0110518898476173
1999-11-30,1391.0,168.3,6.03,1178017.711510651,0.9866066102270442
1999-12-31,1428.68,168.3,6.28,1211106.2332001894,0.97770689842364
2000-01-31,1425.59,168.8,6.66,1206084.3427833589,1.015754565043198
2000-02-29,1388.87,169.8,6.52,1169271.32266718,1.0246055812918504
2000-03-31,1442.21,171.2,6.26,1205414.7623021198,1.025368573243759
2000-04-30,1461.36,171.3,5.99,1221872.785423848,0.9720743018404012
2000-05-31,1418.48,171.5,6.44,1185800.468334506,1.030618221476396
2000-06-30,1461.96,172.4,6.1,1216925.4399338712,1.008805131658411
2000-07-31,1473.0,172.8,6.05,1224424.4888917303,1.0215803230975278
2000-08-31,1485.46,172.8,5.83,1235922.4601236933,1.007116655004377
2000-09-30,1468.05,173.7,5.8,1216236.1635184735,1.0093622130195519
2000-10-31,1390.14,174.0,5.74,1150829.3590026589,1.0062943229539354
2000-11-30,1378.04,174.1,5.72,1141280.7166910477,1.0418281855632676
2000-12-31,1330.93,174.0,5.24,1104021.645416953,1.010566145799292
2001-01-31,1335.63,175.1,5.16,1102071.0002613836,1.0089623559485503
2001-02-28,1305.75,175.8,5.1,1074226.5940981735,1.02072574956868
2001-03-31,1185.85,176.2,4.89,974463.7956812363,0.9846839467689684
2001-04-30,1189.84,176.9,5.14,974956.494823475,0.9851116741752641
2001-05-31,1270.37,177.7,5.39,1037329.4802221485,1.012969481316578
2001-06-30,1238.71,178.0,5.28,1010838.3983297669,1.00748845990805
2001-07-31,1204.45,177.5,5.24,986720.6211227955,1.0254723068263334
2001-08-31,1178.5,177.5,4.97,966535.040969693,1.023109878479575
2001-09-30,1044.64,178.3,4.73,853977.9305205952,1.0166806203414818
2001-10-31,1076.59,177.7,4.57,884144.1033977518,0.9974622864244422
2001-11-30,1129.68,177.4,4.65,930391.9211130558,0.9696687755818073
2001-12-31,1144.93,176.7,5.09,947771.7243653137,1.008137626359966
2002-01-31,1140.21,177.1,5.04,942815.8054440138,1.0143899309217241
2002-02-28,1100.67,177.8,4.91,907617.714849208,0.9755753810260557
2002-03-31,1153.79,178.8,5.28,947174.44841955,1.0098121952753996
2002-04-30,1111.93,179.8,5.21,908810.879294407,1.0082163411245575
2002-05-31,1079.25,179.8,5.16,883186.0753965492,1.0223118312731163
2002-06-30,1014.02,179.9,4.93,830438.1735616784,1.0263194975144518
2002-07-31,903.59,180.1,4.65,740267.0536441455,1.0353744093209243
2002-08-31,912.55,180.7,4.26,746205.7139603909,1.0356261870042687
2002-09-30,867.81,181.0,3.87,709519.8559760324,0.9974865099101702
2002-10-31,854.63,181.3,3.94,698668.5343565397,0.9943117974902391
2002-11-30,909.93,181.3,4.05,744965.4857251648,1.0050077075830828
2002-12-31,899.18,180.9,4.03,738890.9827939284,1.0017271449982252
2003-01-31,895.84,181.7,4.05,734004.2335873583,1.0156947309973
2003-02-28,837.03,183.1,3.9,681670.2052858805,1.0106729743502778
2003-03-31,846.63,184.2,3.81,686465.1112370729,0.9908896964797959
2003-04-30,890.03,183.8,3.96,724322.4662167331,1.0358298898509803
2003-05-31,935.96,183.5,3.57,764045.9613326689,1.0232207089359318
2003-06-30,988.0,183.7,3.33,806748.1323056262,0.9495882845982989
2003-07-31,992.54,183.9,3.98,810682.4617004519,0.9656881797177087
2003-08-31,989.53,184.6,4.45,806274.6133336122,1.018239784369447
2003-09-30,1019.44,185.2,4.27,829077.1930182234,1.0019452235199675
2003-10-31,1038.73,185.0,4.29,846822.0280419892,1.0027688186955976
2003-11-30,1049.9,184.5,4.3,859414.3970289858,1.0060052418393521
2003-12-31,1080.64,184.3,4.27,886724.6334423319,1.013300062423557
2004-01-31,1132.52,185.2,4.15,925976.6503551105,1.0091595293478566
2004-02-29,1143.36,186.2,4.08,931026.0584221806,1.024000109950226
2004-03-31,1123.98,187.4,3.83,910599.3945040302,0.9613671875383578
2004-04-30,1133.36,188.0,4.35,916493.9513876514,0.9743688945497557
2004-05-31,1102.78,189.1,4.72,887811.112962184,1.003142991174462
2004-06-30,1132.76,189.7,4.73,910306.5224645128,1.0223131387990259
2004-07-31,1105.85,189.4,4.5,891348.8849961187,1.0215024325059134
2004-08-31,1088.94,189.5,4.28,878529.4835122599,1.0157551489126513
2004-09-30,1117.66,189.9,4.13,901086.1810180178,1.005882764876544
2004-10-31,1117.21,190.9,4.1,897291.8482057215,0.9961239285881944
2004-11-30,1168.94,191.0,4.19,939641.6586786181,1.0002564602904038
2004-12-31,1199.21,190.3,4.23,968826.8158190306,1.0043341768892575
2005-01-31,1181.41,190.7,4.22,953768.1565401643,1.0075719517031356
2005-02-28,1199.63,191.8,4.17,964258.6288703469,0.9771159312883544
2005-03-31,1194.9,193.3,4.5,954348.1184864545,1.0166250288760423
2005-04-30,1164.43,194.6,4.34,925152.2563491588,1.01986042663239
2005-05-31,1178.28,194.4,4.14,938491.0754497574,1.0148949310235778
2005-06-30,1202.25,194.5,4.0,958479.1691584676,0.9887410843788
2005-07-31,1222.24,195.4,4.18,971323.8696282724,0.9970219160367334
2005-08-31,1224.27,196.4,4.26,969386.0372312427,1.0084095692450887
2005-09-30,1225.92,198.8,4.2,960373.4701382323,0.982693855169831
2005-10-31,1191.96,199.2,4.46,933309.5950938937,0.9973383724476744
2005-11-30,1237.37,197.6,4.54,978156.037392462,1.0093824010189034
2005-12-31,1262.07,196.8,4.47,1003207.0197705663,1.007733584168787
2006-01-31,1278.73,198.3,4.42,1010234.1707717554,0.9917405642631943
2006-02-28,1276.65,198.7,4.57,1008044.9857893912,0.9919477500426938
2006-03-31,1293.74,199.8,4.72,1017405.8632310724,0.9828469977407724
2006-04-30,1302.17,201.5,4.99,1016890.3316545391,0.9948378771081009
2006-05-31,1290.01,202.5,5.11,1003923.1777124881,1.0042583333333333
2006-06-30,1253.17,202.9,5.11,974847.7372334178,1.0058131617159785
2006-07-31,1260.24,203.5,5.09,978986.3170378283,1.020724969466718
2006-08-31,1287.15,203.9,4.88,999472.0040941653,1.0167179555100156
2006-09-30,1317.74,202.9,4.72,1029835.2987405533,1.003142991174462
2006-10-31,1363.38,201.8,4.73,1072906.8272885333,1.0142777659341806
2006-11-30,1388.64,201.5,4.6,1096029.0210534744,1.0070195403693385
2006-12-31,1416.42,201.8,4.56,1117927.3217577797,0.9880149324404021
2007-01-31,1424.16,202.416,4.76,1122260.262247671,1.007129488877504
2007-02-28,1444.8,203.499,4.72,1134117.4822757752,1.0166781614773537
2007-03-31,1406.95,205.352,4.56,1096093.2604163215,0.9935066372154723
2007-04-30,1463.64,206.686,4.69,1134557.2544566924,0.9991706369032569
2007-05-31,1511.14,207.949,4.75,1165928.6158517788,0.9767612569667901
2007-06-30,1514.19,208.352,5.1,1167701.5183458494,1.0120561824406615
2007-07-31,1520.71,208.299,5.0,1174727.5360553085,1.0303200256980465
2007-08-31,1454.62,207.917,4.67,1127460.9999018172,1.0158620078148781
2007-09-30,1497.12,208.49,4.52,1158951.0111169298,1.0029690120248937
2007-10-31,1539.66,208.936,4.53,1191090.726531981,1.034623808785709
2007-11-30,1463.39,210.177,4.15,1127164.4041817621,1.007526830349796
2007-12-31,1479.22,210.036,4.1,1141903.296300477,1.0332059347690226
2008-01-31,1378.76,211.08,3.74,1060874.8220346537,1.0031166666666667
2008-02-29,1354.87,211.693,3.74,1041271.3179126872,1.0223551030241986
2008-03-31,1316.94,213.528,3.51,1005219.6238599069,0.9888182670365642
2008-04-30,1370.47,214.823,3.68,1041570.9560218969,0.9866250178630205
2008-05-31,1403.22,216.632,3.88,1059350.2850747334,0.9853319464608985
2008-06-30,1341.25,218.815,4.1,1004252.8508906594,1.0107706962630596
2008-07-31,1257.33,219.964,4.01,938285.5905128786,1.0132020522151037
2008-08-31,1281.47,219.086,3.89,961930.9450293154,1.0198300499840234
2008-09-30,1216.95,218.783,3.69,916571.5488165191,0.9931777008662961
2008-10-31,968.8,216.573,3.81,738937.523863729,1.0265737057388291
2008-11-30,883.04,212.425,3.53,688526.9165790505,1.100717487658453
2008-12-31,877.56,210.228,2.42,693268.8429337239,0.9932501103959891
2009-01-31,865.58,211.143,2.52,682677.595314085,0.9719249427740881
2009-02-28,805.23,212.193,2.87,633744.7588074508,1.0067126526027683
2009-03-31,757.13,212.709,2.82,596226.3517732986,0.9928934087963497
2009-04-30,848.15,213.24,2.93,667987.7990022777,0.9720157544991832
2009-05-31,902.41,213.856,3.29,710385.9231926113,0.9671267140263349
2009-06-30,926.12,215.693,3.72,724505.9622150316,1.0164518630076158
2009-07-31,935.82,215.351,3.56,734891.0650819053,1.0004667153457725
2009-08-31,1009.73,215.834,3.59,792754.7990782601,1.0189667410869547
2009-09-30,1044.55,215.969,3.4,821142.6048798495,1.003674522779502
2009-10-31,1067.66,216.177,3.39,840033.9757332857,1.0019842066094584
2009-11-30,1088.07,216.33,3.4,856987.9223515546,0.9870003083010039
2009-12-31,1110.38,215.949,3.59,877576.2400976805,0.9914015277531876
2010-01-31,1123.58,216.687,3.73,886444.0721885859,1.0064260099968045
2010-02-28,1089.16,216.741,3.69,860525.101206488,0.999763531739006
2010-03-31,1152.05,217.631,3.73,907927.0158394938,0.9932295149287379
2010-04-30,1197.32,218.009,3.85,943406.9142044055,1.039328421597483
2010-05-31,1125.06,218.178,3.42,887227.2658002797,1.021522802556818
2010-06-30,1083.36,217.965,3.2,856627.1626541138,1.01893888508605
2010-07-31,1079.8,218.011,3.01,855090.8479971936,1.0294520196577643
2010-08-31,1087.28,218.312,2.7,861293.1739283819,1.006606134301999
2010-09-30,1122.08,218.439,2.65,889817.8797371134,1.0118423248854442
2010-10-31,1171.58,218.711,2.54,929399.8115833396,0.9830499418403623
2010-11-30,1198.89,218.803,2.76,952158.2174634277,0.9575062959756493
2010-12-31,1241.53,219.179,3.29,985833.1485441992,0.9943297722049775
2011-01-31,1282.62,220.223,3.39,1015144.6685325229,0.9869845423729295
2011-02-28,1321.12,221.309,3.58,1042007.3667163993,1.0172700924103824
2011-03-31,1304.49,223.467,3.41,1020480.0037956525,0.9986495543418403
2011-04-30,1331.51,224.906,3.46,1036490.0599728473,1.0275324139969944
2011-05-31,1338.31,225.964,3.17,1038457.5415478341,1.0172079264743594
2011-06-30,1287.29,225.722,3.0,1001515.1977786762,1.0025
2011-07-31,1325.19,225.922,3.0,1031683.5867119232,1.0645164336237931
2011-08-31,1185.31,226.545,2.3,921857.8795537557,1.0307073647848104
2011-09-30,1173.88,226.889,1.98,913213.6291283997,0.9864798281678909
2011-10-31,1207.22,226.421,2.15,942754.3047424996,1.0143693635798472
2011-11-30,1226.42,226.23,2.01,960251.0739415142,1.004374127948576
2011-12-31,1243.32,225.672,1.98,977619.0875342323,1.0025501440208808
2012-01-31,1300.58,226.665,1.97,1019906.5973116085,1.0016416666666668
2012-02-29,1352.49,227.663,1.97,1057724.2262459963,0.9838115829993329
2012-03-31,1389.24,229.392,2.17,1080044.7944158514,1.0125684261707941
2012-04-30,1386.43,230.085,2.05,1076401.2133727905,1.0243977858120352
2012-05-31,1341.27,229.815,1.8,1044376.6398088249,1.0179797396872907
2012-06-30,1323.48,229.478,1.62,1033878.1833943593,1.009626024902085
2012-07-31,1359.78,229.104,1.53,1065843.3175848967,0.987581856773907
2012-08-31,1403.45,230.379,1.68,1095879.8075400167,0.9977555779975706
2012-09-30,1443.42,231.407,1.72,1124000.1758990767,0.9987039917219532
2012-10-31,1437.82,231.317,1.75,1122031.8741408526,1.010600406643651
2012-11-30,1394.51,230.221,1.65,1095420.4684445786,0.9949972614957486
2012-12-31,1422.29,229.601,1.72,1122310.4016935008,0.9842809259179259
2013-01-31,1480.4,230.28,1.91,1166787.4599895277,0.9952937014533227
2013-02-28,1512.31,232.166,1.98,1184328.0132352596,1.0034511580252754
2013-03-31,1550.83,232.773,1.96,1213417.0176651746,1.019820122666715
2013-04-30,1570.7,232.531,1.76,1232363.9959595492,0.986134609554497
2013-05-31,1639.84,232.945,1.93,1286470.489249146,0.9688282184178998
2013-06-30,1618.77,233.504,2.3,1269070.523070921,0.9774406266619396
2013-07-31,1668.68,233.596,2.58,1309880.6517166395,0.9882700717882774
2013-08-31,1670.09,233.877,2.74,1311635.3029426187,0.9962310736001507
2013-09-30,1687.17,234.149,2.81,1325758.913800647,1.0189187020214248
2013-10-31,1720.03,233.546,2.62,1357340.9359607846,0.9935001053348674
2013-11-30,1783.54,233.069,2.72,1412632.342809407,0.9867701769348869
2013-12-31,1807.78,233.049,2.9,1434263.8845882912,1.0058668846418555
2014-01-31,1822.36,233.916,2.86,1442804.5377911949,1.015414386083895
2014-02-28,1817.04,234.781,2.71,1435646.7538413317,1.0013900105334868
2014-03-31,1863.52,236.293,2.72,1465319.417695058,1.0031354035167042
2014-04-30,1864.26,237.072,2.71,1463475.7167156052,1.0153830378430897
2014-05-31,1889.77,237.9,2.56,1480750.0679894332,0.998640095861824
2014-06-30,1947.09,238.343,2.6,1525264.3411026811,1.0074215711496362
2014-07-31,1973.1,238.25,2.54,1548708.030218527,1.0126870256928058
2014-08-31,1961.53,237.852,2.42,1544700.4539697573,0.9923780664554601
2014-09-30,1993.23,238.031,2.53,1571007.7400949039,1.0224851615240083
2014-10-31,1937.27,237.433,2.3,1533302.5865903827,0.9992626451594026
2014-11-30,2044.57,236.151,2.33,1629607.3169159866,1.0126191447923387
2014-12-31,2054.27,234.812,2.21,1649309.984365149,1.0316759538025049
2015-01-31,2028.18,233.707,1.88,1638744.199245954,0.9925695735047468
2015-02-28,2082.2,234.722,1.98,1677821.913615282,0.9962673573737063
2015-03-31,2079.99,236.119,2.04,1668848.9542378748,1.0107144985822074
2015-04-30,2094.86,236.599,1.94,1680113.5539415516,0.9784709985294461
2015-05-31,2111.94,237.805,2.2,1687976.9599447786,0.9876989151851622
2015-06-30,2099.29,238.638,2.36,1674779.9302740092,1.0055070611790184
2015-07-31,2094.14,238.654,2.32,1673351.1716586493,1.0153058960838337
2015-08-31,2039.87,238.316,2.17,1635115.3538888996,1.0018083333333334
2015-09-30,1944.41,237.945,2.17,1563870.8545267612,1.0107664318974605
2015-10-31,2024.81,237.838,2.07,1632138.6321727398,0.9848595880394265
2015-11-30,2080.62,237.336,2.26,1683573.7969349886,1.0036603474335184
2015-12-31,2054.08,236.525,2.24,1670733.3222760793,1.0152908634069941
2016-01-31,1918.6,236.916,2.09,1560909.2906667867,1.029903870881746
2016-02-29,1904.42,237.111,1.78,1551060.1411343957,0.9915433812118967
2016-03-31,2021.95,238.132,1.89,1642687.544488174,1.0088321078779696
2016-04-30,2075.54,239.261,1.81,1681238.5269633161,1.0015083333333332
2016-05-31,2065.55,240.229,1.81,1669380.5071193478,1.0170574109450992
2016-06-30,2083.89,241.018,1.64,1681674.0746714636,1.0142593049193578
2016-07-31,2148.9,240.628,1.5,1739954.5112359792,0.9957407004994581
2016-08-31,2170.95,240.849,1.56,1759218.1385066793,0.9948943265179868
2016-09-30,2157.69,241.428,1.63,1747313.2510750722,0.9895369202666353
2016-10-31,2143.02,241.729,1.76,1736322.4931078153,0.9675405362221958
2016-11-30,2164.99,241.353,2.14,1759931.097240136,0.9710563078726677
2016-12-31,2246.63,241.432,2.49,1828793.8673976273,1.007357647465936
2017-01-31,2275.12,242.839,2.43,1844352.23623768,1.0029058632521781
2017-02-28,2329.91,243.603,2.42,1885952.8461292307,0.9967466545045605
2017-03-31,2366.82,243.801,2.48,1917399.8373176637,1.018013749598499
2017-04-30,2359.31,244.524,2.3,1908805.2399153695,1.0019166666666666
2017-05-31,2395.35,244.733,2.3,1939470.520916211,1.0117137776044203
2017-06-30,2433.99,244.955,2.19,1972153.7473231393,0.9903187178348567
2017-07-31,2454.1,244.786,2.32,1993032.760617401,1.0117210216151993
2017-08-31,2456.22,245.519,2.21,1992027.9988592272,1.0027318846719444
2017-09-30,2492.84,246.819,2.2,2014317.243291191,0.9876989151851622
2017-10-31,2557.0,246.663,2.36,2070730.6213481212,1.0028504917557177
2017-11-30,2593.61,246.669,2.35,2103612.238786966,0.9975497928302435
2017-12-31,2664.34,246.524,2.4,2165559.717981845,0.986265402854104
2018-01-31,2789.8,247.867,2.58,2258567.0876122494,0.9779984741736784
2018-02-28,2705.16,248.991,2.86,2183491.941688205,1.0041100839387809
2018-03-31,2702.77,249.554,2.84,2179996.7455561175,0.9997802331901599
2018-04-30,2653.63,250.546,2.87,2135256.5528853303,0.993298828410901
2018-05-31,2701.49,251.588,2.976,2168147.180511229,1.0081593472990933
2018-06-30,2754.35,251.989,2.91,2210458.349653197,1.0041476505871525
2018-07-31,2793.64,252.006,2.89,2245278.6138778543,1.0024083333333333
2018-08-31,2857.82,252.146,2.89,2299058.9272996695,0.9929831063989438
2018-09-30,2901.5,252.439,3.0,2334994.1635091426,0.9897384103875351
2018-10-31,2785.46,252.885,3.15,2241192.4240640113,1.0051809433745449
2018-11-30,2723.23,252.038,3.12,2202069.85486049,1.0276497972023233
2018-12-31,2567.31,251.233,2.83,2086274.6059576813,1.0127831755337824
2019-01-31,2607.39,251.712,2.71,2118472.5365464273,1.0048682752251044
2019-02-28,2754.86,252.776,2.68,2232546.0029127803,1.0118535170500875
2019-03-31,2803.98,254.202,2.57,2263295.2182435147,1.0056466121980145
2019-04-30,2903.8,255.548,2.53,2335223.1586952307,1.0135705386413667
2019-05-31,2854.71,256.092,2.4,2294593.2481336268,1.0324722275649159
2019-06-30,2890.17,256.143,2.06,2326388.6267575696,1.0410658037704619
2019-07-31,2996.1136363636365,256.571,1.63,2411423.720025472,1.0013583333333334
2019-08-31,2897.498181818182,256.558,1.63,2335983.6248352095,0.9949744014301002
2019-09-30,2982.156,256.759,1.7,2406194.494028623,1.0005051189267946
2019-10-31,2977.68,257.346,1.71,2400964.166842323,0.9923536151525381
2019-11-30,3104.9044999999996,257.208,1.81,2508783.6919751535,0.9969836095001042
2019-12-31,3176.7495238095235,256.974,1.86,2573097.405342015,1.0106433946666906
2020-01-31,3278.2028571428577,257.971,1.76,2648956.294369725,1.0254101377073785
2020-02-29,3277.3142105263164,258.678,1.5,2644971.290638731,1.0610850801002183
2020-03-31,2652.3936363636367,258.115,0.87,2149311.245340456,1.0208777676284946
2020-04-30,2761.975238095238,256.389,0.66,2257227.898134563,0.9995908186187443
2020-05-31,2919.615,256.394,0.67,2390074.797456372,0.9948202771105281
2020-06-30,3104.6609090909087,257.797,0.73,2531775.6280794097,1.0111854455272233
2020-07-31,3207.6190909090906,259.101,0.62,2606587.6033729054,0.9976362762513467
2020-08-31,3391.71,259.918,0.65,2751512.1378173716,0.9976655442329813
2020-09-30,3365.5166666666664,260.28,0.68,2730438.570472226,0.9900779975173689
2020-10-31,3418.701363636364,260.388,0.79,2776401.0722908746,0.9930602279237818
2020-11-30,3548.992500000001,260.229,0.87,2887933.7739285226,0.9950432271913434
2020-12-31,3695.3099999999995,260.474,0.93,3008117.088570186,0.9866748750152396
2021-01-31,3793.748421052632,261.582,1.08,3079090.598386668,0.9841284119319711
2021-02-28,3883.4321052631576,263.014,1.26,3138610.5126488535,0.9689904805321305
2021-03-31,3910.5082608695648,264.877,1.61,3142118.754674507,0.9985977117940021
2021-04-30,4141.176190476191,267.054,1.64,3304169.5006289077,1.0031977488541435
2021-05-31,4167.849500000001,269.195,1.62,3302814.958037257,1.0105500616202074
2021-06-30,4238.489545454546,271.696,1.52,3331661.6271639923,1.019847179067535
2021-07-31,4363.7128571428575,273.003,1.32,3417474.21608372,1.0048233757041396
2021-08-31,4454.206363636363,273.567,1.28,3484982.1213756995,0.9927258309879763
2021-09-30,4445.543333333333,274.31,1.37,3472635.971387609,0.9818778716640022
2021-10-31,4460.707142857143,276.589,1.58,3459620.258538542,1.0031530998335139
2021-11-30,4667.386666666667,277.948,1.56,3606076.805002081,1.0096002483721682
2021-12-31,4674.772727272726,278.802,1.47,3604596.800959033,0.9748541554665968
2022-01-31,4573.8155,281.148,1.76,3501204.7158468333,0.986134609554497
2022-02-28,4435.980526315789,283.716,1.93,3368842.311841865,0.983743872386653
2022-03-31,4391.265217391306,287.504,2.13,3294815.426516016,0.9480158988630318
2022-04-30,4391.295999999999,289.109,2.75,3280442.8063230133,0.9893779252235169
2022-05-31,4040.3599999999997,292.296,2.9,2989272.6133778854,0.981988461726157
2022-06-30,3898.9466666666676,296.311,3.14,2849454.3248218927,1.0232786529757065
2022-07-31,3911.729499999999,296.276,2.9,2863059.8598881755,1.0024166666666667
2022-08-31,4158.5630434782615,296.171,2.9,3048759.4794607125,0.9505808982687256
2022-09-30,3850.520476190475,296.808,3.52,2820848.3334445045,0.9652935039721295
2022-10-31,3726.050952380952,298.012,3.98,2722639.1942928857,1.0107119558279947
2022-11-30,3917.488571428571,297.711,3.89,2869463.9849831886,1.025709583392977
2022-12-31,3912.380952380953,296.797,3.62,2878645.2550497423,1.010537679225576
2023-01-31,3960.6565,299.17,3.53,2895147.1596502946,0.9847456311130922
2023-02-28,4079.684736842105,300.84,3.75,2969705.5882864594,1.0106002730113013
2023-03-31,3968.5591304347827,301.836,3.66,2883405.922085883,1.0198184492993052
2023-04-30,4121.467368421053,303.363,3.46,2983549.4025625736,0.9937082361958774
2023-05-31,4146.1731818181825,304.127,3.57,2998018.643864595,0.9880873345470754
2023-06-30,4345.372857142857,305.109,3.75,3136070.263572697,0.9908052690027002
2023-07-31,4508.075500000001,305.691,3.9,3251435.5925873565,0.9813514608030671
2023-08-31,4457.358695652174,307.026,4.17,3205013.3699273793,0.9866077758148155
2023-09-30,4409.094999999999,307.789,4.38,3166593.7388454,0.970562192864624
2023-10-31,4269.4009090909085,307.671,4.8,3071611.743999015,1.0279627897378596
2023-11-30,4460.063333333332,307.051,4.5,3219466.3000175655,1.042953230678557
2023-12-31,4685.0515000000005,306.746,4.02,3389468.3215626865,1.0000891411034831
2024-01-31,4815.6139130434785,308.417,4.06,3469275.688077218,0.9912400469281282
2024-02-29,5011.9615,310.326,4.21,3592732.5875273296,1.0035083333333332
2024-03-31,5170.572499999999,312.332,4.21,3686828.4748455845,0.97719786967999
2024-04-30,5112.492727272728,313.548,4.54,3635492.4096373147,1.008580318470897
2024-05-31,5235.225454545454,314.069,4.48,3720827.4241583883,1.0174320683685538
2024-06-30,5415.140526315788,314.175,4.31,3851661.2981550377,1.0084399770505938
2024-07-31,5538.004545454546,314.54,4.25,3938769.973444756,1.0347953873374927
2024-08-31,5478.214545454546,314.796,3.87,3897395.9542989717,1.015648820688488
2024-09-30,5621.2604999999985,315.301,3.72,3997103.3215747373,0.9721794226748853
2024-10-31,5792.31956521739,315.664,4.1,4118374.352372926,0.9825141032158925
2024-11-30,5929.916,315.493,4.36,4222899.422918206,1.001224844194049
2024-12-31,6010.908571428571,315.605,4.39,4283497.2961677555,0.9846026540756636
2025-01-31,5979.5155,317.671,4.63,4237854.195112538,1.0182692432286788
2025-02-28,6038.69,319.082,4.45,4265318.931106723,1.017426122087903
2025-03-31,5683.983333333333,319.799,4.28,4010248.9958231994,1.0035666666666667
2025-04-30,5369.495714285715,320.795,4.28,3781091.4806696177,0.9923426309940626
2025-05-31,5810.919523809524,321.465,4.42,4087910.9080058155,1.0068961379400352
2025-06-30,6029.951499999999,322.561,4.38,4232102.897786467,1.0028471702869053
2025-07-31,6296.498181818183,323.048,4.39,4417055.0502242865,1.014158136440308
2025-08-31,6408.949523809522,323.976,4.26,4487615.325815727,1.0149312049685417
2025-09-30,6584.018095238095,324.8,4.12,4603072.15327725,1.0083246216781085
2025-10-31,6735.691739130435,325.21200000000005,4.06,4707732.325864683,1.0009410997355217
2025-11-30,6740.885789473684,324.122,4.09,4731833.406035173,0.9993473933419025
2025-12-31,6853.025454545453,324.054,4.14,4816213.071389233,0.9977831330109042
2026-01-31,6929.122,325.252,4.21,4856412.578336,1.0100088571978583
2026-02-28,6893.806315789475,326.785,4.13,4813650.199266824,0.9937450458988121
2026-03-31,6654.419090909089,330.213,4.25,4602887.987707414,0.9979036229053782
2026-04-30,6957.0076190476175,333.02,4.32,4776246.951318067,0.990808039633163
2026-05-31,7412.5515,335.123,4.48,5061679.592557832,1.0045332001455578
2026-06-30,7450.032857142856,333.952,4.47,5109777.889499823,0.9933889007324862
2026-07-31,7481.33909090909,333.918,4.6,5131772.467375782,0.9974960415969113
2026-08-31,7711.323333333334,334.98,4.68,5272758.961231354,0.9796897628381709
2026-09-30,7669.414285714285,335.511,4.99,5235803.245811437,0.9848554589080203
2026-10-31,7722.72,335.77650000000006,5.24,5268025.573055318,
