date,V0,V1,V3,V5,V8,V9,V12,V17,V13,V14,V15,V16,V19,V20,V20T1,V21,T8,IC,BAA-G4,VAA-G1,S&P500,60/40,EW4,NDX,DM,GOLD,EM
1962-03-31,,,,,,,,,,,,,,,,,,,,,,,,,,,
1962-04-30,,,,,,,,,,,,,,,,,,,,,,,,,,,
1962-05-31,,,,,,,,,,,,,,,,,,,,,,,,,,,
1962-06-30,,,,,,,,,,,,,,,,,,,,,,,,,,,
1962-07-31,,,,,,,,,,,,,,,,,,,,,,,,,,,
1962-08-31,,,,,,,,,,,,,,,,,,,,,,,,,,,
1962-09-30,,,,,,,,,,,,,,,,,,,,,,,,,,,
1962-10-31,,,,,,,,,,,,,,,,,,,,,,,,,,,
1962-11-30,,,,,,,,,,,,,,,,,,,,,,,,,,,
1962-12-31,,,,,,,,,,,,,,,,,,,,,,,,,,,
1963-01-31,,,,,,,,,,,,,,,,,,,,,,,,,,,
1963-02-28,,,,,,,,,,,,,,,,,,,,,,,,,,,
1963-03-31,,,,,,,,,,,,,,,,,,,,,,,,,,,
1963-04-30,,,,,,,,,,,,,,,,,,,,,,,,,,,
1963-05-31,,,,,,,,,,,,,,,,,,,,,,,,,,,
1963-06-30,,,,,,,,,,,,,,,,,,,,,,,,,,,
1963-07-31,,,,,,,,,,,,,,,,,,,,,,,,,,,
1963-08-31,,,,,,,,,,,,,,,,,,,,,,,,,,,
1963-09-30,,,,,,,,,,,,,,,,,,,,,,,,,,,
1963-10-31,,,,,,,,,,,,,,,,,,,,,,,,,,,
1963-11-30,,,,,,,,,,,,,,,,,,,,,,,,,,,
1963-12-31,,,,,,,,,,,,,,,,,,,,,,,,,,,
1964-01-31,,,,,,,,,,,,,,,,,,,,,,,,,,,
1964-02-29,,,,,,,,,,,,,,,,,,,,,,,,,,,
1964-03-31,,,,,,,,,,,,,,,,,,,,,,,,,,,
1964-04-30,,,,,,,,,,,,,,,,,,,,,,,,,,,
1964-05-31,,,,,,,,,,,,,,,,,,,,,,,,,,,
1964-06-30,,,,,,,,,,,,,,,,,,,,,,,,,,,
1964-07-31,,,,,,,,,,,,,,,,,,,,,,,,,,,
1964-08-31,,,,,,,,,,,,,,,,,,,,,,,,,,,
1964-09-30,,,,,,,,,,,,,,,,,,,,,,,,,,,
1964-10-31,,,,,,,,,,,,,,,,,,,,,,,,,,,
1964-11-30,,,,,,,,,,,,,,,,,,,,,,,,,,,
1964-12-31,,,,,,,,,,,,,,,,,,,,,,,,,,,
1965-01-31,,,,,,,,,,,,,,,,,,,,,,,,,,,
1965-02-28,,,,,,,,,,,,,,,,,,,,,,,,,,,
1965-03-31,,,,,,,,,,,,,,,,,,,,,,,,,,,
1965-04-30,,,,,,,,,,,,,,,,,,,,,,,,,,,
1965-05-31,,,,,,,,,,,,,,,,,,,,,,,,,,,
1965-06-30,,,,,,,,,,,,,,,,,,,,,,,,,,,
1965-07-31,,,,,,,,,,,,,,,,,,,,,,,,,,,
1965-08-31,,,,,,,,,,,,,,,,,,,,,,,,,,,
1965-09-30,,,,,,,,,,,,,,,,,,,,,,,,,,,
1965-10-31,,,,,,,,,,,,,,,,,,,,,,,,,,,
1965-11-30,,,,,,,,,,,,,,,,,,,,,,,,,,,
1965-12-31,,,,,,,,,,,,,,,,,,,,,,,,,,,
1966-01-31,,,,,,,,,,,,,,,,,,,,,,,,,,,
1966-02-28,,,,,,,,,,,,,,,,,,,,,,,,,,,
1966-03-31,,,,,,,,,,,,,,,,,,,,,,,,,,,
1966-04-30,,,,,,,,,,,,,,,,,,,,,,,,,,,
1966-05-31,,,,,,,,,,,,,,,,,,,,,,,,,,,
1966-06-30,,,,,,,,,,,,,,,,,,,,,,,,,,,
1966-07-31,,,,,,,,,,,,,,,,,,,,,,,,,,,
1966-08-31,,,,,,,,,,,,,,,,,,,,,,,,,,,
1966-09-30,,,,,,,,,,,,,,,,,,,,,,,,,,,
1966-10-31,,,,,,,,,,,,,,,,,,,,,,,,,,,
1966-11-30,,,,,,,,,,,,,,,,,,,,,,,,,,,
1966-12-31,,,,,,,,,,,,,,,,,,,,,,,,,,,
1967-01-31,,,,,,,,,,,,,,,,,,,,,,,,,,,
1967-02-28,,,,,,,,,,,,,,,,,,,,,,,,,,,
1967-03-31,,,,,,,,,,,,,,,,,,,,,,,,,,,
1967-04-30,,,,,,,,,,,,,,,,,,,,,,,,,,,
1967-05-31,,,,,,,,,,,,,,,,,,,,,,,,,,,
1967-06-30,,,,,,,,,,,,,,,,,,,,,,,,,,,
1967-07-31,,,,,,,,,,,,,,,,,,,,,,,,,,,
1967-08-31,,,,,,,,,,,,,,,,,,,,,,,,,,,
1967-09-30,,,,,,,,,,,,,,,,,,,,,,,,,,,
1967-10-31,,,,,,,,,,,,,,,,,,,,,,,,,,,
1967-11-30,,,,,,,,,,,,,,,,,,,,,,,,,,,
1967-12-31,,,,,,,,,,,,,,,,,,,,,,,,,,,
1968-01-31,,,,,,,,,,,,,,,,,,,,,,,,,,,
1968-02-29,,,,,,,,,,,,,,,,,,,,,,,,,,,
1968-03-31,,,,,,,,,,,,,,,,,,,,,,,,,,,
1968-04-30,,,,,,,,,,,,,,,,,,,,,,,,,,,
1968-05-31,,,,,,,,,,,,,,,,,,,,,,,,,,,
1968-06-30,,,,,,,,,,,,,,,,,,,,,,,,,,,
1968-07-31,,,,,,,,,,,,,,,,,,,,,,,,,,,
1968-08-31,,,,,,,,,,,,,,,,,,,,,,,,,,,
1968-09-30,,,,,,,,,,,,,,,,,,,,,,,,,,,
1968-10-31,,,,,,,,,,,,,,,,,,,,,,,,,,,
1968-11-30,,,,,,,,,,,,,,,,,,,,,,,,,,,
1968-12-31,,,,,,,,,,,,,,,,,,,,,,,,,,,
1969-01-31,,,,,,,,,,,,,,,,,,,,,,,,,,,
1969-02-28,,,,,,,,,,,,,,,,,,,,,,,,,,,
1969-03-31,,,,,,,,,,,,,,,,,,,,,,,,,,,
1969-04-30,,,,,,,,,,,,,,,,,,,,,,,,,,,
1969-05-31,,,,,,,,,,,,,,,,,,,,,,,,,,,
1969-06-30,,,,,,,,,,,,,,,,,,,,,,,,,,,
1969-07-31,,,,,,,,,,,,,,,,,,,,,,,,,,,
1969-08-31,,,,,,,,,,,,,,,,,,,,,,,,,,,
1969-09-30,,,,,,,,,,,,,,,,,,,,,,,,,,,
1969-10-31,,,,,,,,,,,,,,,,,,,,,,,,,,,
1969-11-30,,,,,,,,,,,,,,,,,,,,,,,,,,,
1969-12-31,,,,,,,,,,,,,,,,,,,,,,,,,,,
1970-01-31,,,,,,,,,,,,,,,,,,,,,,,,,,,
1970-02-28,,,,,,,,,,,,,,,,,,,,,0.05377685878407746,,,,,,
1970-03-31,,,,,,,,,,,,,,,,,,,,,0.002535816611746408,,,,,,
1970-04-30,,,,,,,,,,,,,,,,,,,,,-0.08939977342635473,,,,,,
1970-05-31,,,,,,,,,,,,,,,,,,,,,-0.059883224517124016,,,,,,
1970-06-30,,,,,,,,,,,,,,,,,,,,,-0.048949346984982316,,,,,,
1970-07-31,,,,,,,,,,,,,,,,,,,,,0.07437818676544873,,,,,,
1970-08-31,,,,,,,,,,,,,,,,,,,,,0.04554192981804462,,,,,,
1970-09-30,,,,,,,,,,,,,,,,,,,,,0.03518547419655738,,,,,,
1970-10-31,,,,,,,,,,,,,,,,,,,,,-0.011372218431156425,,,,,,
1970-11-30,,,,,,,,,,,,,,,,,,,,,0.048530744123029386,,,,,,
1970-12-31,,,,,,,,,,,,,,,,,,,,,0.05784944286169492,,,,,,
1971-01-31,,,,,,,,,,,,,,,,,,,,,0.041560768664590915,,,,,,
1971-02-28,,,,,,,,,,,,,,,,,,,,,0.010157204542179618,,,,,0.017060367454068137,
1971-03-31,,,,,,,,,,,,,,,,,,,,,0.03787917373223527,,,,,0.0,
1971-04-30,,,,,,,,,,,,,,,,,,,,,0.03737083685482646,,,,,0.005161290322580614,
1971-05-31,,,,,,,,,,,,,,,,,,,,,-0.04047510650938468,,,,,0.04749679075738111,
1971-06-30,,,,,,,,,,,,,,,,,,,,,-0.008251207776912897,,,,,0.0,
1971-07-31,,,,,,,,,,,,,,,,,,,,,-0.03052756042204984,,,,,-0.017156862745097978,
1971-08-31,,,,,,,,,,,,,,,,,,,,,0.03717871816436059,,,,,0.07805486284289276,
1971-09-30,,,,,,,,,,,,,,,,,,,,,-0.0058842769858793356,,,,,-0.02266944251677072,
1971-10-31,,,,,,,,,,,,,,,,,,,,,-0.04071037354088013,,,,,0.0,
1971-11-30,,,,,,,,,,,,,,,,,,,,,-0.0014636844382246357,,,,,-0.002366863905325478,
1971-12-31,,,,,,,,,,,,,,,,,,,,,0.08726269984275038,,,,,0.029655990510083052,
1972-01-31,,,,,,,,,,,,,,,,,,,,,0.019204659319011615,,,,,0.06451612903225823,
1972-02-29,,,,,,,,,,,,,,,,,,,,,0.026386365771692073,,,,,0.0,
1972-03-31,,,,,,,,,,,,,,,,,,,,,0.006994914971899977,,,,,0.045454545454545414,
1972-04-30,,,,,,,,,,,,,,,,,,,,,0.005467673203511278,,,,,0.0233954451345757,
1972-05-31,,,,,,,,,,,,,,,,,,,,,0.01835834626156819,,,,,0.0,
1972-06-30,,,,,,,,,,,,,,,,,,,,,-0.02073716713489259,,,,,0.18956099534695525,
1972-07-31,,,,,,,,,,,,,,,,,,,,,0.0034167289038409348,,,,,0.1071428571428572,
1972-08-31,,,,,,,,,,,,,,,,,,,,,0.0355371648751075,,,,,0.03379416282642089,
1972-09-30,,,,,,,,,,,,,,,,,,,,,-0.0037775299660981394,,,,,0.0,
1972-10-31,,,,,,,,,,,,,,,,,,,,,0.010400373142139605,,,,,-0.024814264487370008,
1972-11-30,,,,,,,,,,,,,,,,,,,,,0.04670079393884131,,,,,-0.06140484534511648,
1972-12-31,,,,,,,,,,,,,,,,,,,,,0.012911608849495835,,,,,0.05243506493506489,
1973-01-31,,,,,,,,,,,,,,,,,,,,,-0.016028095893612752,,,,,0.0,
1973-02-28,,,,,,,,,,,,,,,,,,,,,-0.0364069581420231,,,,,0.06277957735616235,
1973-03-31,,,,,,,,,,,,,,,,,,,,,-0.0003493642102926271,,,,,0.1814223512336719,
1973-04-30,,,,,,,,,,,,,,,,,,,,,-0.03971648337510957,,,,,0.0,
1973-05-31,,,,,,,,,,,,,,,,,,,,,-0.017800505587947095,,,,,0.11056511056511065,
1973-06-30,,,,,,,,,,,,,,,,,,,,,-0.005491176738848904,,,,,0.2831858407079646,
1973-07-31,,,,,,,,,,,,,,,,,,,,,0.039065291930440844,,,,,0.030172413793103425,
1973-08-31,,,,,,,,,,,,,,,,,,,,,-0.03560120904258789,,,,,0.0,
1973-09-30,,,,,,,,,,,,,,,,,,,,,0.04117925952206992,,,,,-0.10476987447698738,
1973-10-31,,,,,,,,,,,,,,,,,,,,,-0.00020781661828905016,,,,,-0.046550757150869315,
1973-11-30,,,,,,,,,,,,,,,,,,,,,-0.11277761159982645,,,,,-0.004901960784313708,
1973-12-31,,,,,,,,,,,,,,,,,,,,,0.01765277875283023,,,,,0.0,
1974-01-31,,,,,,,,,,,,,,,,,,,,,-0.008962830954469028,,,,,0.18719211822660098,
1974-02-28,,,,,,,,,,,,,,,,,,,,,-0.0025409648465065577,,,,,0.2572614107883817,
1974-03-31,,,,,,,,,,,,,,,,,,,,,-0.022196627541241735,,,,,0.0,
1974-04-30,,,,,,,,,,,,,,,,,,,,,-0.037967588854882044,,,,,0.1722772277227722,
1974-05-31,,,,,,,,,,,,,,,,,,,,,-0.03246775581746641,,,,,-0.07516891891891886,
1974-06-30,,,,,,,,,,,,,,,,,,,,,-0.013582097432008213,,,,,-0.1254185692541857,
1974-07-31,,,,,,,,,,,,,,,,,,,,,-0.07670739272953007,,,,,0.0,
1974-08-31,,,,,,,,,,,,,,,,,,,,,-0.08919527280866134,,,,,0.0616080751827357,
1974-09-30,,,,,,,,,,,,,,,,,,,,,-0.11825139193709243,,,,,-0.020327868852458963,
1974-10-31,,,,,,,,,,,,,,,,,,,,,0.16413024018063682,,,,,0.11378848728246327,
1974-11-30,,,,,,,,,,,,,,,,,,,,,-0.052096642634590566,,,,,0.0,
1974-12-31,,,,,,,,,,,,,,,,,,,,,-0.01906821215059295,,,,,0.04567307692307687,
1975-01-31,,,,,,,,,,,,,,,,,,,,,0.12389555763576011,,,,,0.0,
1975-02-28,,,,,,,,,,,,,,,,,,,,,0.06096892413516609,,,,,0.0,
1975-03-31,,,,,,,,,,,,,,,,,,,,,0.02277722170085795,,,,,0.030172413793103425,
1975-04-30,,,,,,,,,,,,,,,,,,,,,0.04834823751469176,,,,,-0.0683403068340307,
1975-05-31,,,,,,,,,,,,,,,,,,,,,0.045184116145889915,,,,,0.017964071856287456,
1975-06-30,,,,,,,,,,,,,,,,,,,,,0.04540588789061784,,,,,0.0,
1975-07-31,,,,,,,,,,,,,,,,,,,,,-0.06657085593271227,,,,,-0.032352941176470584,
1975-08-31,,,,,,,,,,,,,,,,,,,,,-0.01998712014928105,,,,,-0.017325227963525758,
1975-09-30,,,,,,,,,,,,,,,,,,,,,-0.0335620925643697,,,,,0.0,
1975-10-31,,,,,,,,,,,,,,,,,,,,,0.06272632844049643,,,,,-0.10609341169192699,
1975-11-30,,,,,,,,,,,,,,,,,,,,,0.025791295211381023,,,,,-0.005536332179930881,
1975-12-31,,,,,,,,,,,,,,,,,,,,,-0.010424727242589018,,,,,-0.022268615170494055,
1976-01-31,,,,,,,,,,,,,,,,,,,,,0.11938910869770704,,,,,0.0,
1976-02-29,,,,,,,,,,,,,,,,,,,,,-0.01031862501407598,,,,,-0.08362989323843417,
1976-03-31,,,,,,,,,,,,,,,,,,,,,0.0317723072245213,,,,,0.04310679611650503,
1976-04-30,,,,,,,,,,,,,,,,,,,,,-0.00991206698124091,,,,,-0.04690990320178712,
1976-05-31,,,,,,,,,,,,,,,,,,,,,-0.013281081200708358,,,,,0.0,
1976-06-30,,,,,,,,,,,,,,,,,,,,,0.042009650578605624,,,,,-0.009765625,
1976-07-31,,,,,,,,,,,,,,,,,,,,,-0.006971867546256663,,,,,-0.12228796844181455,
1976-08-31,,,,,,,,,,,,,,,,,,,,,-0.004040397977453139,,,,,0.0,
1976-09-30,,,,,,,,,,,,,,,,,,,,,0.023724418929932385,,,,,-0.03505617977528097,
1976-10-31,,,,,,,,,,,,,,,,,,,,,-0.021151523996478454,,,,,0.0703306939916164,
1976-11-30,,,,,,,,,,,,,,,,,,,,,-0.006691234595673104,,,,,0.14273281114012182,
1976-12-31,,,,,,,,,,,,,,,,,,,,,0.05358089151606094,,,,,0.0,
1977-01-31,,,,,,,,,,,,,,,,,,,,,-0.049447099864487025,,,,,0.011576542269611467,
1977-02-28,,,,,,,,,,,,,,,,,,,,,-0.02057695394406977,,,,,0.027330221352205974,
1977-03-31,,,,,,,,,,,,,,,,,,,,,-0.012941927437645098,,,,,0.09783803591059015,
1977-04-30,,,,,,,,,,,,,,,,,,,,,0.0012865874771361779,,,,,0.0,
1977-05-31,,,,,,,,,,,,,,,,,,,,,-0.022484318406670527,,,,,-0.018024032042723737,
1977-06-30,,,,,,,,,,,,,,,,,,,,,0.04644330509536677,,,,,-0.04690686607749839,
1977-07-31,,,,,,,,,,,,,,,,,,,,,-0.015138848477531655,,,,,0.0,
1977-08-31,,,,,,,,,,,,,,,,,,,,,-0.019958668317270993,,,,,0.04493580599144087,
1977-09-30,,,,,,,,,,,,,,,,,,,,,-0.0013967521486860563,,,,,0.009215017064846398,
1977-10-31,,,,,,,,,,,,,,,,,,,,,-0.04232288747255452,,,,,0.0926614812309774,
1977-11-30,,,,,,,,,,,,,,,,,,,,,0.02804895594449986,,,,,0.0,
1977-12-31,,,,,,,,,,,,,,,,,,,,,0.003930498131953017,,,,,-0.007118539151965364,
1978-01-31,,,,,,,,,,,,,,,,,,,,,-0.06043084719226376,,,,,0.07761845386533661,
1978-02-28,,,,,,,,,,,,,,,,,,,,,-0.02367856117056199,,,,,0.0,
1978-03-31,,,,,,,,,,,,,,,,,,,,,0.026014378210634133,,,,,0.06161411628579705,
1978-04-30,,,,,,,,,,,,,,,,,,,,,0.08649979813305443,,,,,-0.022343324250681196,
1978-05-31,,,,,,,,,,,,,,,,,,,,,0.0053175172119022205,,,,,-0.0002787068004459492,
1978-06-30,,,,,,,,,,,,,,,,,,,,,-0.016502013458511537,,,,,0.0,
1978-07-31,,,,,,,,,,,,,,,,,,,,,0.054993116560453144,,,,,0.022860328965709442,
1978-08-31,,,,,,,,,,,,,,,,,,,,,0.027007058029800086,,,,,0.1471790678659035,
1978-09-30,,,,,,,,,,,,,,,,,,,,,-0.006177776099837931,,,,,0.03326205749584221,
1978-10-31,,,,,,,,,,,,,,,,,,,,,-0.09049067979139779,,,,,0.0,
1978-11-30,,,,,,,,,,,,,,,,,,,,,0.017723112152152616,,,,,-0.0039089445849620486,
1978-12-31,,,,,,,,,,,,,,,,,,,,,0.015972496031828383,,,,,-0.01546629732225302,
1979-01-31,,,,,,,,,,,,,,,,,,,,,0.040829454138297645,,,,,0.0,
1979-02-28,,,,,,,,,,,,,,,,,,,,,-0.03544224972212728,,,,,0.08980070339976565,
1979-03-31,,,,,,,,,,,,,,,,,,,,,0.05623494972217325,,,,,0.03184165232358005,
1979-04-30,,,,,,,,,,,,,,,,,,,,,0.002756783520046832,,,,,0.010216847372810589,
1979-05-31,,,,,,,,,,,,,,,,,,,,,-0.025253147100186883,,,,,0.0,
1979-06-30,,,,,,,,,,,,,,,,,,,,,0.03973898291219991,,,,,0.15294117647058836,
1979-07-31,,,,,,,,,,,,,,,,,,,,,0.009828779494616144,,,,,0.07447189402076626,
1979-08-31,,,,,,,,,,,,,,,,,,,,,0.05416109333540287,,,,,0.061812729090303,
1979-09-30,,,,,,,,,,,,,,,,,,,,,0.0010833333333333333,,,,,0.0,
1979-10-31,,,,,,,,,,,,,,,,,,,,,-0.06752259441032625,,,,,0.2552957790679429,
1979-11-30,,,,,,,,,,,,,,,,,,,,,0.04370761127767687,,,,,-0.01287499999999997,
1979-12-31,,,,,,,,,,,,,,,,,,,,,0.017850465189906302,,,,,0.0,
1980-01-31,,,,,,,,,,,,,,,,,,,,,0.05870794960179771,,,,,0.6006078257566163,
1980-02-29,,,,,,,,,,,,,,,,,,,,,-0.0032964843257471317,,,,,0.08860759493670889,
1980-03-31,,,,,,,,,,,,,,,,,,,,,-0.10071155450262247,,,,,-0.29360465116279066,
1980-04-30,,,,,,,,,,,,,,,,,,,,,0.04222355008616608,,,,,0.0,
1980-05-31,,,,,,,,,,,,,,,,,,,,,0.04765400701482215,,,,,0.057098765432098686,
1980-06-30,,,,,,,,,,,,,,,,,,,,,0.028052050140339853,,,,,0.16399026763990276,
1980-07-31,,,,,,,,,,,,,,,,,,,,,0.06612185262704019,,,,,0.03344481605351168,
1980-08-31,,,,,,,,,,,,,,,,,,,,,0.006918782459310666,,,,,0.0,
1980-09-30,,,,,,,,,,,,,,,,,,,,,0.026250859891425955,,,,,0.09466019417475735,
1980-10-31,,,,,,,,,,,,,,,,,,,,,0.01710439304079526,,,,,-0.04028085735402809,
1980-11-30,,,,,,,,,,,,,,,,,,,,,0.10346038618330457,,,,,0.0,
1980-12-31,,,,,,,,,,,,,,,,,,,,,-0.03279091674422562,,,,,-0.025490951097420056,
1981-01-31,,,,,,,,,,,,,,,,,,,,,-0.04465909231743847,,,,,-0.10423581476213062,
1981-02-28,,,,,,,,,,,,,,,,,,,,,0.014360069575600773,,,,,-0.12615791795324216,
1981-03-31,,,,,,,,,,,,,,,,,,,,,0.03711590416894928,,,,,0.0,
1981-04-30,,,,,,,,,,,,,,,,,,,,,-0.022372566971124434,,,,,0.03382130237253911,
1981-05-31,,,,,,,,,,,,,,,,,,,,,-0.0005731776579124188,,,,,-0.0625,
1981-06-30,,,,,,,,,,,,,,,,,,,,,-0.00932461343594392,,,,,0.0,
1981-07-31,,,,,,,,,,,,,,,,,,,,,-0.0011269290710753583,,,,,-0.14583333333333337,
1981-08-31,,,,,,,,,,,,,,,,,,,,,-0.06101563830678724,,,,,-0.0060975609756097615,
1981-09-30,,,,,,,,,,,,,,,,,,,,,-0.05274841649211758,,,,,0.1055214723926381,
1981-10-31,,,,,,,,,,,,,,,,,,,,,0.05023119931262344,,,,,0.0,
1981-11-30,,,,,,,,,,,,,,,,,,,,,0.03767369437038016,0.027047549955561405,,,,-0.04794672586015547,
1981-12-31,,,,,,,,,,,,,,,,,,,,,-0.02899181876998546,-0.013801757928657937,,,,-0.025413849382140308,
1982-01-31,,,,,,,,,,,,,,,,,,,,,-0.016460538329981615,-0.006029656331322327,,,,-0.08732057416267947,
1982-02-28,,,,,,,,,,,,,,,,,,,,,-0.05946484626083736,-0.03131890775650245,,,,0.0,
1982-03-31,,,,,,,,,,,,,,,,,,,,,-0.009083774081337306,-0.001116931115469083,,,,-0.1245085190039319,
1982-04-30,,,,,,,,,,,,,,,,,,,,,0.0410976544620203,0.02932192601054551,,,,0.03218562874251507,
1982-05-31,,,,,,,,,,,,,,,,,,,,,-0.038078510469297326,-0.018463772948245034,,,,0.0,
1982-06-30,,,,,,,,,,,,,,,,,,,,,-0.019206233155702683,-0.007533739893421582,,,,-0.06598984771573602,
1982-07-31,,,,,,,,,,,,,,,,,,,,,-0.021907308564564347,-0.00869105180540523,,,,0.07996894409937894,
1982-08-31,,,,,,,,,,,,,,,,,,,,,0.11706060687018384,0.07375969745544363,,,,0.20057512580877068,
1982-09-30,,,,,,,,,,,,,,,,,,,,,0.00869772557204774,0.008125302009895346,,,,0.0,
1982-10-31,,,,,,,,,,,,,,,,,,,,,0.11153012999495028,0.0695447446636368,,,,-0.0005988023952095967,
1982-11-30,,,,,,,,,,,,,,,,,,,,,0.03705399976082547,0.024955733189828605,,,,-0.019173157579388866,
1982-12-31,,,,,,,,,,,,,,,,,,,,,0.01631469570209477,0.012642150754590235,,,,0.11728772144166166,
1983-01-31,,,,,,,,,,,,,,,,,,,,,0.03421760297449473,0.023263895118030134,,,,0.0,
1983-02-28,,,,,,,,,,,,,,,,,,,,,0.020078477509984045,0.014833753172657053,,,,0.08201202843083655,
1983-03-31,,,,,,,,,,,,,,,,,,,,,0.03417808705527837,0.023243518899833674,,,,-0.16119252147549268,
1983-04-30,,,,,,,,,,,,,,,,,,,,,0.07607016295194248,0.04862876443783218,,,,0.0,
1983-05-31,,,,,,,,,,,,,,,,,,,,,-0.011323121553246987,-0.004000539598614855,,,,0.04819277108433728,
1983-06-30,,,,,,,,,,,,,,,,,,,,,0.03341291039923889,0.023037746239543293,,,,-0.05574712643678159,
1983-07-31,,,,,,,,,,,,,,,,,,,,,-0.02921970800256623,-0.014481824801539738,,,,0.03712720632988442,
1983-08-31,,,,,,,,,,,,,,,,,,,,,0.012402208613381269,0.01063799183469541,,,,0.0,
1983-09-30,,,,,,,,,,,,,,,,,,,,,0.011241566239265763,0.009958273076892793,,,,-0.02699530516431925,
1983-10-31,,,,,,,,,,,,,,,,,,,,,-0.014091015804504217,-0.005441276149369172,,,,-0.059107358262967424,
1983-11-30,,,,,,,,,,,,,,,,,,,,,0.01850914067999932,0.014048817741332936,,,,0.0,
1983-12-31,,,,,,,,,,,,,,,,,,,,,-0.007750808942041934,-0.001570485365225144,,,,0.021794871794871717,
1984-01-31,,,,,,,,,,,,,,,,,,,,,-0.00813263150733611,-0.0017695789044016312,,,,-0.06838143036386446,
1984-02-29,,,,,,,,,,,,,,,,,,,,,-0.03777601408242114,-0.019578941782786047,,,,0.07676767676767682,
1984-03-31,,,,,,,,,,,,,,,,,,,,,0.014581328686329673,0.011912130545131166,,,,0.0,
1984-04-30,,,,,,,,,,,,,,,,,,,,,0.006548909511293175,0.007292679040109246,,,,-0.04540337711069409,
1984-05-31,,,,,,,,,,,,,,,,,,,,,-0.05827311664391432,-0.03159720331968189,,,,-0.012971698113207641,
1984-06-30,,,,,,,,,,,,,,,,,,,,,0.018552543367950765,0.014508192687437131,,,,-0.013673171379264493,
1984-07-31,,,,,,,,,,,,,,,,,,,,,-0.01536782957412063,-0.0057840310778056675,,,,0.0,
1984-08-31,,,,,,,,,,,,,,,,,,,,,0.10741539641757748,0.06805923785054652,,,,-0.07335127860026913,
1984-09-30,,,,,,,,,,,,,,,,,,,,,-0.0023963078818771606,0.0022488819375403642,,,,-0.012345679012345734,
1984-10-31,,,,,,,,,,,,,,,,,,,,,0.0010230698459330416,0.00415717524089319,,,,0.0,
1984-11-30,,,,,,,,,,,,,,,,,,,,,-0.014028922444730743,-0.005300686800171789,,,,-0.018088235294117627,
1984-12-31,,,,,,,,,,,,,,,,,,,,,0.023457728865431633,0.016987970652592305,,,,-0.022315411112775352,
1985-01-31,,,,,,,,,,,,,,,,,,,,,0.07516847434437503,0.04780775127329165,,,,-0.07506127450980393,
1985-02-28,,,,,,,,,,,,,,,,,,,,,0.009712113330193848,0.008603934664782958,,,,0.0,
1985-03-31,,,,,,,,,,,,,,,,,,,,,-0.0017866801046427711,0.0018646586038809695,,,,-0.0417356740642596,
1985-04-30,,,,,,,,,,,,,,,,,,,,,-0.0035109421799508407,0.0007167680253628511,,,,0.12512962322848242,
1985-05-31,,,,,,,,,,,,,,,,,,,,,0.05513438778327329,0.03578729933663061,,,,-0.032258064516129004,
1985-06-30,,,,,,,,,,,,,,,,,,,,,0.0132173508206861,0.0103904104924117,,,,0.0,
1985-07-31,,,,,,,,,,,,,,,,,,,,,-0.0037642450090331543,9.145299458013754e-05,,,,-0.003809523809523818,
1985-08-31,,,,,,,,,,,,,,,,,,,,,-0.010911184308063251,-0.0040400439181712934,,,,0.07584448693435308,
1985-09-30,,,,,,,,,,,,,,,,,,,,,-0.033640744926787806,-0.017724446956072643,,,,0.0,
1985-10-31,,,,,,,,,,,,,,,,,,,,,0.04359215042103149,0.028578623585952204,,,,-0.0392476303317536,
1985-11-30,,,,,,,,,,,,,,,,,,,,,0.06614491993222328,0.042160285292667334,,0.09228420991316962,,0.002004008016031955,
1985-12-31,,,,,,,,,,,,,,,,,,,,,0.046144423964291865,0.030149987711908424,,0.05012724679600907,,-0.00046153846153840217,
1986-01-31,,,,,,,,,,,,,,,,,,,,,0.003449861177373678,0.004496583373090873,,0.005428788375969458,,0.0,
1986-02-28,,,,,,,,,,,,,,,,,,,,,0.07257261219307277,0.045940233982510306,,0.05708946018038715,,0.037709712174849974,
1986-03-31,,,,,,,,,,,,,,,,,,,,,0.05387725112025233,0.03473968400548473,,0.06073429974682972,,0.04004746366063472,
1986-04-30,,,,,,,,,,,,,,,,,,,,,-0.013064802750286866,-0.005662214983505493,,0.04130890116184179,,0.0,
1986-05-31,,,,,,,,,,,,,,,,,,,,,0.05131262008796989,0.0328809053861153,,0.053923395121692495,,-0.01426126640045633,
1986-06-30,,,,,,,,,,,,,,,,,,,,,0.015192854854487079,0.011279046246025541,,-0.0026736015161777193,,0.006799768518518379,
1986-07-31,,,,,,,,,,,,,,,,,,,,,-0.05759949809549025,-0.03251636552396084,,-0.10947079332845215,,0.0015806868802989982,
1986-08-31,,,,,,,,,,,,,,,,,,,,,0.0722759383909899,0.045352229701260564,,0.049006357960504975,,0.0,
1986-09-30,,,,,,,,,,,,,,,,,,,,,-0.08435527014325515,-0.04884316208595313,,-0.09297210799923676,,0.1592539454806312,
1986-10-31,,,,,,,,,,,,,,,,,,,,,0.05581266068276581,0.035267596409659506,,0.05146852024976053,,0.054455445544554504,
1986-11-30,,,,,,,,,,,,,,,,,,,,,0.022560526484102013,0.015316315890461233,,0.02461466511755302,,-0.10258215962441308,
1986-12-31,,,,,,,,,,,,,,,,,,,,,-0.0272049381425764,-0.014476296218879152,,-0.043506670863847775,,0.0,
1987-01-31,,,,,,,,,,,,,,,,,,,,,0.1328502270220342,0.08165346954655388,,0.1793732505258557,,0.05048391315720635,
1987-02-28,,,,,,,,,,,,,,,,,,,,,0.038006954650343656,0.02472417279020616,,0.0971118243322729,,-0.022410358565737032,
1987-03-31,,,,,,,,,,,,,,,,,,,,,0.02747319849117314,0.01835058576137052,,0.01866936590679143,,0.0,
1987-04-30,,,,,,,,,,,,,,,,,,,,,-0.01036687823915782,-0.00429012694349466,,-0.005837265276703955,,0.07042791645440638,
1987-05-31,,,,,,,,,,,,,,,,,,,,,0.007117529616953453,0.0061705177701720845,,0.021983565451354343,,0.09458655562165386,
1987-06-30,,,,,,,,,,,,,,,,,,,,,0.048997823523052604,0.031355360780498255,,0.003156475481974026,,-0.04565217391304344,
1987-07-31,,,,,,,,,,,,,,,,,,,,,0.04930702959027201,0.03155421775416323,,0.03823800678485497,,0.0,
1987-08-31,,,,,,,,,,,,,,,,,,,,,0.036042173485333125,0.02371530409119989,,0.06802083235869312,,0.06799544419134396,
1987-09-30,,,,,,,,,,,,,,,,,,,,,-0.023082832572367866,-0.011699699543420757,,-0.01875355103437352,,-0.021435427108883465,
1987-10-31,,,,,,,,,,,,,,,,,,,,,-0.21654708088664676,-0.1276515818653214,,-0.26908344277813784,,0.033238884045335704,
1987-11-30,,,,,,,,,,,,,,,,,,,,,-0.08426553202031827,-0.04874265254552429,,-0.08559312338086571,,0.0,
1987-12-31,,,,,,,,,,,,,,,,,,,,,0.07394481208687777,0.04617355391879335,,0.14013795199027643,,0.022044088176352616,
1988-01-31,,,,,,,,,,,,,,,,,,,,,0.04151560393042875,0.026862695691590593,,0.01909869791666659,,-0.016511867905056765,
1988-02-29,,,,,,,,,,,,,,,,,,,,,0.04290073596187894,0.02768044157712737,,0.0855657686102947,,0.0,
1988-03-31,,,,,,,,,,,,,,,,,,,,,-0.03225992867685223,-0.01742262387277804,,0.004257926626000626,,-0.09937040923399798,
1988-04-30,,,,,,,,,,,,,,,,,,,,,0.010508076605651126,0.008261512630057371,,0.016019337487653235,,0.04159384830478863,
1988-05-31,,,,,,,,,,,,,,,,,,,,,0.00425945981131882,0.004609009220124666,,-0.013970651290608854,,0.01342281879194629,
1988-06-30,,,,,,,,,,,,,,,,,,,,,0.044339345613934496,0.02882694070169403,,0.09112207389134615,,0.0,
1988-07-31,,,,,,,,,,,,,,,,,,,,,-0.00432804138815889,-0.00034015816622862734,,-0.04094153589030395,,-0.03057395143487862,
1988-08-31,,,,,,,,,,,,,,,,,,,,,-0.03751677115925333,-0.020116729362218706,,-0.05544399981290086,,-0.02038028008653081,
1988-09-30,,,,,,,,,,,,,,,,,,,,,0.04081266602267642,0.02700093294693922,,0.049615528416920705,,-0.07345420734542063,
1988-10-31,,,,,,,,,,,,,,,,,,,,,0.02704779754395093,0.01872534519303724,,-0.024895770673107148,,0.0,
1988-11-30,,,,,,,,,,,,,,,,,,,,,-0.017807547372877812,-0.008144528423726654,,-0.031345012357133974,,0.05933266432513795,
1988-12-31,,,,,,,,,,,,,,,,,,,,,0.015770906714335238,0.012162544028601155,,0.049282124433050876,,-0.01574896388395497,
1989-01-31,,,,,,,,,,,,,,,,,,,,,0.07219812489746259,0.04610887493847753,,0.05173479908071695,,0.0,
1989-02-28,,,,,,,,,,,,,,,,,,,,,-0.027860815097797247,-0.013819822392011712,,-0.013705660876777197,,-0.05510105871029847,
1989-03-31,,,,,,,,,,,,,,,,,,,,,0.021889294942416766,0.01614357696545006,,0.011983941311845287,,-0.0043290043290042934,
1989-04-30,,,,,,,,,,,,,,,,,,,,,0.05117327051185195,0.03378062897377783,,0.0792162254284808,,-0.015984654731457826,
1989-05-31,,,,,,,,,,,,,,,,,,,,,0.03622082800625993,0.024635830137089303,,0.0708766575008893,,0.0,
1989-06-30,,,,,,,,,,,,,,,,,,,,,-0.006841220873597611,-0.001131399190825205,,-0.045757121070556885,,-0.026380766731643912,
1989-07-31,,,,,,,,,,,,,,,,,,,,,0.08945359125858922,0.05642548808848687,,0.048030778720926946,,-0.015483182060864964,0.0129999999999999
1989-08-31,,,,,,,,,,,,,,,,,,,,,0.016600051557789992,0.012640030934673967,,0.03674185605653276,,-0.024945770065075923,0.0237
1989-09-30,,,,,,,,,,,,,,,,,,,,,-0.0054610349428355544,-0.0005566209657013655,,0.0204184488805433,,0.0,0.1506
1989-10-31,,,,,,,,,,,,,,,,,,,,,-0.024092117614914248,-0.01172860390228187,,-0.016008071204536994,,0.008203559510567171,-0.015
1989-11-30,,,,,,,,,,,,,,,,,,,,,0.017624657593284805,0.013254794555970853,,0.008887145007740866,,0.12563784305613024,0.0141
1989-12-31,,,,,,,,,,,,,,,,,,,,,0.022500148476135136,0.016113422419014395,,-0.0020511510189386395,,0.0,0.0754
1990-01-31,,,,,,,,,,,,,,,,,,,,,-0.06773389288128394,-0.038040335728770386,,-0.09715093833579728,,-0.03222249448664549,0.0158999999999999
1990-02-28,,,,,,,,,,,,,,,,,,,,,0.009622376091422255,0.008440092321519904,,0.030254617406937873,,0.05595645018356765,0.0433
1990-03-31,,,,,,,,,,,,,,,,,,,,,0.025338319737476585,0.017882991842485922,,0.02582123057601667,,-0.11101786356551979,-0.0443
1990-04-30,,,,,,,,,,,,,,,,,,,,,-0.02580380728793829,-0.012792284372762936,,-0.03372307592230243,,0.0,-0.0043
1990-05-31,,,,,,,,,,,,,,,,,,,,,0.0930725241322279,0.05853351447933678,,0.14805626944217018,,0.0006743088334457692,0.0881
1990-06-30,,,,,,,,,,,,,,,,,,,,,-0.007803032347888364,-0.0020118194087330233,,0.010448639468221572,,-0.05660377358490565,0.0428
1990-07-31,,,,,,,,,,,,,,,,,,,,,-0.004139825078405815,0.00018277161962315094,0.01056211686524016,-0.06255153253903926,0.0266999999999999,0.0,0.0781
1990-08-31,,,,,,,,,,,,,,,,,,,0.021353174603174613,0.006450000000000067,-0.093230851458296,-0.053358510874977574,-0.06766452679179706,-0.13260096431004545,-0.1049,0.0931428571428572,-0.1263
1990-09-30,,,,,,,,,,,,,,,,,,,0.005321834524016911,0.006358333333333244,-0.05010097312309846,-0.02751725054052578,-0.08396003085820632,-0.08486396033820935,-0.1395,-0.0011761630946158785,-0.1103
1990-10-31,,,,,,,,,,,,,,,,,,,0.0021177617136959306,0.006141666666666712,-0.005614878967709061,-0.0009122607139587513,0.03194061321270812,-0.02474916562358846,0.1571999999999999,-0.02158838152557896,0.0169
1990-11-30,,,,,,,,,,,,,,,,,,,0.015491666666666754,0.00611666666666677,0.06101754787511982,0.0390571953917386,0.0012291699341018744,0.1167166797364075,-0.0745,0.0,-0.0373
1990-12-31,,,,,,,,,,,,,,,,,,,0.009316405158836286,0.006033333333333335,0.02591109067208542,0.017959987736584585,0.01487018614227793,0.04194819575926941,0.0104,-0.00026745119015769703,0.0074
1991-01-31,,,,,,,,,,,,,,,,,,,0.014152679686106671,0.005525000000000002,0.042601083331508034,0.02777064999890482,0.057567475717244715,0.1597201971439922,0.0192,0.02594970572498667,0.0254
1991-02-28,,,,,,,,,,,,,,,,,,,-0.013535006518904822,0.00654166666666678,0.0683645101461139,0.043142039421001636,0.06403055747947277,0.07677724947460558,0.1049,-0.0534550195567145,0.1279
1991-03-31,,,,,,,,,,,,,,,,,,,0.0031055555555555463,0.004133333333333322,0.023286165855375136,0.016045032846558407,0.011149859359334813,0.05979943743733925,-0.0431999999999999,0.0,0.0279999999999999
1991-04-30,,,,,,,,,,,,,,,,,,,0.0026644398530761837,0.009258333333333368,0.0014031326958330397,0.002815212950833117,0.0026124117014376443,-0.00405200608681137,0.0148,-0.006198347107438051,0.0059
1991-05-31,,,,,,,,,,,,,,,,,,,-0.0026407830907831196,0.003283333333333305,0.039688305826940835,0.025706316829497804,0.02220717845702539,0.05886772976711748,-0.0037,-0.01593901593901592,0.0496
1991-06-30,,,,,,,,,,,,,,,,,,,-0.0012749999999999522,-0.008583333333333276,-0.04680929564146529,-0.026182244051545806,-0.04643502927937388,-0.0882401171174955,-0.063,0.0,-0.0345
1991-07-31,0.07132104986692618,0.07132104986692618,0.07132104986692618,0.07132104986692618,0.07132104986692618,0.07132104986692618,0.04306052493346309,0.04306052493346309,0.07132104986692618,0.07132104986692618,0.07132104986692618,0.04306052493346309,0.04306052493346309,0.010266666666666868,0.010266666666666868,0.07132104986692618,0.04306052493346309,,0.018529460093896777,0.010266666666666868,0.04594267629109972,0.0294689391079932,0.04047110753715403,0.07132104986692618,0.0351999999999999,0.04056338028169004,0.0148
1991-08-31,0.05670091210915781,0.05670091210915781,0.05670091210915781,0.05670091210915781,0.05670091210915781,0.05670091210915781,0.03813333333333324,0.031100456054578902,0.05670091210915781,0.05670091210915781,0.05670091210915781,-0.03186085544125605,0.03813333333333324,0.03913333333333324,0.055700912109157806,0.05670091210915781,0.003750000000000032,,0.055700912109157806,0.055700912109157806,0.02073211795765518,0.01433927077459312,0.0006600141669754387,0.05670091210915781,-0.0287,-0.030860855441256052,0.0055
1991-09-30,0.0011190070343175163,0.0011190070343175163,0.0011190070343175163,0.0011190070343175163,0.0011190070343175163,0.0011190070343175163,-0.015640496482841243,-0.014640496482841242,0.0011190070343175163,0.0011190070343175163,0.0011190070343175163,-0.015640496482841243,-0.015640496482841243,0.03626666666666667,0.0011190070343175163,0.0011190070343175163,-0.015640496482841243,,0.007306626319056504,0.0011190070343175163,-0.018060402509753264,-0.00900624150585196,0.003699304831205092,0.0011190070343175163,0.06,-0.01592178770949715,-0.0304
1991-10-31,0.017951522970783024,0.017951522970783024,0.017951522970783024,0.017951522970783024,0.017951522970783024,0.017951522970783024,0.01712576148539146,0.01712576148539146,0.017951522970783024,0.017951522970783024,0.017951522970783024,0.01712576148539146,0.01712576148539146,0.01712576148539146,0.017951522970783024,0.017951522970783024,0.01712576148539146,,0.00353611111111111,0.017951522970783024,0.01291756998785277,0.009503875326045024,0.022037880742695706,0.017951522970783024,0.0182999999999999,0.0,0.0518999999999999
1991-11-30,-0.025708937884036758,-0.025708937884036758,-0.025708937884036758,-0.025708937884036758,-0.025708937884036758,-0.025708937884036758,-0.01435446894201833,-0.01435446894201833,-0.025708937884036758,-0.025708937884036758,-0.025708937884036758,-0.01435446894201833,-0.01435446894201833,-0.01435446894201833,-0.025708937884036758,-0.025708937884036758,-0.01435446894201833,,-0.02670893788403676,-0.025708937884036758,-0.04282037529297377,-0.02403889184245093,-0.01749836702848861,-0.025708937884036758,-0.0518,0.008515469770082218,-0.0009999999999999
1991-12-31,0.16241743410674045,0.16241743410674045,0.16241743410674045,0.16241743410674045,0.16241743410674045,0.16241743410674045,0.12570871705337022,0.12570871705337022,0.16241743410674045,0.16241743410674045,0.16241743410674045,0.12570871705337022,0.12570871705337022,0.062100000000000155,0.062100000000000155,0.16241743410674045,0.12570871705337022,,0.0237611619288864,0.16241743410674045,0.11267118840761482,0.06909271304456888,0.07521897997334989,0.16241743410674045,0.042,0.007458485786659086,0.089
1992-01-31,0.023214281807325394,0.023214281807325394,0.023214281807325394,0.023214281807325394,0.023214281807325394,0.023214281807325394,0.056607140903662694,0.056607140903662694,0.023214281807325394,0.023214281807325394,0.023214281807325394,0.056607140903662694,0.056607140903662694,0.05560714090366269,0.022214281807325393,0.023214281807325394,0.056607140903662694,,0.022214281807325393,0.023214281807325394,-0.01884041845059025,-0.009984251070354116,0.020615859179307285,0.023214281807325394,-0.0266999999999999,-0.004050845090096344,0.09
1992-02-29,0.0465,0.0465,0.0465,0.0465,0.0465,0.0465,0.035263745651460496,0.035263745651460496,0.0465,0.0465,0.0465,0.035263745651460496,0.035263745651460496,0.035263745651460496,0.0465,0.0465,0.035263745651460496,,0.0032583333333333266,0.023027491302920994,0.010672876460297473,0.0077170592095118055,0.009031872825730248,0.023027491302920994,-0.0344,0.0,0.0475
1992-03-31,-0.0231,-0.0231,-0.0231,-0.0231,-0.0231,-0.0231,-0.0442194664347232,-0.0442194664347232,-0.0231,-0.0231,-0.0231,-0.0442194664347232,-0.0442194664347232,-0.0442194664347232,-0.0231,-0.0231,-0.0442194664347232,,-0.011850989558983966,-0.0653389328694464,-0.020748528791994396,-0.011105783941863297,-0.045064642053266254,-0.0653389328694464,-0.0698,-0.022019635343618615,-0.0231
1992-04-30,-0.0063999999999999,-0.0063999999999999,-0.0063999999999999,-0.0063999999999999,-0.0063999999999999,-0.0063999999999999,-0.02637696385810466,-0.02637696385810466,-0.0063999999999999,-0.0063999999999999,-0.0063999999999999,-0.02637696385810466,-0.02637696385810466,0.002458333333333341,-0.0063999999999999,-0.0063999999999999,-0.02637696385810466,,-0.008344601000685162,-0.0006666666666667034,0.028976047290893765,0.018768961707869597,-0.02241984934623284,-0.04635392771620942,-0.0080999999999999,-0.028825469668722126,-0.0063999999999999
1992-05-31,-0.0032999999999999,-0.0032999999999999,-0.0032999999999999,-0.0032999999999999,-0.0032999999999999,-0.0032999999999999,0.010758673471613094,0.010758673471613094,-0.0032999999999999,-0.0032999999999999,-0.0032999999999999,0.010758673471613094,0.010758673471613094,0.029141666666666732,-0.0032999999999999,-0.0032999999999999,0.010758673471613094,,0.011100000000000035,-0.004299999999999899,0.0020472901587755914,0.0024917074285987044,0.022629336735806548,0.024817346943226088,0.069,0.0,-0.0032999999999999
1992-06-30,-0.04494235612915357,-0.04494235612915357,-0.0739,-0.04494235612915357,-0.04494235612915357,-0.04494235612915357,-0.05892117806457678,-0.05892117806457678,-0.04494235612915357,-0.04494235612915357,-0.04494235612915357,-0.05892117806457678,-0.05892117806457678,0.02225833333333349,0.02125833333333349,-0.04494235612915357,-0.05892117806457678,,-0.0749,-0.0739,-0.016275499817330445,-0.008501966557064918,-0.040148672316399486,-0.04394235612915357,-0.0429,0.00014766686355560665,-0.0739
1992-07-31,-0.0028,-0.0028,-0.0018,-0.0028,-0.0028,-0.0028,0.015475855118757981,0.040649999999999964,-0.0028,-0.0028,-0.0028,0.015475855118757981,0.015475855118757981,0.041649999999999965,0.041649999999999965,-0.0028,0.015475855118757981,,0.028169578145249896,0.040649999999999964,0.040457019396639156,0.025490878304650137,0.010567194501649769,0.03275171023751596,-0.0315,0.04281706776908312,-0.0018
1992-08-31,-0.0338,-0.0338,-0.0338,-0.0338,-0.0338,0.0131,-0.035278739326569206,0.014100000000000001,-0.0338,-0.0338,0.0131,-0.035278739326569206,-0.035278739326569206,0.014100000000000001,0.014100000000000001,-0.0338,-0.035278739326569206,,-0.007989180313684749,-0.0348,-0.022914198268557888,-0.012665185627801407,-0.012533338231881495,-0.03675747865313842,0.0612,-0.04077587427438756,-0.0338
1992-09-30,-0.0096,-0.0096,-0.0096,-0.0096,-0.0096,0.026766666666666605,0.025766666666666604,0.026766666666666605,-0.0096,-0.0096,0.026766666666666605,0.025766666666666604,0.025766666666666604,0.026766666666666605,0.026766666666666605,0.025766666666666604,0.025766666666666604,,0.009819444444444454,0.025766666666666604,0.01018892719075227,0.007190022981118066,0.0024995171466510257,0.0471980685866041,-0.0276,0.0,-0.0096
1992-10-31,0.05065889600458503,0.05065889600458503,0.05065889600458503,0.05065889600458503,0.05065889600458503,-0.031241666666666612,0.047979448002292514,-0.031241666666666612,0.05065889600458503,0.05065889600458503,-0.031241666666666612,0.047979448002292514,0.047979448002292514,-0.031241666666666612,0.05065889600458503,0.05065889600458503,0.047979448002292514,,0.0014201107011069993,0.0453,0.0031896160248698984,0.0028304362815885714,0.019117307026976515,0.05165889600458503,-0.0547,0.03321033210332103,0.0463
1992-11-30,0.06691203057317636,0.06691203057317636,-0.04785714285714282,0.06691203057317636,0.06691203057317636,0.06591203057317636,0.03100601528658818,-0.00708333333333333,0.06691203057317636,0.06691203057317636,0.06591203057317636,0.03100601528658818,0.03100601528658818,0.03000601528658818,0.06691203057317636,0.06691203057317636,0.03100601528658818,,-0.017138492063492012,0.06591203057317636,0.03134514103701736,0.019817084622210462,0.004963721929008361,0.06691203057317636,0.0046999999999999,-0.04685714285714282,-0.0049
1992-12-31,0.02695173142652359,0.02695173142652359,0.02595173142652359,0.02695173142652359,0.02695173142652359,0.02695173142652359,0.024725865713261796,0.02704166666666663,0.02695173142652359,0.02695173142652359,0.02695173142652359,0.024725865713261796,0.024725865713261796,0.024725865713261796,0.02695173142652359,0.02695173142652359,0.024725865713261796,,0.009253337330135855,0.02695173142652359,0.011191100320396172,0.007841326858904379,0.013088352520899458,0.02695173142652359,0.005,-0.0020983213429257574,0.0225
1993-01-31,0.02947130892085233,0.02947130892085233,0.02947130892085233,0.02947130892085233,0.02947130892085233,0.02947130892085233,0.011585654460426165,0.010585654460426166,0.02947130892085233,0.02947130892085233,0.02947130892085233,0.011585654460426165,0.011585654460426165,0.011585654460426165,0.02947130892085233,0.02947130892085233,0.011585654460426165,,0.01151944444444449,0.02947130892085233,0.008129321225339945,0.005927592735204006,0.006117827230213082,0.02947130892085233,0.0013,0.0,-0.0063
1993-02-28,-0.05174045508987294,-0.05174045508987294,-0.05174045508987294,-0.05174045508987294,-0.05174045508987294,-0.05174045508987294,0.034924999999999984,-0.00917022754493647,-0.05174045508987294,-0.05174045508987294,-0.05174045508987294,0.034924999999999984,0.034924999999999984,0.034924999999999984,-0.05174045508987294,-0.05174045508987294,0.034924999999999984,,0.011545595106972357,0.009669113059281753,0.010669113059281754,0.007388134502235699,0.0030011658910943824,-0.05174045508987294,0.0341,-0.003754881345749528,0.0334
1993-03-31,0.024247000533163938,0.024247000533163938,0.024247000533163938,0.024247000533163938,0.024247000533163938,0.024247000533163938,0.005025000000000057,0.02937350026658197,0.024247000533163938,0.024247000533163938,0.024247000533163938,0.005025000000000057,0.005025000000000057,0.005025000000000057,0.024247000533163938,0.024247000533163938,0.005025000000000057,,0.023247000533163937,0.022398856710836634,0.022398856710836634,0.014442647359835314,0.04109055685724696,0.024247000533163938,0.1026,0.003015226895823897,0.0345
1993-04-30,-0.05351786779424287,-0.05351786779424287,-0.05351786779424287,-0.05351786779424287,-0.05351786779424287,-0.05351786779424287,0.02029106610287851,0.02029106610287851,-0.05351786779424287,-0.05351786779424287,-0.05351786779424287,0.02029106610287851,0.02029106610287851,0.02029106610287851,-0.05351786779424287,-0.05351786779424287,0.02029106610287851,,-0.05351786779424287,-0.02558766639282206,-0.02558766639282206,-0.014369266502359946,0.021470533051439256,-0.05351786779424287,0.0960999999999999,0.0,0.0433
1993-05-31,0.08351823801062148,0.08351823801062148,0.08351823801062148,0.08351823801062148,0.08351823801062148,0.08351823801062148,0.05935911900531074,0.05935911900531074,0.08351823801062148,0.08351823801062148,0.08351823801062148,0.05935911900531074,0.05935911900531074,0.05935911900531074,0.08351823801062148,0.08351823801062148,0.05935911900531074,,0.021887060139953673,0.08251823801062148,0.026970007234602633,0.01717200434076158,0.05812818794095394,0.08351823801062148,0.0352,0.07049451375319427,0.0433
1993-06-30,-0.004725703631755766,-0.004725703631755766,-0.004725703631755766,-0.004725703631755766,-0.004725703631755766,-0.004725703631755766,-0.0009128518158778832,-0.0009128518158778832,-0.004725703631755766,-0.004725703631755766,-0.004725703631755766,-0.0009128518158778832,-0.0009128518158778832,-0.0009128518158778832,-0.004725703631755766,-0.004725703631755766,-0.0009128518158778832,,-0.0339,-0.0339,0.0036069868387664794,0.0032075254365932174,0.001155838905315757,-0.004725703631755766,-0.0329,0.03734905925301879,0.0049
1993-07-31,-0.035550498961534095,-0.035550498961534095,0.0359,-0.035550498961534095,-0.035550498961534095,-0.035550498961534095,0.002074750519232953,0.002074750519232953,-0.035550498961534095,-0.035550498961534095,-0.035550498961534095,0.002074750519232953,0.002074750519232953,0.002074750519232953,-0.035550498961534095,-0.035550498961534095,0.002074750519232953,,-0.036550498961534096,-0.036550498961534096,-0.0048542790195919006,-0.0018792340784217875,0.027614026586091845,-0.035550498961534095,0.0417,0.06740660530590148,0.0369
1993-08-31,0.0496,0.0496,0.0851,0.0496,0.0496,0.0496,0.06684999999999999,0.06684999999999999,0.0496,0.0496,0.0496,0.06684999999999999,0.06684999999999999,0.06684999999999999,0.0496,0.0496,0.06684999999999999,,0.0496,0.0496,0.0383272723317698,0.02402969673239523,0.048109070071413663,0.05673628028565466,0.0506,0.0,0.0851
1993-09-30,-0.0280999999999999,-0.0280999999999999,0.0487,-0.0280999999999999,-0.0280999999999999,-0.0280999999999999,0.01030000000000005,0.01030000000000005,-0.0280999999999999,-0.0280999999999999,-0.0280999999999999,0.01030000000000005,0.01030000000000005,0.01030000000000005,-0.0280999999999999,-0.0280999999999999,0.01030000000000005,,0.0477,0.0477,-0.007275600683344541,-0.0033386937433400815,-0.015162820276181014,0.0276759316774214,-0.0280999999999999,-0.10892721278214557,0.0487
1993-10-31,0.0954,0.0954,0.0964,0.0954,0.0954,0.0954,0.058337703547207145,0.058337703547207145,0.0954,0.0954,0.0954,0.058337703547207145,0.058337703547207145,0.058337703547207145,0.0954,0.0954,0.058337703547207145,,0.0964,0.0964,0.019727457394272507,0.01282980776989686,0.04694198397795817,0.022275407094414296,0.0116,0.0574925288174184,0.0964
1993-11-30,0.0626999999999999,0.0626999999999999,0.0626999999999999,0.0626999999999999,0.0626999999999999,0.0626999999999999,-0.014000000000000005,-0.014000000000000005,0.0626999999999999,0.0626999999999999,0.0626999999999999,-0.014000000000000005,-0.014000000000000005,-0.014000000000000005,0.0626999999999999,0.0626999999999999,-0.014000000000000005,,0.0626999999999999,0.0626999999999999,-0.01067351719623022,-0.005370776984404779,-0.009034828112051314,-0.010139312448205245,-0.0886999999999999,0.0,0.0626999999999999
1993-12-31,0.1846999999999999,0.1846999999999999,0.1846999999999999,0.1846999999999999,0.1846999999999999,0.1846999999999999,0.12219999999999995,0.001674999999999983,0.1846999999999999,0.1846999999999999,0.1846999999999999,0.12219999999999995,0.12219999999999995,0.12219999999999995,0.1846999999999999,0.1846999999999999,0.12219999999999995,,0.0041576817835194966,0.1846999999999999,0.01227703446726558,0.008436220680359341,0.07069806581767507,0.030452551253475308,0.0597,0.007939712017225098,0.1846999999999999
1994-01-31,-0.011,-0.011,-0.011,-0.011,-0.011,-0.011,0.04669999999999995,0.04569999999999995,-0.011,-0.011,-0.011,0.04669999999999995,0.04669999999999995,0.04669999999999995,-0.011,-0.011,0.04669999999999995,,-0.012,-0.011,0.034875387924514056,0.02194856608804181,0.04022027089978059,0.04011125716387539,0.1043999999999999,0.027369826435247102,-0.011
1994-02-28,-0.01,-0.01,-0.01,-0.01,-0.01,-0.01,-0.0056500000000000005,-0.0056500000000000005,-0.01,-0.01,-0.01,-0.0056500000000000005,-0.0056500000000000005,-0.0056500000000000005,-0.01,-0.01,-0.0056500000000000005,,-0.01,-0.01,-0.02916386450190145,-0.016481652034474204,-0.00944288978852058,-0.003729518868182329,-0.0013,-0.02274204028589999,-0.01
1994-03-31,-0.1134999999999999,-0.1134999999999999,-0.1134999999999999,-0.1134999999999999,-0.1134999999999999,-0.1134999999999999,-0.09285110029969174,-0.09285110029969174,-0.1134999999999999,-0.1134999999999999,-0.1134999999999999,-0.09285110029969174,-0.09285110029969174,-0.09285110029969174,-0.1134999999999999,-0.1134999999999999,-0.09285110029969174,,-0.015894444444444395,-0.1134999999999999,-0.04190109856365731,-0.02398399247152769,-0.05302555014984585,-0.07020220059938358,-0.0283999999999999,0.0,-0.1134999999999999
1994-04-30,-0.0025,-0.0025,-0.0025,-0.0025,-0.0025,-0.0025,0.015399999999999997,0.015399999999999997,-0.0025,-0.0025,-0.0025,0.015399999999999997,0.015399999999999997,0.015399999999999997,-0.0025,-0.0025,0.015399999999999997,,0.0025871749408983274,-0.020008333333333295,0.011212549371530711,0.007914196289585052,0.00797868785754197,-0.024688440059193833,0.0353,0.02380319148936172,-0.0025
1994-05-31,0.0188,0.0188,0.0188,0.0188,0.0188,0.0188,0.0074,0.0074,0.0188,0.0188,0.0188,0.0074,0.0074,0.0074,0.0188,0.0188,0.0074,,-0.001741308755826898,0.0178,0.015938338200418123,0.010886336253584171,0.006351109761673505,0.015670031980841232,-0.004,-0.005065592934147212,0.0188
1994-06-30,-0.0298999999999999,-0.0298999999999999,-0.0298999999999999,-0.0298999999999999,-0.0298999999999999,-0.0298999999999999,-0.00419999999999995,-0.00419999999999995,-0.0298999999999999,-0.0298999999999999,-0.0298999999999999,-0.00419999999999995,-0.00419999999999995,-0.00419999999999995,-0.0298999999999999,-0.0298999999999999,-0.00419999999999995,,-0.0308999999999999,-0.0298999999999999,-0.022913456016499523,-0.01231140694323305,-0.01260775806187122,-0.04829735078534384,0.0215,0.0062663185378588615,-0.0298999999999999
1994-07-31,0.0037,0.0037,0.0037,0.0037,0.0037,0.0037,0.034949999999999995,0.023816666666666708,0.0037,0.0037,0.0037,0.034949999999999995,0.023816666666666708,0.034949999999999995,0.0037,0.0037,0.034949999999999995,,0.00845555555555555,0.002549999999999942,0.03232587984627644,0.02081552790776584,0.024483198864279576,0.028032795457118304,0.0047,0.0,0.0652
1994-08-31,0.1207999999999999,0.1207999999999999,0.1207999999999999,0.1207999999999999,0.1207999999999999,0.002658333333333319,0.06809999999999995,0.002658333333333319,0.1207999999999999,0.1207999999999999,-0.0010166666666666649,0.06809999999999995,0.002658333333333319,0.06809999999999995,0.1207999999999999,0.1207999999999999,0.06809999999999995,,0.1207999999999999,0.1207999999999999,0.03812187465601191,0.024336458126940474,0.047308314160240554,0.0756072057847091,0.0144,-0.022573949143746774,0.1217999999999999
1994-09-30,0.0258,0.0258,0.0258,0.0258,0.0258,0.0248,0.007144130198006874,-0.031558333333333355,0.0258,0.0258,0.0248,0.007144130198006874,-0.031558333333333355,0.007144130198006874,0.0258,0.0258,0.007144130198006874,,0.0258,0.0258,-0.02525568303988146,-0.01359340982392887,0.00859516703688503,-0.009511739603986252,-0.0277,0.045792407751526376,0.0258
1994-10-31,-0.0284,-0.0284,-0.001,-0.0284,-0.0284,-0.0284,-0.0007500000000000501,-0.0007500000000000501,-0.0284,-0.0284,-0.0284,-0.0007500000000000501,-0.0007500000000000501,-0.0007500000000000501,-0.0284,-0.0284,-0.0007500000000000501,,-0.0029333333333333425,-0.0284,0.02842630240722399,0.018655781444334395,0.012479035837613681,0.04941614335045482,0.0288999999999999,0.0,-0.0284
1994-11-30,-0.0557999999999999,-0.0557999999999999,-0.0557999999999999,-0.0557999999999999,-0.0557999999999999,-0.0557999999999999,-0.04904999999999995,-0.04904999999999995,-0.0557999999999999,-0.0557999999999999,-0.0557999999999999,-0.04904999999999995,-0.04904999999999995,-0.04904999999999995,-0.0557999999999999,-0.0557999999999999,-0.04904999999999995,,-0.0443,-0.0433,-0.03981579673966351,-0.022156144710464787,-0.035717271705276436,-0.019258235190188138,-0.0547999999999999,-0.025510851630917708,-0.0433
1994-12-31,-0.0917,-0.0917,-0.0917,-0.0917,-0.0917,-0.0917,-0.03965000000000005,0.0037666666666665858,-0.0917,-0.0917,-0.0917,-0.03965000000000005,-0.03965000000000005,-0.03965000000000005,-0.0917,-0.0917,-0.03965000000000005,,0.0014699740962635195,0.0037666666666665858,0.007282282890635594,0.006276036401047991,-0.02247260452772068,-0.0006920070663399101,0.0113999999999999,-0.009898411044542699,-0.0907
1995-01-31,-0.0433,-0.0433,-0.0433,-0.0433,-0.0433,0.003733333333333256,-0.02050566462916699,0.004733333333333256,-0.0433,-0.0433,0.003733333333333256,-0.02050566462916699,-0.02050566462916699,-0.02050566462916699,-0.0433,-0.0433,-0.02050566462916699,,0.010906340436727113,-0.0433,0.033608227204499075,0.022058269656032747,-0.04041474365370476,0.0032886707416660177,-0.0423,0.00105235464351483,-0.1236999999999999
1995-02-28,0.06669850326356315,0.003999999999999893,0.06669850326356315,0.06669850326356315,0.003999999999999893,0.06669850326356315,0.003999999999999893,0.004999999999999893,0.06669850326356315,0.037633333333333296,0.06669850326356315,0.037633333333333296,0.003999999999999893,0.003999999999999893,0.003999999999999893,0.003999999999999893,0.003999999999999893,,0.014544444444444396,-0.0086,0.04080949931827682,0.02648569959096605,0.01612462581589079,0.06769850326356315,-0.0086,0.0,0.0054
1995-03-31,0.034539484924434115,0.033539484924434114,0.034539484924434115,0.034539484924434115,0.033539484924434114,0.034539484924434115,0.006716666666666594,0.006716666666666594,0.034539484924434115,0.033539484924434114,0.034539484924434115,0.007716666666666594,0.006716666666666594,0.006716666666666594,0.033539484924434114,0.033539484924434114,0.006716666666666594,,0.004660242371149037,0.02684783758944731,0.02784783758944731,0.018688702553668387,0.02366338634280368,0.034539484924434115,0.0601,0.0013140604467805073,-0.0012999999999999
1995-04-30,0.05078408580566215,0.05078408580566215,0.05078408580566215,0.05078408580566215,0.05078408580566215,0.05078408580566215,0.04139204290283108,0.01705000000000001,0.05078408580566215,0.05078408580566215,0.05078408580566215,0.04139204290283108,0.04139204290283108,0.04139204290283108,0.05078408580566215,0.05078408580566215,0.04139204290283108,,0.018121566054243234,0.04978408580566215,0.029622475671870596,0.01973348540312232,0.035799695992097987,0.05078408580566215,0.034,0.032414698162729794,0.026
1995-05-31,0.04015045711158923,0.04015045711158923,0.04015045711158923,0.04015045711158923,0.04015045711158923,0.04015045711158923,0.012725228555794665,0.07134166666666664,0.04015045711158923,0.04015045711158923,0.04015045711158923,0.012725228555794665,0.012725228555794665,0.012725228555794665,0.04015045711158923,0.04015045711158923,0.012725228555794665,,0.025411111111111124,0.04015045711158923,0.03967329262159014,0.02576064223962078,0.020887614277897332,0.04015045711158923,-0.0146999999999999,0.0,0.0581
1995-06-30,0.10296132466503234,0.10296132466503234,0.10296132466503234,0.10296132466503234,0.10296132466503234,0.10296132466503234,0.04518066233251617,0.04418066233251617,0.10296132466503234,0.10296132466503234,0.10296132466503234,0.04518066233251617,0.04518066233251617,0.04518066233251617,0.10296132466503234,0.10296132466503234,0.04518066233251617,,0.10196132466503234,0.10296132466503234,0.020229720317057165,0.01407449885690095,0.017464333327183456,0.10296132466503234,-0.0126,-0.025803991356298517,0.0053
1995-07-31,0.058005428271207325,0.058005428271207325,0.058005428271207325,0.058005428271207325,0.058005428271207325,0.058005428271207325,-0.016225000000000045,0.05525271413560366,0.058005428271207325,0.058005428271207325,0.058005428271207325,-0.016225000000000045,-0.016225000000000045,-0.016225000000000045,0.058005428271207325,0.058005428271207325,-0.016225000000000045,,0.0007867490141498061,0.058005428271207325,0.03216520058929562,0.021165787020244006,0.03915600216174755,0.058005428271207325,0.0525,0.015918580375782865,0.0302
1995-08-31,0.014536049630940202,0.014536049630940202,0.014536049630940202,0.014536049630940202,0.014536049630940202,0.014536049630940202,-0.00793197518452985,-0.00693197518452985,0.014536049630940202,0.014536049630940202,0.014536049630940202,-0.00793197518452985,-0.00793197518452985,-0.00793197518452985,0.014536049630940202,0.014536049630940202,-0.00793197518452985,,0.0135360496309402,0.014536049630940202,0.004451535477388857,0.004537587953099953,-0.013422492858126701,0.014536049630940202,-0.0283999999999999,-0.015926021063447204,-0.0238999999999999
1995-09-30,0.015074484821548346,0.015074484821548346,0.015074484821548346,0.015074484821548346,0.015074484821548346,0.015074484821548346,0.013583333333333392,0.012287242410774172,0.015074484821548346,0.015074484821548346,0.015074484821548346,0.013583333333333392,0.013583333333333392,0.013583333333333392,0.015074484821548346,0.015074484821548346,0.013583333333333392,,0.005375000000000019,0.015074484821548346,0.04237666655861139,0.0272426666018335,0.005018621205387086,0.015074484821548346,0.0095,0.0,-0.0045
1995-10-31,0.02408228813187126,0.02408228813187126,0.02408228813187126,0.02408228813187126,0.02408228813187126,0.02408228813187126,0.0018411440659356305,0.0028411440659356305,0.02408228813187126,0.02408228813187126,0.02408228813187126,0.0018411440659356305,0.0018411440659356305,0.0018411440659356305,0.02408228813187126,0.02408228813187126,0.0018411440659356305,,0.007398079265639919,0.02408228813187126,-0.0029390495414551854,3.657027512686843e-05,-0.007141285184468888,0.02408228813187126,-0.0184,0.0006525711302531878,-0.0349
1995-11-30,-0.0077839468243875816,-0.0077839468243875816,-0.0077839468243875816,-0.0077839468243875816,-0.0077839468243875816,-0.0077839468243875816,0.026975000000000082,0.026975000000000082,-0.0077839468243875816,-0.0077839468243875816,-0.0077839468243875816,0.026975000000000082,0.026975000000000082,0.026975000000000082,-0.0077839468243875816,-0.0077839468243875816,0.026975000000000082,,0.013716662681332684,-0.0077839468243875816,0.04448014504414499,0.02851475369315364,0.0027810936382359447,-0.0077839468243875816,0.0215,0.008608321377331363,-0.0112
1995-12-31,-0.028791648864916513,-0.028791648864916513,-0.028791648864916513,-0.028791648864916513,-0.028791648864916513,-0.028791648864916513,0.001854175567541745,0.001854175567541745,-0.028791648864916513,-0.028791648864916513,-0.028791648864916513,0.001854175567541745,0.001854175567541745,0.001854175567541745,-0.028791648864916513,-0.028791648864916513,0.001854175567541745,,0.008222222222222204,-0.028791648864916513,0.015733168466089298,0.01126656774632022,0.010027087783770872,-0.028791648864916513,0.0345,0.0,0.0344
1996-01-31,0.02772188313212472,0.02772188313212472,0.02772188313212472,0.02772188313212472,0.02772188313212472,0.02772188313212472,0.01731094156606236,0.01731094156606236,0.02772188313212472,0.02772188313212472,0.02772188313212472,0.01731094156606236,0.01731094156606236,0.01731094156606236,0.02772188313212472,0.02772188313212472,0.01731094156606236,,0.02672188313212472,0.02772188313212472,0.0355781852789292,0.02304691116735755,0.030855470783031157,0.02772188313212472,0.0069,0.0,0.0887999999999999
1996-02-29,0.053064371005575005,0.053064371005575005,0.053064371005575005,0.053064371005575005,0.053064371005575005,0.053064371005575005,0.013932185502787502,0.013932185502787502,0.053064371005575005,0.053064371005575005,0.053064371005575005,0.013932185502787502,0.013932185502787502,0.013932185502787502,0.053064371005575005,0.053064371005575005,0.013932185502787502,,0.053064371005575005,0.053064371005575005,0.0031896624883060998,0.0035971308263170075,0.008691092751393752,0.053064371005575005,0.0049,0.0,-0.0232
1996-03-31,-0.02043060592439098,-0.02043060592439098,-0.02043060592439098,-0.02043060592439098,-0.02043060592439098,-0.02043060592439098,-0.0018153029621955407,-0.0018153029621955407,-0.02043060592439098,-0.02043060592439098,-0.02043060592439098,-0.0018153029621955407,-0.0018153029621955407,-0.0018153029621955407,-0.02043060592439098,-0.02043060592439098,-0.0018153029621955407,,-0.02043060592439098,-0.02043060592439098,0.01721897690559504,0.012004719476690396,0.0026173485189022296,-0.02043060592439098,0.0187999999999999,0.0,0.0121
1996-04-30,0.09422237169534727,0.09422237169534727,0.09422237169534727,0.09422237169534727,0.09422237169534727,0.09422237169534727,0.06566118584767364,0.06566118584767364,0.09422237169534727,0.09422237169534727,0.09422237169534727,0.06566118584767364,0.06566118584767364,0.06566118584767364,0.09422237169534727,0.09422237169534727,0.06566118584767364,,0.09422237169534727,0.09422237169534727,0.01086875847460611,0.008231255084763677,0.03918059292383682,0.09422237169534727,0.0371,0.0,0.0254
1996-05-31,0.03915306285609107,0.03915306285609107,0.03915306285609107,0.03915306285609107,0.03915306285609107,0.03915306285609107,0.011826531428045534,0.011826531428045534,0.03915306285609107,0.03915306285609107,0.03915306285609107,0.011826531428045534,0.011826531428045534,0.011826531428045534,0.03915306285609107,0.03915306285609107,0.011826531428045534,,0.03915306285609107,0.03915306285609107,0.022700571465528396,0.015333676212650405,0.008039730216803098,0.03915306285609107,-0.0094,0.01590585801112132,-0.0135
1996-06-30,-0.021127447252106062,-0.021127447252106062,-0.021127447252106062,-0.021127447252106062,-0.021127447252106062,-0.021127447252106062,-0.004963723626053031,-0.004963723626053031,-0.021127447252106062,-0.021127447252106062,-0.021127447252106062,-0.004963723626053031,-0.004963723626053031,-0.004963723626053031,-0.021127447252106062,-0.021127447252106062,-0.004963723626053031,,-0.021127447252106062,-0.021127447252106062,0.008822031542032871,0.007019885591886421,-0.00714851150752753,-0.021127447252106062,0.0017,-0.020366598778004064,0.0112
1996-07-31,-0.0602959477900236,-0.0602959477900236,-0.0321,-0.0602959477900236,-0.0602959477900236,-0.0602959477900236,-0.0571979738950118,-0.0571979738950118,-0.0602959477900236,-0.0602959477900236,-0.0602959477900236,-0.0571979738950118,-0.0571979738950118,-0.0571979738950118,-0.0602959477900236,-0.0602959477900236,-0.0571979738950118,,-0.0602959477900236,-0.0602959477900236,-0.04493612604110642,-0.02523500895799715,-0.036211564910083836,-0.0602959477900236,-0.0311,0.0006496881496882434,-0.0541
1996-08-31,0.04399931416501309,0.04399931416501309,0.04299931416501309,0.04399931416501309,0.04399931416501309,0.04399931416501309,0.021299657082506546,0.021299657082506546,0.04399931416501309,0.04399931416501309,0.04399931416501309,0.021299657082506546,0.021299657082506546,0.021299657082506546,0.04399931416501309,0.04399931416501309,0.021299657082506546,,-0.0021666666666666492,0.003433333333333289,0.019258396090924723,0.013328370987888149,0.018724828541253274,0.04399931416501309,0.0006,0.0,0.0303
1996-09-30,0.1121846665509559,0.1121846665509559,0.1121846665509559,0.1121846665509559,0.1121846665509559,0.1121846665509559,0.06264233327547794,0.06264233327547794,0.1121846665509559,0.1121846665509559,0.1121846665509559,0.06264233327547794,0.06264233327547794,0.06264233327547794,0.1121846665509559,0.1121846665509559,0.06264233327547794,,0.1111846665509559,0.054872741726510355,0.055872741726510355,0.03528697836923955,0.03816296965033473,0.1121846665509559,0.0229,0.0024672120503830275,0.0151
1996-10-31,0.020217330016535657,0.020217330016535657,0.020217330016535657,0.020217330016535657,0.020217330016535657,0.020217330016535657,0.0030586650082678286,0.0030586650082678286,0.020217330016535657,0.020217330016535657,0.020217330016535657,0.0030586650082678286,0.0030586650082678286,0.0030586650082678286,0.020217330016535657,0.020217330016535657,0.0030586650082678286,,0.020217330016535657,0.019217330016535656,0.032331346599543176,0.02111214129305927,-0.005950460241980066,0.020217330016535657,-0.0121,-0.01411917098445592,-0.0178
1996-11-30,0.10973729339892742,0.10973729339892742,0.10973729339892742,0.10973729339892742,0.10973729339892742,0.10973729339892742,0.07151864669946371,0.030658333333333343,0.10973729339892742,0.10973729339892742,0.10973729339892742,0.07151864669946371,0.07151864669946371,0.07151864669946371,0.10973729339892742,0.10973729339892742,0.07151864669946371,,0.0036749135023868744,0.10973729339892742,0.0730045816577467,0.04552608232798136,0.034023841809855335,0.10973729339892742,0.0333,-0.021941926159506075,0.015
1996-12-31,-0.014501046269557432,-0.014501046269557432,-0.014501046269557432,-0.014501046269557432,-0.014501046269557432,-0.014501046269557432,-0.004950523134778716,-0.02639999999999998,-0.014501046269557432,-0.014501046269557432,-0.014501046269557432,-0.004950523134778716,-0.004950523134778716,-0.004950523134778716,-0.014501046269557432,-0.014501046269557432,-0.004950523134778716,,-0.015501046269557433,-0.014501046269557432,-0.023797576220982775,-0.012568545732589653,-0.0055752615673893575,-0.014501046269557432,-0.0144,0.0,0.0066
1997-01-31,0.12264728932692733,0.12264728932692733,0.12264728932692733,0.12264728932692733,0.12264728932692733,0.12264728932692733,0.09667364466346366,-0.0031416666666667092,0.12264728932692733,0.12264728932692733,0.12264728932692733,0.09667364466346366,0.09667364466346366,0.09667364466346366,0.12264728932692733,0.12264728932692733,0.09667364466346366,,-0.016451692638366468,0.12264728932692733,0.06178619961493492,0.03880838643562763,0.027573052852956987,0.12264728932692733,-0.0355,-0.047555077915099386,0.0707
1997-02-28,-0.07647506928036178,-0.07647506928036178,-0.07647506928036178,-0.07647506928036178,-0.07647506928036178,-0.07647506928036178,-0.012387534640180942,-0.013387534640180943,-0.07647506928036178,-0.07647506928036178,-0.07647506928036178,-0.012387534640180942,-0.012387534640180942,-0.012387534640180942,-0.07647506928036178,-0.07647506928036178,-0.012387534640180942,,-0.006679368437548942,-0.07647506928036178,0.00956517478151464,0.007455771535575417,-0.009824126981585506,-0.07647506928036178,0.0127,-0.027221438645980145,0.0516999999999999
1997-03-31,-0.062122909603126976,-0.062122909603126976,-0.062122909603126976,-0.062122909603126976,-0.062122909603126976,-0.062122909603126976,-0.04181145480156349,-0.04181145480156349,-0.062122909603126976,-0.062122909603126976,-0.062122909603126976,-0.04181145480156349,-0.04181145480156349,-0.04181145480156349,-0.062122909603126976,-0.062122909603126976,-0.04181145480156349,,-0.06312290960312697,-0.062122909603126976,-0.04412284577110448,-0.02473370746266266,-0.022205727400781743,-0.062122909603126976,-0.0052,0.0,-0.0215
1997-04-30,0.0981248165094842,0.0981248165094842,0.0981248165094842,0.0981248165094842,0.0981248165094842,0.0981248165094842,0.0217666666666666,0.0217666666666666,0.0981248165094842,0.0981248165094842,0.0981248165094842,0.003458333333333231,0.0217666666666666,0.0217666666666666,0.0981248165094842,0.0981248165094842,0.003458333333333231,,0.012183066309023178,0.003458333333333231,0.06260372985800378,0.03934557124813556,0.023912253859138474,0.0981248165094842,0.0052,0.012324198927069707,-0.02
1997-05-31,0.09682093683902544,0.09682093683902544,0.09682093683902544,0.09682093683902544,0.09682093683902544,0.09682093683902544,0.06331046841951267,0.06331046841951267,0.09682093683902544,0.09682093683902544,0.09682093683902544,0.06331046841951267,0.06331046841951267,0.06331046841951267,0.09682093683902544,0.09682093683902544,0.06331046841951267,,0.09582093683902544,0.09582093683902544,0.06320700151883485,0.03968420091130089,0.051239107025568414,0.09682093683902544,0.0791999999999999,-0.002864508736751592,0.0317999999999999
1997-06-30,-0.0009498404329154985,-0.0009498404329154985,0.0464,-0.0009498404329154985,-0.0009498404329154985,-0.0009498404329154985,0.02322507978354225,0.02322507978354225,-0.0009498404329154985,-0.0009498404329154985,-0.0009498404329154985,0.02322507978354225,0.02322507978354225,0.02322507978354225,-0.0009498404329154985,-0.0009498404329154985,0.02322507978354225,,-0.0009498404329154985,-0.0009498404329154985,0.04110263251970259,0.02631491284515488,0.015237058708203164,-0.0009498404329154985,0.0438,-0.029301924734271845,0.0474
1997-07-31,0.006900000000000001,0.006900000000000001,0.0079,0.006900000000000001,0.006900000000000001,0.006900000000000001,0.0824876806712588,0.0824876806712588,0.006900000000000001,0.006900000000000001,0.006900000000000001,0.0824876806712588,0.0824876806712588,0.0824876806712588,0.006900000000000001,0.006900000000000001,0.0824876806712588,,0.15707536134251762,0.15707536134251762,0.07926420798129796,0.049308524788778785,0.043943840335629404,0.15707536134251762,0.0108,0.0,0.0079
1997-08-31,-0.030124738801979117,-0.030124738801979117,-0.030124738801979117,-0.030124738801979117,-0.030124738801979117,-0.030124738801979117,-0.0706123694009895,-0.0706123694009895,-0.030124738801979117,-0.030124738801979117,-0.030124738801979117,-0.0706123694009895,-0.0706123694009895,-0.0706123694009895,-0.030124738801979117,-0.030124738801979117,-0.0706123694009895,,-0.029124738801979116,-0.029124738801979116,-0.051804255014616496,-0.02933255300876989,-0.06565160494317007,-0.029124738801979116,-0.0653,-0.05608168097070132,-0.1120999999999999
1997-09-30,0.02218334121714712,0.02218334121714712,0.02218334121714712,0.02218334121714712,0.02218334121714712,0.02218334121714712,0.035491670608573556,0.035491670608573556,0.02218334121714712,0.02218334121714712,0.02218334121714712,0.035491670608573556,0.035491670608573556,0.035491670608573556,0.02218334121714712,0.02218334121714712,0.035491670608573556,,0.010226663008830982,0.02218334121714712,0.04809116219075027,0.030601363981116812,0.023928332560910044,0.02218334121714712,0.0508,0.005329989026493065,0.0174
1997-10-31,-0.07000674163012226,-0.07000674163012226,-0.0697,-0.07000674163012226,-0.07000674163012226,-0.07000674163012226,-0.06935337081506113,-0.06935337081506113,-0.07000674163012226,-0.07000674163012226,-0.07000674163012226,-0.06935337081506113,-0.06935337081506113,-0.06935337081506113,-0.07000674163012226,-0.07000674163012226,-0.06935337081506113,,0.004125847670530368,-0.07000674163012226,-0.024503613426761217,-0.013015501389390028,-0.07956146632129946,-0.07000674163012226,-0.0687,-0.020739123655075575,-0.1588
1997-11-30,0.03096228150000176,0.03096228150000176,0.02996228150000176,0.03096228150000176,0.03096228150000176,0.03096228150000176,0.00583114075000093,0.00583114075000093,0.03096228150000176,0.03096228150000176,0.03096228150000176,0.00583114075000093,0.00583114075000093,0.00583114075000093,0.03096228150000176,0.03096228150000176,0.00583114075000093,,0.0025027777777777427,0.00216666666666654,0.038697118718655776,0.02495493789786014,-0.010584429624999534,0.03096228150000176,-0.0192999999999999,0.0,-0.054
1997-12-31,-0.05614382739906446,-0.05614382739906446,-0.05614382739906446,-0.05614382739906446,-0.05614382739906446,-0.05614382739906446,0.01323333333333332,0.01323333333333332,-0.05614382739906446,-0.05614382739906446,-0.05614382739906446,0.01323333333333332,0.01323333333333332,0.01323333333333332,-0.05614382739906446,-0.05614382739906446,0.01323333333333332,,-0.023370311394196763,0.018071649538070722,0.019071649538070723,0.013182989722842466,-0.03680952372874706,-0.05614382739906446,-0.0028,-0.08869426751592369,0.0003999999999999
1998-01-31,0.0817098187794952,0.0817098187794952,0.0817098187794952,0.0817098187794952,0.0817098187794952,0.0817098187794952,0.02349166666666669,0.02349166666666669,0.0817098187794952,0.0817098187794952,0.0817098187794952,0.02349166666666669,0.02349166666666669,0.02349166666666669,0.0817098187794952,0.0817098187794952,0.02349166666666669,,0.018230854544042607,0.022491666666666688,0.012878039595780155,0.00951349042413474,0.0223610122695724,0.0817098187794952,0.0426999999999999,0.026734230298794515,-0.0617
1998-02-28,0.11549866599382293,0.11549866599382293,0.11549866599382293,0.11549866599382293,0.11549866599382293,-0.00404166666666672,0.08879933299691141,-0.0030416666666667203,0.11549866599382293,0.11549866599382293,-0.00404166666666672,0.08879933299691141,0.08879933299691141,0.08879933299691141,0.11549866599382293,-0.00404166666666672,0.08879933299691141,,0.00042777777777773074,0.06829469236109553,0.06929469236109553,0.043306815416657284,0.0712996664984557,0.11549866599382293,0.0640999999999999,0.0,0.1056
1998-03-31,0.022883702658052247,0.022883702658052247,0.022883702658052247,0.022883702658052247,0.022883702658052247,0.021883702658052246,0.027591851329026126,0.026591851329026125,0.022883702658052247,0.022883702658052247,0.021883702658052246,0.027591851329026126,0.027591851329026126,0.027591851329026126,0.022883702658052247,0.021883702658052246,0.027591851329026126,,0.021883702658052246,0.021883702658052246,0.04878359994459691,0.03104349330009146,0.02478675275777379,0.022883702658052247,0.0323,0.0030633083730429167,0.0409
1998-04-30,0.02316266077525871,0.02316266077525871,0.02316266077525871,0.02316266077525871,0.02316266077525871,0.02316266077525871,0.016531330387629304,0.016531330387629304,0.02316266077525871,0.02316266077525871,0.02316266077525871,0.016531330387629304,0.016531330387629304,0.016531330387629304,0.02316266077525871,0.02316266077525871,0.016531330387629304,,0.02316266077525871,0.02316266077525871,0.012790853867852725,0.009394512320711623,0.020031180972572702,0.02316266077525871,0.0098999999999999,0.03936206311503221,0.0077
1998-05-31,-0.04424091357193242,-0.04424091357193242,-0.04424091357193242,-0.04424091357193242,-0.04424091357193242,-0.04424091357193242,-0.022070456785966207,-0.022070456785966207,-0.04424091357193242,-0.04424091357193242,-0.04424091357193242,-0.022070456785966207,-0.022070456785966207,-0.022070456785966207,-0.04424091357193242,-0.04424091357193242,-0.022070456785966207,,-0.04424091357193242,-0.04424091357193242,-0.020768860463517003,-0.010794649611443542,-0.04758912163490282,-0.04424091357193242,0.0001,-0.04211557296767887,-0.1041
1998-06-30,0.1225303374885663,0.1225303374885663,0.1225303374885663,0.1225303374885663,0.1225303374885663,0.1225303374885663,0.05936516874428315,0.05936516874428315,0.1225303374885663,0.1225303374885663,0.1225303374885663,0.05936516874428315,0.05936516874428315,0.05936516874428315,0.1225303374885663,0.1225303374885663,0.05936516874428315,,0.005341666666666615,0.041573305618463174,0.042573305618463175,0.027220650037744543,0.004182584372141578,0.1225303374885663,-0.0038,0.0,-0.102
1998-07-31,0.030517000138773637,0.030517000138773637,0.030517000138773637,0.030517000138773637,0.030517000138773637,0.030517000138773637,0.01780850006938682,0.01780850006938682,0.030517000138773637,0.030517000138773637,0.030517000138773637,0.01780850006938682,0.01780850006938682,0.01780850006938682,0.030517000138773637,0.030517000138773637,0.01780850006938682,,-0.00013554873892292663,0.029517000138773637,-0.013513265251222428,-0.006407959150733422,0.013506755147167844,0.030517000138773637,0.0051,-0.004089979550102263,0.0225
1998-08-31,-0.171356075782401,-0.171356075782401,-0.171356075782401,-0.171356075782401,-0.171356075782401,-0.171356075782401,-0.1437780378912005,-0.1437780378912005,-0.171356075782401,-0.171356075782401,-0.171356075782401,-0.1437780378912005,-0.1437780378912005,-0.1437780378912005,-0.171356075782401,-0.171356075782401,-0.1437780378912005,,0.005997889573351605,-0.171356075782401,-0.14117987112393537,-0.08300792267436119,-0.1404864350989199,-0.171356075782401,-0.1162,-0.029089664613278554,-0.2453
1998-09-30,0.05505833333333332,0.05505833333333332,0.05505833333333332,0.05505833333333332,0.05505833333333332,0.05505833333333332,0.05505833333333332,0.05505833333333332,0.05505833333333332,0.05505833333333332,0.05505833333333332,0.05505833333333332,0.05505833333333332,0.05505833333333332,0.05505833333333332,0.05505833333333332,0.05505833333333332,,0.020063888888888878,0.05505833333333332,0.06363975418318457,0.03983718584324407,0.04756510020340772,0.18056040081363087,-0.0308,0.0,0.0405
1998-10-31,0.0405740304784454,0.0405740304784454,0.0405740304784454,0.0405740304784454,0.0405740304784454,0.0405740304784454,-0.013299999999999979,-0.013299999999999979,0.0405740304784454,0.0405740304784454,0.0405740304784454,-0.013299999999999979,-0.013299999999999979,-0.013299999999999979,0.0405740304784454,0.0405740304784454,-0.013299999999999979,,0.014757291544276074,0.0405740304784454,0.08108113027763775,0.05010534483324935,0.06817605961115171,0.0415740304784454,0.0964,0.053930207966161436,0.0808
1998-11-30,0.11308201183177509,0.11308201183177509,0.0428,0.11308201183177509,0.11308201183177509,0.11308201183177509,0.07744100591588754,-0.004633333333333489,0.11308201183177509,0.11308201183177509,0.11308201183177509,0.07744100591588754,0.07744100591588754,0.07744100591588754,0.11308201183177509,0.11308201183177509,0.07744100591588754,,-0.007030629877369021,0.11308201183177509,0.05568145655779344,0.03485220726800944,0.05027878054991702,0.11308201183177509,0.0438,-0.02006688963210701,0.0643
1998-12-31,0.17913726655346282,0.17913726655346282,0.17813726655346282,0.17913726655346282,0.17913726655346282,0.17913726655346282,0.10391863327673141,0.011600000000000055,0.17913726655346282,0.17913726655346282,0.17913726655346282,0.10391863327673141,0.10391863327673141,0.10391863327673141,0.17913726655346282,0.17913726655346282,0.10391863327673141,,0.17813726655346282,0.17913726655346282,0.06542223518970203,0.040776674447154576,0.04221622790116433,0.17913726655346282,0.0287,-0.021672354948805483,-0.0173
1999-01-31,0.15926053603113463,0.15926053603113463,0.15926053603113463,0.15926053603113463,0.15926053603113463,0.15926053603113463,0.08208026801556731,0.08108026801556731,0.15926053603113463,0.15926053603113463,0.15926053603113463,0.08208026801556731,0.08208026801556731,0.08208026801556731,0.15926053603113463,0.15926053603113463,0.08208026801556731,,0.001252777777777807,0.15926053603113463,0.035225345785893536,0.02262854080486947,0.03716513400778368,0.15926053603113463,0.0049,0.0,-0.0154999999999999
1999-02-28,-0.0942519431759014,-0.0942519431759014,-0.0942519431759014,-0.0942519431759014,-0.0942519431759014,-0.0942519431759014,-0.0572759715879507,-0.0572759715879507,-0.0942519431759014,-0.0942519431759014,-0.0942519431759014,-0.0572759715879507,-0.0572759715879507,-0.0572759715879507,-0.0942519431759014,-0.0942519431759014,-0.0572759715879507,,-0.014613396127681791,-0.0942519431759014,-0.03206847727827711,-0.017747753033632917,-0.0275646995564034,-0.0942519431759014,-0.0203,0.002093144950287895,0.0021999999999999
1999-03-31,0.09473602827916545,0.09473602827916545,0.09473602827916545,0.09473602827916545,0.09473602827916545,0.09473602827916545,0.06851801413958272,0.06851801413958272,0.09473602827916545,0.09473602827916545,0.09473602827916545,0.06851801413958272,0.06851801413958272,0.06851801413958272,0.09473602827916545,0.09473602827916545,0.06851801413958272,,0.0005319770815201959,0.09473602827916545,0.04146832459622285,0.026434328091067005,0.05453507321426482,0.09473602827916545,0.0423,-0.010095735422106067,0.0911999999999999
1999-04-30,0.023824076692890106,0.023824076692890106,0.023824076692890106,0.023824076692890106,0.023824076692890106,0.023824076692890106,0.036312038346445,0.036312038346445,0.023824076692890106,0.023824076692890106,0.023824076692890106,0.036312038346445,0.036312038346445,0.036312038346445,0.023824076692890106,0.023824076692890106,0.036312038346445,,0.022824076692890105,0.023824076692890106,0.037974999495537176,0.024281666363989006,0.044309540361898395,0.023824076692890106,0.0487999999999999,-0.0022859152452964215,0.1069
1999-05-31,-0.03141412129900534,-0.03141412129900534,-0.03141412129900534,-0.03141412129900534,-0.03141412129900534,-0.03141412129900534,-0.03530706064950267,-0.03530706064950267,-0.03141412129900534,-0.03141412129900534,-0.03141412129900534,-0.03530706064950267,-0.03530706064950267,-0.03530706064950267,-0.03141412129900534,-0.03141412129900534,-0.03530706064950267,,-0.03141412129900534,-0.03141412129900534,-0.0228661751442657,-0.012203038419892764,-0.014703530324751335,-0.03141412129900534,-0.0392,0.0,0.0118
1999-06-30,0.10750776628274372,0.10750776628274372,0.10750776628274372,0.10750776628274372,0.10750776628274372,0.10750776628274372,0.07835388314137186,0.07835388314137186,0.10750776628274372,0.10750776628274372,0.10750776628274372,0.07835388314137186,0.07835388314137186,0.07835388314137186,0.10750776628274372,0.10750776628274372,0.07835388314137186,,-0.0327405396937297,0.10750776628274372,0.05537803365154015,0.03478015352425738,0.043363203467055356,0.10750776628274372,0.0492,-0.08935495241452229,0.1061
1999-07-31,-0.01789582876367546,-0.01789582876367546,-0.01789582876367546,-0.01789582876367546,-0.01789582876367546,-0.01789582876367546,-0.016897914381837728,-0.016897914381837728,-0.01789582876367546,-0.01789582876367546,-0.01789582876367546,-0.016897914381837728,-0.016897914381837728,-0.016897914381837728,-0.01789582876367546,-0.01789582876367546,-0.016897914381837728,,-0.01889582876367546,-0.01789582876367546,-0.031022095896029778,-0.017019924204284574,-0.0022519957045631827,-0.01789582876367546,0.0344,-0.011612154054577273,-0.0139
1999-08-31,0.05466561566531736,0.05466561566531736,0.05466561566531736,0.05466561566531736,0.05466561566531736,0.05466561566531736,0.04133280783265868,0.04133280783265868,0.05466561566531736,0.05466561566531736,0.05466561566531736,0.04133280783265868,0.04133280783265868,0.04133280783265868,0.05466561566531736,0.05466561566531736,0.04133280783265868,,0.00026388888888887927,0.05466561566531736,-0.005178474055903992,-0.0015237511002090807,0.02516640391632934,0.05466561566531736,0.018,0.0,0.028
1999-09-30,0.008377050157632127,0.008377050157632127,-0.0311,0.008377050157632127,0.008377050157632127,0.008377050157632127,-0.010861474921183936,-0.010861474921183936,0.008377050157632127,0.008377050157632127,0.008377050157632127,-0.010861474921183936,-0.010861474921183936,-0.010861474921183936,0.008377050157632127,0.008377050157632127,-0.010861474921183936,,0.0073770501576321265,0.008377050157632127,-0.022337175524875907,-0.011742305314925504,-0.001553500335077962,0.008377050157632127,0.0206,-0.005091051497943977,-0.0301
1999-10-31,0.09241995495873945,0.09241995495873945,0.0333,0.09241995495873945,0.09241995495873945,0.09241995495873945,0.06285997747936972,0.06285997747936972,0.09241995495873945,0.09241995495873945,0.09241995495873945,0.06285997747936972,0.06285997747936972,0.06285997747936972,0.09241995495873945,0.09241995495873945,0.06285997747936972,,0.08860297294933182,0.09241995495873945,0.06407757694344074,0.04007321283273111,0.10768638511835044,0.09241995495873945,0.035,0.27002558551466227,0.0333
1999-11-30,0.11786992473028635,0.11786992473028635,0.0469,0.11786992473028635,0.11786992473028635,0.11786992473028635,0.10233496236514317,0.10233496236514317,0.11786992473028635,0.11786992473028635,0.11786992473028635,0.10233496236514317,0.10233496236514317,0.10233496236514317,0.11786992473028635,0.11786992473028635,0.10233496236514317,,0.11686992473028635,0.11786992473028635,0.01665137708265818,0.011697492916261565,0.04443025431134891,0.11786992473028635,0.0479,-0.0748489074848907,0.0868
1999-12-31,0.24319780737772945,0.24319780737772945,0.0805,0.24319780737772945,0.24319780737772945,0.24319780737772945,0.1806989036888647,0.1806989036888647,0.24319780737772945,0.24319780737772945,0.24319780737772945,0.1806989036888647,0.1806989036888647,0.1806989036888647,0.24319780737772945,0.24319780737772945,0.1806989036888647,,0.24319780737772945,0.24319780737772945,0.05710978722091631,0.036032538999216476,0.11047445184443236,0.24319780737772945,0.0805,0.0,0.1182
2000-01-31,-0.018468108179237608,-0.018468108179237608,-0.0582,-0.018468108179237608,-0.018468108179237608,-0.018468108179237608,-0.005084054089618804,-0.005084054089618804,-0.018468108179237608,-0.018468108179237608,-0.018468108179237608,-0.005084054089618804,-0.005084054089618804,-0.005084054089618804,-0.018468108179237608,-0.018468108179237608,-0.005084054089618804,,-0.018468108179237608,-0.018468108179237608,-0.04978721326513924,-0.028095661292416873,-0.032293032069935015,-0.018468108179237608,-0.0582,-0.060804020100502454,0.0083
2000-02-29,0.028399999999999998,0.028399999999999998,0.028399999999999998,0.028399999999999998,0.028399999999999998,0.028399999999999998,0.10982218932055894,0.10982218932055894,0.028399999999999998,0.028399999999999998,0.028399999999999998,0.10982218932055894,0.10982218932055894,0.10982218932055894,0.028399999999999998,0.028399999999999998,0.10982218932055894,,0.04061706200582604,0.19024437864111787,-0.015226348542233592,-0.007215809125340189,0.08710722449798233,0.19024437864111787,0.0364,0.09238451935081149,0.0294
2000-03-31,0.0247608523897892,0.0247608523897892,0.0247608523897892,0.0247608523897892,0.0247608523897892,0.0247608523897892,0.01613042619489455,0.01613042619489455,0.0247608523897892,0.0247608523897892,0.0247608523897892,0.01613042619489455,0.01613042619489455,0.01613042619489455,0.0247608523897892,0.0247608523897892,0.01613042619489455,,-0.017724376417233567,0.0257608523897892,0.09691437788882307,0.06007529339996051,-0.008882235882144566,0.0257608523897892,0.0287,-0.09648979591836737,0.0064999999999999
2000-04-30,-0.13470315670265365,-0.13470315670265365,-0.13470315670265365,-0.13470315670265365,-0.13470315670265365,-0.13470315670265365,-0.12170157835132678,-0.12170157835132678,-0.13470315670265365,-0.13470315670265365,-0.13470315670265365,-0.12170157835132678,-0.12170157835132678,-0.12170157835132678,-0.13470315670265365,-0.13470315670265365,-0.12170157835132678,,-0.13570315670265365,-0.13470315670265365,-0.03512016205640178,-0.019112097233841108,-0.07632578917566339,-0.13470315670265365,-0.0619,0.0,-0.1086999999999999
2000-05-31,-0.12269117664203222,-0.12269117664203222,-0.12269117664203222,-0.12269117664203222,-0.12269117664203222,-0.12269117664203222,-0.0743455883210161,-0.0743455883210161,-0.12269117664203222,-0.12269117664203222,-0.12269117664203222,-0.0743455883210161,-0.0743455883210161,-0.0743455883210161,-0.12269117664203222,-0.12269117664203222,-0.0743455883210161,,0.001008624462916127,0.003850000000000021,-0.015722512638937314,-0.00749350758336238,-0.04307674247998761,-0.12269117664203222,-0.0247,0.0010842067220817597,-0.026
2000-06-30,0.12406013235863389,0.12406013235863389,0.12406013235863389,0.12406013235863389,0.12406013235863389,0.12406013235863389,0.07313006617931694,0.07313006617931694,0.12406013235863389,0.12406013235863389,0.12406013235863389,0.07313006617931694,0.07313006617931694,0.07313006617931694,0.12406013235863389,0.12406013235863389,0.07313006617931694,,0.021628439630966723,0.004691666666666761,0.019681572818222248,0.013685610357600055,0.053728029479550174,0.12406013235863389,0.0358,0.03285198555956681,0.0222
2000-07-31,-0.04280921689565875,-0.04280921689565875,-0.04280921689565875,-0.04280921689565875,-0.04280921689565875,-0.04280921689565875,-0.044654608447829376,0.0031750000000000398,-0.04280921689565875,-0.04280921689565875,-0.04280921689565875,-0.044654608447829376,-0.044654608447829376,-0.044654608447829376,-0.04280921689565875,-0.04280921689565875,-0.044654608447829376,,0.0030249999999999813,-0.043809216895658754,-0.015702035534302605,-0.007461221320581602,-0.03205230422391468,-0.04280921689565875,-0.0389,0.0,-0.0465
2000-08-31,0.13626820395413852,0.13626820395413852,0.13626820395413852,0.13626820395413852,0.13626820395413852,0.030383333333333318,0.07588410197706927,0.03138333333333332,0.13626820395413852,0.13626820395413852,0.030383333333333318,0.07588410197706927,0.07588410197706927,0.07588410197706927,0.13626820395413852,0.030383333333333318,0.07588410197706927,,0.0011926414618043096,0.004225000000000035,0.06534063516589184,0.041294381099535114,0.03023444875155453,0.13626820395413852,0.0175,-0.03303040894792042,0.0002
2000-09-30,-0.1266911990782661,-0.1266911990782661,-0.1266911990782661,-0.1266911990782661,-0.1266911990782661,-0.001174999999999926,-0.08709559953913304,-0.001174999999999926,-0.1266911990782661,-0.1266911990782661,-0.001174999999999926,-0.08709559953913304,-0.002174999999999926,-0.08709559953913304,-0.1266911990782661,-0.1276911990782661,-0.08709559953913304,,-0.003277722553567397,-0.1276911990782661,-0.05486234308871363,-0.030814072519894826,-0.07012692501807542,-0.1266911990782661,-0.0475,-0.01391650099403563,-0.0924
2000-10-31,-0.07940136744543735,-0.07940136744543735,-0.023177419354838746,-0.07940136744543735,-0.07940136744543735,0.007383333333333297,-0.059250683722718626,0.007383333333333297,-0.07940136744543735,-0.07940136744543735,0.007383333333333297,-0.059250683722718626,0.007383333333333297,-0.059250683722718626,-0.07940136744543735,-0.07940136744543735,-0.059250683722718626,,-0.003200806451612914,0.006383333333333297,-0.004677838389309019,-0.0007300363669187292,-0.056769696700068976,-0.07940136744543735,-0.0390999999999999,-0.022177419354838745,-0.0863999999999999
2000-11-30,-0.22910694249357944,-0.22910694249357944,-0.23010694249357944,-0.22910694249357944,-0.22910694249357944,0.029458333333333364,0.028458333333333363,0.029458333333333364,-0.22910694249357944,-0.22910694249357944,0.029458333333333364,0.028458333333333363,0.029458333333333364,0.028458333333333363,-0.22910694249357944,0.028458333333333363,0.028458333333333363,,0.011591666666666665,0.029458333333333364,-0.07465313122035433,-0.042665212065545945,-0.08762673562339483,-0.22910694249357944,-0.037,0.0,-0.0843999999999999
2000-12-31,0.03416666666666657,0.03416666666666657,0.03416666666666657,0.03416666666666657,0.03416666666666657,0.03516666666666657,0.03516666666666657,0.03516666666666657,0.03416666666666657,0.03416666666666657,0.03516666666666657,0.03516666666666657,0.03516666666666657,0.03516666666666657,0.03416666666666657,0.03516666666666657,0.03516666666666657,,0.023881461522440896,0.03516666666666657,-0.0052263574774426,-0.0010658144864655879,-0.0025201173744983474,-0.07318318739864949,0.0187999999999999,0.031302717900656196,0.013
2001-01-31,0.003908333333333292,0.003908333333333292,0.003908333333333292,0.003908333333333292,0.003908333333333292,0.003908333333333292,0.003908333333333292,0.003908333333333292,-0.00168333333333337,-0.00168333333333337,-0.00168333333333337,-0.00168333333333337,0.003908333333333292,0.003908333333333292,0.003908333333333292,0.003908333333333292,-0.00168333333333337,,-0.012253486610929398,-0.00168333333333337,0.0444594621403438,0.028639010617539595,0.04775343865073771,0.10149921443573895,0.0094,-0.03998545983278812,0.1201
2001-02-28,-0.2630527284427465,0.026274999999999937,-0.2630527284427465,-0.2630527284427465,0.026274999999999937,0.026274999999999937,0.026274999999999937,0.026274999999999937,-0.2630527284427465,0.027274999999999938,0.027274999999999938,0.027274999999999938,0.026274999999999937,0.026274999999999937,0.026274999999999937,0.026274999999999937,0.027274999999999938,,0.010477777777777733,-0.09638799183887814,-0.09538799183887814,-0.05556946176999357,-0.10051318211068662,-0.2620527284427465,-0.0748,0.0,-0.0652
2001-03-31,0.002249999999999975,0.003249999999999975,0.002249999999999975,0.002249999999999975,0.003249999999999975,0.003249999999999975,0.003249999999999975,0.003249999999999975,0.002249999999999975,0.003249999999999975,0.003249999999999975,0.003249999999999975,0.003249999999999975,0.003249999999999975,0.003249999999999975,0.003249999999999975,0.011109848484848386,,0.005712140813664815,0.002249999999999975,-0.056036827064112726,-0.03200542957180094,-0.0813190306204499,-0.17492087825612734,-0.0785,0.009844755774327751,-0.0817
2001-04-30,-0.031591666666666685,-0.031591666666666685,-0.031591666666666685,-0.031591666666666685,-0.031591666666666685,-0.031591666666666685,-0.031591666666666685,-0.031591666666666685,-0.031591666666666685,-0.031591666666666685,-0.031591666666666685,-0.031591666666666685,-0.031591666666666685,-0.031591666666666685,-0.031591666666666685,-0.031591666666666685,-0.032591666666666685,,-0.01845997062867144,-0.031591666666666685,0.08543981239767784,0.05269722077194001,0.06765666589173785,0.17879824211963236,0.0799,-0.02737157855268091,0.0393
2001-05-31,-0.0291,-0.0023416666666665753,-0.0291,-0.0291,-0.0023416666666665753,-0.0023416666666665753,-0.0023416666666665753,-0.0023416666666665753,-0.0291,0.0022916666666666927,0.0022916666666666927,0.0022916666666666927,-0.0023416666666665753,-0.0023416666666665753,-0.0023416666666665753,-0.0023416666666665753,0.02111037414965981,,0.031221318427139596,-0.006605743745587866,-0.005605743745587866,-0.002046779580686042,0.011111207161084897,-0.03076912663707909,-0.0281,0.09271395528141868,0.0106
2001-06-30,0.004374999999999908,0.005374999999999908,0.004374999999999908,0.004374999999999908,0.005374999999999908,0.005374999999999908,0.005374999999999908,0.005374999999999908,-0.001,-0.001,-0.001,-0.001,0.005374999999999908,0.005374999999999908,0.005374999999999908,0.005374999999999908,0.004714396503101896,,0.0027999999999999874,0.004374999999999908,-0.023829368577641508,-0.013087621146584882,-0.007678402146777841,0.02168639141288864,-0.0345,0.0,-0.0179
2001-07-31,0.03426666666666667,0.03426666666666667,0.03426666666666667,0.03426666666666667,0.03426666666666667,0.03426666666666667,0.03426666666666667,0.03426666666666667,-0.05609454930322799,-0.05609454930322799,-0.05609454930322799,-0.05609454930322799,0.03426666666666667,0.03426666666666667,0.03426666666666667,0.03426666666666667,-0.012029905271055914,,-0.006262071989964903,0.03426666666666667,-0.010195875752620265,-0.004900858784905515,-0.059127208616400126,-0.0862142851623725,-0.0278,-0.05609454930322799,-0.0664
2001-08-31,0.022925000000000084,0.022925000000000084,0.022925000000000084,0.022925000000000084,0.022925000000000084,0.022925000000000084,0.022925000000000084,0.022925000000000084,0.021925000000000083,0.021925000000000083,0.021925000000000083,0.021925000000000083,0.022925000000000084,0.022925000000000084,0.022925000000000084,0.022925000000000084,0.00819166666666666,,0.01803134149380181,0.022925000000000084,-0.059332388557308824,-0.034419433134385294,-0.03235655953429747,-0.1228452626185953,-0.0194999999999999,0.02821902448140534,-0.0153
2001-09-30,0.025291666666666712,0.025291666666666712,0.025291666666666712,0.025291666666666712,0.025291666666666712,0.025291666666666712,0.025291666666666712,0.025291666666666712,0.025291666666666712,0.025291666666666712,0.025291666666666712,0.025291666666666712,0.025291666666666712,0.025291666666666712,0.025291666666666712,0.025291666666666712,0.01607921833897019,,0.028935308372712923,0.025291666666666712,-0.08163026656574002,-0.047854826606110686,-0.09953475879509888,-0.20884496029853428,-0.104,0.05870592511813877,-0.144
2001-10-31,0.029333333333333433,0.029333333333333433,0.029333333333333433,0.029333333333333433,0.029333333333333433,0.029333333333333433,0.029333333333333433,0.029333333333333433,0.029333333333333433,0.029333333333333433,0.029333333333333433,0.029333333333333433,0.029333333333333433,0.029333333333333433,0.029333333333333433,0.029333333333333433,0.028333333333333433,,0.010444444444444478,0.029333333333333433,0.013021744475297137,0.008613046685178281,0.06279302476464879,0.16977209905859514,0.0284,0.0,0.053
2001-11-30,-0.037216666666666676,-0.037216666666666676,-0.037216666666666676,-0.037216666666666676,-0.037216666666666676,-0.037216666666666676,-0.037216666666666676,-0.037216666666666676,-0.037216666666666676,-0.037216666666666676,-0.037216666666666676,-0.037216666666666676,-0.037216666666666676,-0.037216666666666676,-0.037216666666666676,-0.037216666666666676,-0.037216666666666676,,-0.024482749165474472,-0.037216666666666676,0.07797769860679771,0.04746995249741199,0.06571913431366702,0.16961645141775827,0.0329,-0.03793991416309017,0.0983
2001-12-31,0.0814,-0.02066666666666661,0.0814,0.0814,-0.02066666666666661,-0.02066666666666661,-0.02066666666666661,-0.02066666666666661,0.0814,0.00048333333333328097,0.00048333333333328097,0.00048333333333328097,-0.02066666666666661,-0.02066666666666661,-0.02066666666666661,-0.02066666666666661,-0.02066666666666661,,-0.011093468950749436,0.0814,0.005638509463179231,0.003976439011240851,0.011684816540536543,-0.018663660318938846,-0.0029,-0.014097073518914982,0.0824
2002-01-31,0.0004499999999999513,0.0004499999999999513,0.0004499999999999513,0.0004499999999999513,0.0004499999999999513,0.0004499999999999513,0.0004499999999999513,0.0004499999999999513,0.0004499999999999513,0.0014499999999999513,0.0014499999999999513,0.0014499999999999513,0.0004499999999999513,0.0004499999999999513,0.0004499999999999513,0.0004499999999999513,0.004224999999999923,,0.008226508295625878,0.0308,-0.0097979367450991,-0.00529876204705948,-0.0015436794123616857,-0.010279242536324507,-0.0457,0.01900452488687776,0.0308
2002-02-28,0.01937500000000003,0.01937500000000003,0.01937500000000003,0.01937500000000003,0.01937500000000003,0.01937500000000003,0.01937500000000003,0.01937500000000003,0.0014666666666667272,0.0014666666666667272,0.0014666666666667272,0.0014666666666667272,0.01937500000000003,0.01937500000000003,0.01937500000000003,0.01937500000000003,0.020375000000000032,,0.007280555555555586,0.01937500000000003,-0.0179366163872392,-0.01017530316567683,-0.024131429578636225,-0.12282571831454481,0.0131999999999999,0.0,0.0131
2002-03-31,-0.04183333333333339,-0.04183333333333339,-0.04183333333333339,-0.04183333333333339,-0.04183333333333339,-0.04183333333333339,-0.04183333333333339,-0.04183333333333339,-0.04283333333333339,-0.04283333333333339,-0.04283333333333339,-0.04283333333333339,-0.04183333333333339,-0.04183333333333339,-0.04183333333333339,-0.04183333333333339,0.002633988764044988,,-0.0001849368462601593,-0.04183333333333339,0.03327096841866406,0.020559247717865103,0.05639561613701495,0.06749560842017366,0.0521999999999999,0.03978685612788624,0.0661
2002-04-30,-0.12107768391017304,0.0004916666666666689,0.0018,-0.12107768391017304,0.0004916666666666689,-0.12107768391017304,0.0004916666666666689,-0.05963884195508652,-0.12107768391017304,0.041364195421933814,-0.12107768391017304,0.041364195421933814,0.0004916666666666689,0.0004916666666666689,0.0004916666666666689,0.0004916666666666689,0.030123459383753513,,0.0018,0.0018,-0.05815621482568456,-0.03429706222874407,-0.01595337212205983,-0.12007768391017304,0.0110999999999999,0.042364195421933815,0.0028
2002-05-31,-0.0223,-0.0223,-0.0213,-0.0223,-0.0223,-0.0223,0.005808333333333305,-5.0000000000000565e-05,-0.0223,-0.0223,-0.0223,0.0,0.005808333333333305,0.005808333333333305,-0.0223,-0.0223,0.014515448968209686,,0.0017611111111110658,-0.0213,-0.0059333832877837,-0.0029700299726702624,-0.012840437976702344,-0.053261751906809374,0.0232,0.0,-0.0213
2002-06-30,-0.0736,-0.0736,-0.0736,-0.0736,-0.0736,-0.0736,0.02293333333333325,-0.053,-0.0736,-0.0736,-0.0736,0.05834152736807585,0.02293333333333325,0.02293333333333325,-0.0736,-0.0736,0.005840436397400096,,0.02757495356713635,-0.0736,-0.0738073439411131,-0.043704406364667873,-0.04470421172605715,-0.13115837427230448,-0.0324,0.05834152736807585,-0.0736
2002-07-31,-0.020510684422421654,-0.020510684422421654,-0.020510684422421654,-0.0608,0.03280000000000005,-0.0608,0.03380000000000005,-0.07595,-0.0608,-0.020510684422421654,-0.0608,-0.019510684422421654,0.03380000000000005,0.03380000000000005,0.03280000000000005,0.03280000000000005,0.02107717149220487,,0.0052353274147483395,0.03280000000000005,-0.0788196299962508,-0.046725111331083834,-0.06440439486971691,-0.08620689505644596,-0.0911,-0.019510684422421654,-0.0608
2002-08-31,-0.018793430195830796,-0.018793430195830796,-0.018793430195830796,0.0113,0.0103,0.034208333333333285,0.035208333333333286,0.034208333333333285,0.0113,0.0103,0.034208333333333285,0.034208333333333285,0.035208333333333286,0.035208333333333286,0.035208333333333286,0.035208333333333286,0.04145277777777777,,0.0059466343791675,0.035208333333333286,0.006801210386437884,0.004650726231862734,-0.0057219404848328805,-0.015094331743500722,-0.0003,-0.018793430195830796,0.0113
2002-09-30,-0.1109,-0.1109,0.0,-0.1099,-0.1099,0.04679999999999995,0.04679999999999995,0.04679999999999995,-0.1099,-0.1099,0.04679999999999995,0.04679999999999995,0.04679999999999995,0.04679999999999995,0.04679999999999995,0.04679999999999995,0.027953716528162528,,0.016069444444444393,0.04679999999999995,-0.10485249717972411,-0.06234816497450117,-0.08263081117063306,-0.11792324468253224,-0.1027,0.0,-0.1099
2002-10-31,-0.023475000000000024,-0.023475000000000024,-0.023475000000000024,-0.023475000000000024,-0.023475000000000024,-0.022475000000000023,-0.022475000000000023,-0.022475000000000023,-0.023475000000000024,-0.023475000000000024,-0.022475000000000023,-0.022475000000000023,-0.022475000000000023,-0.022475000000000023,-0.022475000000000023,-0.022475000000000023,-0.023475000000000024,,0.0024406620526851892,-0.022475000000000023,0.08228393376363297,0.04989369359151308,0.0788087259452903,0.1848462509564388,0.0411,0.02848865282472235,0.0608
2002-11-30,-0.0044428794992176215,-0.0044428794992176215,-0.0044428794992176215,0.0602,0.0602,-0.021374999999999922,-0.021374999999999922,-0.021374999999999922,0.0602,0.0602,-0.0044428794992176215,-0.0044428794992176215,-0.021374999999999922,-0.021374999999999922,-0.021374999999999922,-0.021374999999999922,-0.021374999999999922,,-0.00787262649973915,0.0602,0.061680891132481985,0.037488534679489226,0.057545302870992514,0.12912409098318767,0.0433,-0.0034428794992176215,0.0612
2002-12-31,0.0,0.0,0.0,-0.0275,-0.0275,0.036666666666666625,0.036666666666666625,0.036666666666666625,-0.0275,-0.0275,0.0,0.0,0.036666666666666625,0.036666666666666625,-0.0285,-0.0285,0.036666666666666625,,-0.0285,-0.0275,-0.05656976901445698,-0.03353519474200752,-0.0431378547906475,-0.12085141916259001,-0.0242,0.0,-0.0275
2003-01-31,1.66666666666657e-05,1.66666666666657e-05,1.66666666666657e-05,1.66666666666657e-05,1.66666666666657e-05,1.66666666666657e-05,1.66666666666657e-05,1.66666666666657e-05,-0.01225833333333326,-0.01225833333333326,-0.01225833333333326,-0.01225833333333326,1.66666666666657e-05,1.66666666666657e-05,1.66666666666657e-05,1.66666666666657e-05,-0.01125833333333326,,0.020502359017308788,-0.01225833333333326,-0.024594484317741916,-0.014350023923978482,0.01315535540371169,0.0028726778962537836,-0.026,0.07474874371859297,0.001
2003-02-28,0.026983333333333248,0.026983333333333248,0.026983333333333248,0.026983333333333248,0.026983333333333248,0.026983333333333248,0.026983333333333248,0.026983333333333248,0.03421332554061951,0.03421332554061951,0.03421332554061951,0.03421332554061951,0.026983333333333248,0.026983333333333248,0.026983333333333248,0.026983333333333248,0.02798333333333325,0.02798333333333325,0.02139333073576203,0.02798333333333325,-0.013478876339588441,-0.007693992470419731,0.004743350187733937,0.02946007521031624,-0.0167,0.03521332554061951,-0.029
2003-03-31,-0.06056245589273124,-0.06056245589273124,-0.06056245589273124,0.0025766996318127297,-0.007108333333333494,0.0025766996318127297,-0.007108333333333494,-0.007108333333333494,0.0025766996318127297,-0.059562455892731236,0.0025766996318127297,-0.059562455892731236,-0.007108333333333494,-0.007108333333333494,-0.007108333333333494,-0.007108333333333494,-0.007108333333333494,-0.007108333333333494,-0.021890263075354945,-0.007108333333333494,0.002139451401071746,0.0016836708406430033,-0.026196439065229622,0.0035766996318127298,-0.0167,-0.059562455892731236,-0.0321
2003-04-30,-0.0029083333333334007,-0.0029083333333334007,-0.0029083333333334007,-0.0029083333333334007,-0.0019083333333334007,-0.0029083333333334007,-0.0019083333333334007,-0.0019083333333334007,-4.9999999999993626e-05,-4.9999999999993626e-05,-4.9999999999993626e-05,-4.9999999999993626e-05,-0.0019083333333334007,-0.0019083333333334007,-0.0019083333333334007,-0.0019083333333334007,-4.9999999999993626e-05,-0.0019083333333334007,-0.00031944444444446474,-0.0019083333333334007,0.08461194665075111,0.05114716799045067,0.06840725681309182,0.08712902725236726,0.0933,0.0,0.0932
2003-05-31,0.023763619990995077,0.023763619990995077,0.023763619990995077,0.0707,0.047441666666666604,0.0707,0.047441666666666604,0.07039999999999999,0.0707,0.0464416666666666,0.0707,0.0464416666666666,0.047441666666666604,0.047441666666666604,0.047441666666666604,0.047441666666666604,0.0464416666666666,0.08424561559461152,0.0701,0.0701,0.05483568906869474,0.03327808010788349,0.06320230889640165,0.08524561559461152,0.0711,0.02476361999099508,0.0717
2003-06-30,-0.012641666666666662,-0.012641666666666662,-0.012641666666666662,-0.012641666666666662,-0.011641666666666661,-0.012641666666666662,-0.011641666666666661,-0.012641666666666662,-0.012641666666666662,-0.011641666666666661,-0.012641666666666662,-0.011641666666666661,-0.011641666666666661,-0.011641666666666661,-0.011641666666666661,-0.011641666666666661,-0.011641666666666661,0.005370979477730797,0.004370979477730797,0.004370979477730797,0.010652706325916084,0.006761623795549676,0.03453854158882344,0.005370979477730797,0.0289,0.044083186877563074,0.0597999999999999
2003-07-31,-0.0029638097909945307,-0.0029638097909945307,-0.0029638097909945307,0.06076951306942713,0.06076951306942713,0.06076951306942713,0.05538475653471356,0.05538475653471356,0.06076951306942713,0.06076951306942713,0.06076951306942713,0.05538475653471356,0.05538475653471356,0.05538475653471356,0.06076951306942713,0.06076951306942713,0.05538475653471356,0.06176951306942713,0.06176951306942713,0.06176951306942713,0.018026695236819767,0.011116017142091872,0.03310142581960812,0.06176951306942713,0.0215999999999999,-0.0019638097909945307,0.051
2003-08-31,0.04900024201506892,0.04900024201506892,0.04900024201506892,0.05000024201506892,0.05000024201506892,0.05000024201506892,0.05785012100753446,0.05785012100753446,0.05000024201506892,0.05000024201506892,0.05000024201506892,0.05785012100753446,0.05785012100753446,0.05785012100753446,0.05000024201506892,0.05000024201506892,0.05785012100753446,0.05000024201506892,0.05000024201506892,0.05000024201506892,0.02062605255544847,0.012695631533269046,0.03692506050376723,0.05000024201506892,0.032,0.0,0.0657
2003-09-30,-0.029050885588521314,-0.029050885588521314,-0.029050885588521314,-0.029050885588521314,-0.029050885588521314,-0.029050885588521314,-0.006075442794260658,-0.006075442794260658,-0.029050885588521314,-0.029050885588521314,-0.029050885588521314,-0.006075442794260658,-0.006075442794260658,-0.006075442794260658,-0.029050885588521314,-0.029050885588521314,-0.006075442794260658,-0.029050885588521314,-0.029050885588521314,-0.029050885588521314,-0.010906492017365377,-0.006217228543752551,0.02376113664925059,-0.029050885588521314,0.0417,0.06549543218552367,0.0169
2003-10-31,0.0738,0.0738,0.0738,0.0738,0.0738,0.0738,0.07996641785506088,0.07996641785506088,0.0738,0.0738,0.0738,0.07996641785506088,0.07996641785506088,0.07996641785506088,0.0738,0.0738,0.07996641785506088,0.08513283571012176,0.08513283571012176,0.08513283571012176,0.053526919141221097,0.03243281815139936,0.05966169461543442,0.08513283571012176,0.0584,0.02031394275161591,0.0748
2003-11-30,0.0121999999999999,0.0121999999999999,0.0121999999999999,0.0121999999999999,0.0121999999999999,0.0121999999999999,0.00894253409258634,0.00894253409258634,0.0121999999999999,0.0121999999999999,0.0121999999999999,0.00894253409258634,0.00894253409258634,0.00894253409258634,0.0121999999999999,0.0121999999999999,0.00894253409258634,-0.001,0.011199999999999901,0.011199999999999901,0.010920935448758051,0.006872561269254795,0.009596267046293145,0.005685068185172781,0.0204999999999999,0.0,0.0121999999999999
2003-12-31,0.0742,0.0742,0.0742,0.0742,0.0742,0.0742,0.05256432349118854,0.05256432349118854,0.0742,0.0742,0.0742,0.05256432349118854,0.05256432349118854,0.05256432349118854,0.0742,0.0742,0.05256432349118854,0.04046541693600503,0.0742,0.0742,0.05031341267922396,0.03049804760753436,0.05372351597959553,0.030928646982377073,0.0693,0.04046541693600503,0.0742
2004-01-31,0.0363,0.0363,0.0363,0.0363,0.0363,0.0363,0.029599999999999998,0.029599999999999998,0.0363,0.0363,0.0363,0.029599999999999998,0.029599999999999998,0.029599999999999998,0.0363,0.0363,0.029599999999999998,0.03255467196819084,0.0363,0.0363,0.019769949974267398,0.012178636651227136,0.027621376109842687,0.0167308324711799,0.0249,0.03255467196819084,0.0363
2004-02-29,0.0463,0.0463,0.0463,0.0463,0.0463,0.0463,0.015405853713157943,0.015405853713157943,0.0463,0.0463,0.0463,0.015405853713157943,0.015405853713157943,0.015405853713157943,0.0463,0.0463,0.015405853713157943,-0.04921780986762936,0.0463,0.0463,0.013570642983630421,0.008449052456844885,0.0020234743896716326,-0.013488292573684113,0.0245,-0.04921780986762936,0.0463
2004-03-31,0.0168,0.0168,0.0168,0.0168,0.0168,0.0168,0.0138,0.0138,0.0168,0.0168,0.0168,0.0138,0.0138,0.0138,0.0168,0.0168,0.0138,0.0,0.0168,0.0168,-0.013245983205885437,-0.007627589923531297,0.0024096632071007418,-0.019961347171597033,0.0128,0.0,0.0168
2004-04-30,-0.0686,-0.0686,-0.0686,-0.0686,-0.0686,-0.0686,-0.04795,-0.04795,-0.0686,-0.0686,-0.0686,-0.04795,-0.04795,-0.04795,-0.0686,-0.0686,-0.04795,0.06821921275787868,-0.0686,-0.0686,-0.018921097133463127,-0.011035991613411178,-0.014383904804247897,-0.029854831974870266,-0.0273,0.06821921275787868,-0.0686
2004-05-31,-0.0194999999999999,-0.0194999999999999,0.0010999999999999998,-0.0194999999999999,-0.0194999999999999,-0.0194999999999999,-0.008699999999999949,-0.008699999999999949,-0.0194999999999999,-0.0194999999999999,-0.0194999999999999,-0.008699999999999949,-0.008699999999999949,-0.008699999999999949,-0.0194999999999999,-0.0194999999999999,-0.008699999999999949,-0.09845971563981049,-0.03597268299104791,-0.0194999999999999,0.017123020092590258,0.010600478722220828,-0.016166658063840083,0.051193083384450055,0.0021,-0.09845971563981049,-0.0194999999999999
2004-06-30,0.0056999999999999,0.0056999999999999,0.0289,0.0056999999999999,0.0056999999999999,0.0056999999999999,0.017299999999999947,0.017299999999999947,0.0056999999999999,0.0056999999999999,0.0056999999999999,0.017299999999999947,0.017299999999999947,0.017299999999999947,0.0056999999999999,0.0056999999999999,0.017299999999999947,0.0,0.0046999999999999,0.0056999999999999,0.018501446053431403,0.011460867632058802,0.016789677123783136,0.03255870849513265,0.0289,0.0,0.0056999999999999
2004-07-31,-0.0182999999999999,-0.0182999999999999,-0.0344999999999999,-0.0182999999999999,-0.0182999999999999,-0.0182999999999999,-0.0263999999999999,-0.0263999999999999,-0.0182999999999999,-0.0182999999999999,-0.0182999999999999,-0.0263999999999999,-0.0263999999999999,-0.0263999999999999,-0.0182999999999999,-0.0182999999999999,-0.0263999999999999,0.036929951373373626,-0.0182999999999999,-0.0182999999999999,-0.032218763123961325,-0.018887924541043488,-0.022846809859444303,-0.07551719081115105,-0.0344999999999999,0.036929951373373626,-0.0182999999999999
2004-08-31,0.0034359949302914536,0.0034359949302914536,0.0081999999999999,0.0414,0.0414,0.00020833333333325574,0.02479999999999995,0.00020833333333325574,0.0414,0.0414,0.03420000000000012,0.02479999999999995,0.02479999999999995,0.02479999999999995,0.0414,0.0414,0.02479999999999995,0.004435994930291454,0.012614776087874945,0.03420000000000012,0.0024359513763501095,0.001944904159143368,0.007275215654267956,-0.024935132313219532,0.0081999999999999,0.004435994930291454,0.0414
2004-09-30,0.026099999999999998,0.026099999999999998,0.0271,0.026099999999999998,0.026099999999999998,0.0013250000000000206,0.0433,0.0013250000000000206,0.026099999999999998,0.026099999999999998,0.0025916666666665478,0.0433,0.0433,0.0433,0.026099999999999998,0.0003250000000000206,0.0433,0.03192054181098769,0.026099999999999998,0.026099999999999998,0.010037383918582332,0.006552430351149407,0.037324930405428336,0.03292054181098769,0.0271,0.029779179810725642,0.0595
2004-10-31,0.0383,0.0383,0.0383,0.0383,0.0383,0.0373,0.04319322832630812,0.010099999999999887,0.0383,0.0383,0.0373,0.04319322832630812,0.04319322832630812,0.04319322832630812,0.0383,0.0373,0.04319322832630812,0.05008645665261624,0.0280999999999999,0.0280999999999999,0.012884560018725955,0.008300736011235576,0.029371614163154036,0.05008645665261624,0.0383,0.0,0.0290999999999999
2004-11-30,0.0625,0.0625,0.0625,0.0625,0.0625,0.0625,0.0731,0.0731,0.0625,0.0625,0.0625,0.0731,0.0731,0.0731,0.0625,0.0625,0.0731,0.0437249111628476,0.0857,0.0857,0.044517629391495284,0.027347244301563833,0.06327181937095214,0.06016236632096095,0.0625,0.0447249111628476,0.0857
2004-12-31,0.0548,0.0548,0.0428,0.0548,0.0548,0.0548,0.0493,0.0493,0.0548,0.0548,0.0548,0.0493,0.0493,0.0493,0.0548,0.0548,0.0493,-0.029255313077842793,0.0558,0.0558,0.030120888853427674,0.018815866645389923,0.02489199056995722,0.030223275357671664,0.0428,-0.029255313077842793,0.0558
2005-01-31,0.0083,0.0083,0.0073,0.0083,0.0083,0.0083,-0.0014999999999999996,-0.0014999999999999996,0.0083,0.0083,0.0083,-0.0014999999999999996,-0.0014999999999999996,-0.0014999999999999996,0.0083,0.0083,-0.0014999999999999996,-0.03607301470043256,0.0083,0.0083,-0.02242058796291535,-0.012712352777749247,-0.02554979961549933,-0.06312618376156476,-0.0113,-0.03607301470043256,0.0083
2005-02-28,0.0861,0.0861,0.0861,0.0861,0.0861,0.0861,0.0635,0.0635,0.0861,0.0861,0.0861,0.0635,0.0635,0.0635,0.0861,0.0861,0.0635,0.031027890116483103,0.0861,0.0861,0.020903978211083807,0.013379053593316925,0.03830388415184799,-0.0048123535090911496,0.0409,0.031027890116483103,0.0861
2005-03-31,-0.0586,-0.0586,-0.0202,-0.0586,-0.0586,-0.0586,-0.0389,-0.0389,-0.0586,-0.0586,-0.0586,-0.0389,-0.0389,-0.0389,-0.0586,-0.0586,-0.0389,-0.01631056982272061,-0.0586,-0.0586,-0.01829278294393233,-0.01005566976635941,-0.027893725332087147,-0.017464331505627984,-0.0192,-0.01631056982272061,-0.0586
2005-04-30,-0.0247,-0.0247,-0.0237,-0.0247,-0.0247,-0.0247,-0.02475,-0.02475,-0.0247,-0.0247,-0.0247,-0.02475,-0.02475,-0.02475,-0.0247,-0.0247,-0.02475,0.012377365321675438,0.013367455107225108,-0.0258,-0.0187358998592958,-0.010311539915577516,-0.02015014061891907,-0.04347792779735171,-0.0237,0.012377365321675438,-0.0258
2005-05-31,0.0326,0.0326,0.0326,0.0326,0.0326,0.0326,0.0156,0.0156,0.0326,0.0326,0.0326,0.0156,0.0156,0.0156,0.0326,0.0326,0.0156,-0.03921561725675815,-0.005146872418919349,0.0336,0.03222512694711588,0.02030174283493622,0.020151593342575297,0.08862199062705933,-0.0024,-0.03921561725675815,0.0336
2005-06-30,0.037,0.037,0.037,0.037,0.037,0.037,0.028999999999999998,0.028999999999999998,0.037,0.037,0.037,0.028999999999999998,0.028999999999999998,0.028999999999999998,0.037,0.037,0.028999999999999998,-0.03424624739860438,0.036,0.037,0.0015147941755739858,0.001905543172011015,0.01693271807383144,-0.03324624739860438,0.021,0.042977119693930144,0.037
2005-07-31,0.0669,0.0669,0.0669,0.0669,0.0669,0.0669,0.05055,0.05055,0.0669,0.0669,0.0669,0.05055,0.05055,0.05055,0.0669,0.0669,0.05055,0.07612889494622466,0.0669,0.0669,0.038261715169040755,0.024000362434757783,0.040739089807659404,0.07612889494622466,0.0342,-0.014272535715587065,0.0669
2005-08-31,0.0101,0.0101,0.0101,0.0101,0.0101,0.0101,0.02235,0.02235,0.0101,0.0101,0.0101,0.02235,0.02235,0.02235,0.0101,0.0101,0.02235,-0.015159457561993328,0.0101,0.0101,-0.00937424022965938,-0.00448454413779562,0.01077141442307201,-0.015159457561993328,0.0346,0.01354511525428137,0.0101
2005-09-30,0.087,0.087,0.0368,0.087,0.087,0.087,0.0624,0.0624,0.087,0.087,0.087,0.0624,0.0624,0.0624,0.087,0.087,0.0624,0.07503684610685546,0.087,0.087,0.008024975374921528,0.005988318558286209,0.05328781830578371,0.012314427116279392,0.0378,0.07603684610685546,0.087
2005-10-31,-0.0582,-0.0582,-0.0592,-0.0582,-0.0582,-0.0582,-0.0442,-0.0442,-0.0582,-0.0582,-0.0582,-0.0442,-0.0442,-0.0442,-0.0582,-0.0582,-0.0442,-0.006423966427397176,-0.0582,-0.0582,-0.023651228532678314,-0.013007403786273629,-0.027443968897760566,-0.014951909163645083,-0.0302,-0.006423966427397176,-0.0582
2005-11-30,0.0783,0.0783,0.0783,0.0783,0.0783,0.0783,0.06863606968303745,0.06863606968303745,0.0783,0.0783,0.0783,0.06863606968303745,0.06863606968303745,0.06863606968303745,0.0783,0.0783,0.06863606968303745,0.05818958748818792,0.02303819582939596,0.0783,0.043952755952367584,0.0276983202380872,0.055565431713565705,0.06097213936607493,0.0248,0.05818958748818792,0.0783
2005-12-31,0.0626,0.0626,0.0626,0.0626,0.0626,0.0626,0.05745,0.05745,0.0626,0.0626,0.0626,0.05745,0.05745,0.05745,0.0626,0.0626,0.05745,-0.018762122428662154,0.0616,0.0626,-0.0019135603337513407,0.0001685304664158728,0.03741177811994534,-0.017762122428662153,0.0543,0.0505092349084435,0.0626
2006-01-31,0.1027999999999999,0.1027999999999999,0.0598999999999999,0.1027999999999999,0.1027999999999999,0.1027999999999999,0.0818499999999999,0.0818499999999999,0.1027999999999999,0.1027999999999999,0.1027999999999999,0.0818499999999999,0.0818499999999999,0.0818499999999999,0.1027999999999999,0.1027999999999999,0.0818499999999999,0.03934661691441077,0.1027999999999999,0.1027999999999999,0.024014398359062605,0.01576863901543759,0.07557746825597912,0.03934661691441077,0.0608999999999999,0.09926325610950593,0.1027999999999999
2006-02-28,0.005,0.005,-0.01211112979961404,0.005,0.005,0.005,0.0016,0.0016,0.005,0.005,0.005,0.0016,0.0016,0.0016,0.005,0.005,0.0016,-0.021428200657444108,0.005,0.005,0.005725034680741592,0.004925020808444947,-0.007334832614264535,-0.021428200657444108,-0.0018,-0.011111129799614039,0.005
2006-03-31,0.0110999999999999,0.0110999999999999,0.03620472249590989,0.0110999999999999,0.0110999999999999,0.0110999999999999,0.015004570553894377,0.015004570553894377,0.0110999999999999,0.0110999999999999,0.0110999999999999,0.015004570553894377,0.015004570553894377,0.015004570553894377,0.0110999999999999,0.0110999999999999,0.015004570553894377,0.03520472249590989,0.0110999999999999,0.0110999999999999,0.016504252719371504,0.011442551631622866,0.026153465900924662,0.020909141107788853,0.0364,0.03620472249590989,0.0110999999999999
2006-04-30,0.0757,0.0757,0.0484,0.0757,0.0757,0.0757,0.061549999999999994,0.061549999999999994,0.0757,0.0757,0.0757,0.061549999999999994,0.061549999999999994,0.061549999999999994,0.0757,0.0757,0.061549999999999994,0.12030977706278301,0.0757,0.0757,0.012631820670442773,0.009122425735598983,0.06087563721675579,-0.0019072281957598358,0.0494,0.12030977706278301,0.0757
2006-05-31,-0.0988,-0.0988,-0.0998,-0.0988,-0.0988,-0.0988,-0.0706,-0.0706,-0.0988,-0.0988,-0.0988,-0.0706,-0.0706,-0.0706,-0.0988,-0.0988,-0.0706,-0.013212367941959902,-0.0988,-0.0988,-0.0301209940879249,-0.016482596452754916,-0.05670344474967348,-0.07240141105673403,-0.0424,-0.013212367941959902,-0.0988
2006-06-30,-0.047707203143457666,-0.047707203143457666,-0.047707203143457666,-0.0104,-0.0104,-0.0104,-0.00715,-0.00715,-0.0104,-0.0104,-0.0104,-0.00715,-0.00715,-0.00715,-0.0104,-0.0104,-0.00715,-0.0016157178011445552,-0.014646845492263656,0.003050000000000109,0.0026081581513643926,0.003184894890818679,-0.015405730236150555,-0.0006157178011445552,-0.0039,-0.046707203143457665,-0.0104
2006-07-31,0.011699999999999999,0.011699999999999999,0.0049,0.0127,0.0127,0.0127,0.0093,0.0093,0.0127,0.0127,0.0127,0.0093,0.0093,0.0093,0.0127,0.0127,0.0093,0.030520501708389935,0.011699999999999999,0.011699999999999999,0.004478368417521583,0.004357021050512966,0.001761514897612961,-0.043074442117938094,0.0059,0.031520501708389936,0.0127
2006-08-31,-0.014774523970655373,-0.014774523970655373,-0.014774523970655373,0.0302,0.0302,0.024408333333333254,0.0295,0.024408333333333254,0.0302,0.0302,0.024408333333333254,0.0295,0.0295,0.0295,0.0302,0.024408333333333254,0.0295,0.046709059180027324,0.0302,0.0302,0.02182259138004916,0.01479355482802953,0.023233633802342987,0.047709059180027324,0.0288,-0.013774523970655372,0.0302
2006-09-30,-0.04527210873938614,-0.04527210873938614,-0.04527210873938614,0.0106,0.0106,0.009600000000000001,0.00544999999999995,0.00444999999999995,0.0106,0.0106,0.009600000000000001,0.00544999999999995,0.00544999999999995,0.00544999999999995,0.0106,0.009600000000000001,0.00544999999999995,0.04639473498454261,0.0106,0.0106,0.027001251251166813,0.017884084084033438,0.003005656561289091,0.04639473498454261,0.0002999999999999,-0.04527210873938614,0.0106
2006-10-31,0.012947712156690105,0.012947712156690105,0.012947712156690105,0.0377,0.0377,0.0377,0.04265,0.04265,0.0377,0.0377,0.0377,0.04265,0.04265,0.04265,0.0377,0.0377,0.04265,0.04747903436547629,0.0466,0.0466,0.03151657654656903,0.02053994592794144,0.036431686630541596,0.04747903436547629,0.0387,0.012947712156690105,0.0466
2006-11-30,0.06889106234313203,0.06889106234313203,0.030199999999999998,0.0754,0.0754,0.015591666666666781,0.0538,0.015591666666666781,0.0754,0.0754,0.015591666666666781,0.0538,0.0538,0.0538,0.0754,0.015591666666666781,0.0538,0.0342880527330649,0.0764,0.0764,0.019885574750271973,0.013624678183496507,0.05269477876904923,0.0342880527330649,0.0312,0.06889106234313203,0.0764
2006-12-31,0.0453,0.0453,0.0306,0.0463,0.0463,0.0453,0.03845,0.03745,0.0463,0.0463,0.0453,0.03845,0.03845,0.03845,0.0463,0.0453,0.03845,-0.018787355264013095,0.0463,0.0463,0.013371146680838386,0.009699354675169669,0.009946703207754377,-0.018787355264013095,0.0306,-0.018325831904969392,0.0463
2007-01-31,-0.0073,-0.0073,0.0105,-0.0073,-0.0073,-0.0073,0.0016000000000000003,0.0016000000000000003,-0.0073,-0.0073,-0.0073,0.0016000000000000003,0.0016000000000000003,0.0016000000000000003,-0.0073,-0.0073,0.0016000000000000003,0.02462890001654794,-0.0073,-0.0073,0.015040359539566506,0.010697549057073274,0.01247828206958066,0.021084228261774696,0.0105,0.02562890001654794,-0.0073
2007-02-28,0.008299999999999998,0.008299999999999998,0.0093,0.008299999999999998,0.008299999999999998,0.008299999999999998,-0.004745753148577934,-0.004745753148577934,0.008299999999999998,0.008299999999999998,0.008299999999999998,-0.004745753148577934,-0.004745753148577934,-0.004745753148577934,0.008299999999999998,0.008299999999999998,-0.004745753148577934,0.025451202827030173,0.0023,0.0023,-0.019617308394278554,-0.010063718369900476,0.005064924132468576,-0.016791506297155867,0.0093,0.025451202827030173,0.0023
2007-03-31,0.0422,0.0422,0.0292,0.0422,0.0422,0.0422,0.0352,0.0352,0.0422,0.0422,0.0422,0.0352,0.0352,0.0352,0.0422,0.0422,0.0352,-0.011131249335096238,0.0282,0.0282,0.011589256464026754,0.00867355387841604,0.016629351653527105,0.00524865594920465,0.0292,-0.011131249335096238,0.0432
2007-04-30,0.0503,0.0503,0.0419,0.0503,0.0503,0.0503,0.0461,0.0461,0.0503,0.0503,0.0503,0.0461,0.0461,0.0461,0.0503,0.0503,0.0461,0.02053542010936238,0.0493,0.0493,0.0442957584654351,0.028257455079261053,0.042139772934644035,0.055823671629213756,0.0419,0.02053542010936238,0.0503
2007-05-31,0.0558,0.0558,0.0233,0.0558,0.0558,0.0558,0.03955,0.03955,0.0558,0.0558,0.0558,0.03955,0.03955,0.03955,0.0558,0.0558,0.03955,-0.023103227112383773,0.0558,0.0558,0.03391979443232729,0.021988543326063013,0.02188644035187086,0.031548988519867205,0.0233,-0.023103227112383773,0.0558
2007-06-30,0.0468,0.0468,0.004,0.0468,0.0468,0.0468,0.0254,0.0254,0.0468,0.0468,0.0468,0.0254,0.0254,0.0254,0.0468,0.0468,0.0254,0.003792352512725362,0.0468,0.0468,-0.01462084684159215,-0.007195841438288596,0.00905370204822915,0.004792352512725362,0.004,-0.01937754431980876,0.0468
2007-07-31,0.0596,0.0596,-0.0100999999999999,0.0596,0.0596,0.0596,0.02475000000000005,0.02475000000000005,0.0596,0.0596,0.0596,0.02475000000000005,0.02475000000000005,0.02475000000000005,0.0596,0.0596,0.02475000000000005,-0.0014700595535279692,0.0596,0.0596,-0.03131044170941488,-0.017179598358982303,0.01792005844230654,-0.0014700595535279692,-0.0100999999999999,0.023650293322754035,0.0596
2007-08-31,-0.0297,-0.0297,-0.0307,-0.0297,-0.0297,-0.0297,-0.025750000000000002,-0.025750000000000002,-0.0297,-0.0297,-0.0297,-0.025750000000000002,-0.025750000000000002,-0.025750000000000002,-0.0297,-0.0297,-0.025750000000000002,0.028192594756338396,0.012204170934693798,-0.0297,0.012832779759966773,0.009353001189313393,-0.0030528897765617373,0.028192594756338396,-0.0218,0.011095846137414656,-0.0297
2007-09-30,0.0925,0.0925,0.0925,0.0925,0.0925,0.0925,0.07151052245866472,0.07151052245866472,0.0925,0.0925,0.0925,0.07151052245866472,0.07151052245866472,0.07151052245866472,0.0925,0.0925,0.07151052245866472,0.05252104491732945,0.03598542215832275,0.0925,0.03871481169739699,0.024565553685104824,0.07655057784807442,0.05252104491732945,0.0561,0.1050812664749683,0.0925
2007-10-31,0.0988,0.0988,0.0988,0.0988,0.0988,0.0988,0.0715,0.0715,0.0988,0.0988,0.0988,0.0715,0.0715,0.0715,0.0988,0.0988,0.0715,0.0704147418742862,0.0978,0.0988,0.013566022499847952,0.009412946833242097,0.07123227498650403,0.0704147418742862,0.0462,0.0695143580717299,0.0988
2007-11-30,-0.0673,-0.0673,-0.0673,-0.0673,-0.0673,-0.0673,-0.068449836263182,-0.068449836263182,-0.0673,-0.0673,-0.0673,-0.068449836263182,-0.068449836263182,-0.068449836263182,-0.0673,-0.0673,-0.068449836263182,-0.017535271004099906,-0.0673,-0.0673,-0.03873213987551094,-0.02192595059197324,-0.04853373588261598,-0.06759967252636401,-0.0427,-0.016535271004099905,-0.0673
2007-12-31,0.0126,0.0126,0.0126,0.0126,0.0126,0.0126,0.005943448147476577,0.005943448147476577,0.0126,0.0126,0.0126,0.005943448147476577,0.005943448147476577,0.005943448147476577,0.0126,0.0126,0.005943448147476577,0.06647697115798756,0.021153434830440333,0.0016250000000000995,-0.011260672482182876,-0.005706403489309686,0.015140966863235204,-0.000713103705046847,-0.0177999999999999,0.06647697115798756,0.0126
2008-01-31,-0.1217999999999999,-0.1217999999999999,0.10741623260567879,-0.1217999999999999,-0.1217999999999999,-0.1217999999999999,-0.12034964103085105,-0.12034964103085105,-0.1217999999999999,-0.1217999999999999,-0.1217999999999999,-0.12034964103085105,-0.12034964103085105,-0.12034964103085105,-0.1217999999999999,-0.1217999999999999,-0.12034964103085105,0.10841623260567879,0.048677633090781804,-0.1227999999999999,-0.06046100145479616,-0.035156600872877725,-0.05474576236400583,-0.1188992820617022,-0.0867,0.10841623260567879,-0.1217999999999999
2008-02-29,0.05129757876911489,0.05129757876911489,0.052297578769114894,0.0697,0.0697,0.013958333333333406,0.010697660901794533,0.013958333333333406,0.0697,0.0697,0.05129757876911489,0.010697660901794533,0.010697660901794533,0.010697660901794533,0.0697,0.013958333333333406,0.010697660901794533,0.013958333333333406,0.022963081811927223,0.013958333333333406,-0.02584273132342485,-0.01485230546072156,0.023948225143175964,-0.04830467819641093,0.0220999999999999,0.052297578769114894,0.0697
2008-03-31,-0.0484,-0.0484,-0.059991647169457374,-0.0474,-0.0474,-0.0484,-0.03155,0.009741666666666537,-0.0474,-0.0474,-0.0484,-0.03155,0.008741666666666537,-0.03155,-0.0474,-0.0484,-0.03155,-0.060991647169457375,-0.016236104612041353,0.009741666666666537,-0.00894239169116362,-0.004748768348031463,-0.025592103180040394,0.0187232344492958,-0.0137,-0.059991647169457374,-0.0474
2008-04-30,-0.0425883418198143,-0.0425883418198143,-0.0415883418198143,0.0717,0.0717,-0.02532499999999993,0.07476317634554192,-0.02432499999999993,0.0717,0.0717,-0.02532499999999993,0.07476317634554192,-0.02432499999999993,0.07476317634554192,0.0717,-0.02532499999999993,0.07476317634554192,-0.02532499999999993,-0.021587780606604746,-0.02432499999999993,0.04766240695252044,0.029057444171512258,0.040884502717817364,0.07982635269108385,0.0535999999999999,-0.0415883418198143,0.0717
2008-05-31,0.009232491728512704,0.009232491728512704,0.009232491728512704,0.02,0.02,-0.02150833333333335,0.039654668694824584,-0.02150833333333335,0.02,0.02,0.00019166666666670194,0.039654668694824584,-0.02150833333333335,0.039654668694824584,0.02,-0.02150833333333335,0.039654668694824584,0.008232491728512703,0.019,0.019,0.015116810279100834,0.009546752834127181,0.026985457279540468,0.059309337389649164,0.0194,0.009232491728512704,0.02
2008-06-30,0.0451687217321981,0.0451687217321981,0.0451687217321981,-0.0943,-0.0943,0.009333333333333194,0.008333333333333193,0.009333333333333194,-0.0943,-0.0943,0.001575000000000104,0.0005750000000001041,0.009333333333333194,0.008333333333333193,-0.0943,-0.0953,0.018794901676517574,0.0451687217321981,-0.0943,-0.0943,-0.08357616669561341,-0.049515700017368006,-0.055670484369758445,-0.09615065921123189,-0.0774,0.0451687217321981,-0.0943
2008-07-31,0.0023250000000000224,0.0023250000000000224,0.0023250000000000224,0.0023250000000000224,0.0023250000000000224,0.0033250000000000224,0.0033250000000000224,0.0033250000000000224,-0.015442009549097135,-0.015442009549097135,-0.015442009549097135,-0.015442009549097135,0.0033250000000000224,0.0033250000000000224,0.0023250000000000224,0.0023250000000000224,-0.005225221915145659,-0.014442009549097135,-0.0041778920719212805,0.0023250000000000224,-0.008985693064244571,-0.004758082505213435,-0.021955475959512614,0.006420105711046675,-0.0392,-0.014442009549097135,-0.0406
2008-08-31,-0.09391743535130015,-0.09391743535130015,-0.09391743535130015,0.013518471098669216,0.01692500000000008,0.013518471098669216,0.01692500000000008,0.01692500000000008,0.013518471098669216,-0.09291743535130015,0.013518471098669216,-0.09291743535130015,0.01692500000000008,0.01692500000000008,0.01692500000000008,0.01692500000000008,-0.0025134757278006273,0.015925000000000078,-0.0248641451171,0.01692500000000008,0.015453562007284871,0.00983213720437095,-0.05082474106315771,0.014518471098669217,-0.0445,-0.09291743535130015,-0.0803999999999999
2008-09-30,-0.15676252652626677,0.0004916666666666689,-0.15676252652626677,-0.15576252652626676,0.001491666666666669,-0.15576252652626676,0.001491666666666669,0.001491666666666669,-0.15576252652626676,0.0004916666666666689,-0.15576252652626676,0.0004916666666666689,0.001491666666666669,0.001491666666666669,0.001491666666666669,0.001491666666666669,0.0004333333333333975,0.001491666666666669,0.014682015249047517,0.001491666666666669,-0.09417344084176216,-0.05593073117172394,-0.10916037019478106,-0.15576252652626676,-0.1427999999999999,0.04112104574714248,-0.1792
2008-10-31,-0.0113916666666668,-0.010391666666666799,-0.0113916666666668,-0.0113916666666668,-0.010391666666666799,-0.0113916666666668,-0.010391666666666799,-0.010391666666666799,-0.0113916666666668,-0.010391666666666799,-0.0113916666666668,-0.010391666666666799,-0.010391666666666799,-0.010391666666666799,-0.010391666666666799,-0.010391666666666799,0.0007666666666665822,-0.010391666666666799,-0.0570071790140979,-0.010391666666666799,-0.16518650766991483,-0.09880523793528226,-0.1996781196350565,-0.15471594149793255,-0.2103,-0.1613965370422935,-0.2723
2008-11-30,-0.0006166666666665979,-0.0006166666666665979,-0.0006166666666665979,-0.0006166666666665979,-0.0006166666666665979,-0.0006166666666665979,-0.0006166666666665979,-0.0006166666666665979,-0.0006166666666665979,-0.0006166666666665979,-0.0006166666666665979,-0.0006166666666665979,-0.0006166666666665979,-0.0006166666666665979,-0.0006166666666665979,-0.0006166666666665979,0.00038333333333340214,0.09514166666666668,0.07375364536567552,0.09514166666666668,-0.06960702149930154,-0.04161087956624756,-0.03029710318988233,-0.11462434885655581,-0.0542,0.1257359360970265,-0.0781
2008-12-31,0.05924166666666675,0.05924166666666675,0.05924166666666675,0.05924166666666675,0.05924166666666675,0.05924166666666675,0.05924166666666675,0.05924166666666675,0.05924166666666675,0.05924166666666675,0.05924166666666675,0.05924166666666675,0.05924166666666675,0.05924166666666675,0.05924166666666675,0.05924166666666675,0.05924166666666675,0.06024166666666675,0.04585845172147625,0.06024166666666675,0.009796583368397727,0.005881283354371991,0.060174735031158263,0.02277358496020443,0.0665,0.07732535516442862,0.0741
2009-01-31,-0.0508249999999999,-0.0508249999999999,-0.0508249999999999,-0.0508249999999999,-0.0508249999999999,-0.0508249999999999,-0.0508249999999999,-0.0508249999999999,-0.0508249999999999,-0.0508249999999999,-0.0508249999999999,-0.0508249999999999,-0.0508249999999999,-0.0508249999999999,-0.0508249999999999,-0.0508249999999999,-0.0508249999999999,-0.0508249999999999,0.0015432004213941433,-0.0508249999999999,-0.08211421739450442,-0.04923186377003601,-0.030450544833644875,-0.022865113932095227,-0.0902,0.055362934597515734,-0.0641
2009-02-28,-0.000800000000000022,-0.000800000000000022,-0.000800000000000022,-0.000800000000000022,-0.000800000000000022,-0.000800000000000022,-0.000800000000000022,-0.000800000000000022,0.013456244990885602,0.013456244990885602,0.013456244990885602,0.013456244990885602,-0.000800000000000022,-0.000800000000000022,-0.000800000000000022,-0.000800000000000022,-0.010358333333333247,-0.010358333333333247,0.0014326372191841106,-0.010358333333333247,-0.10744880544458901,-0.0643892832667534,-0.047048348687394215,-0.05264963974046255,-0.0993999999999999,0.014456244990885603,-0.0506
2009-03-31,0.00021666666666675383,0.00021666666666675383,0.00021666666666675383,0.00021666666666675383,0.00021666666666675383,0.00021666666666675383,0.00021666666666675383,0.00021666666666675383,-0.025369734900152596,-0.025369734900152596,-0.025369734900152596,-0.025369734900152596,0.00021666666666675383,0.00021666666666675383,0.00021666666666675383,0.00021666666666675383,0.028866666666666596,0.028866666666666596,0.0012378661443935846,0.028866666666666596,0.08331048439467015,0.050072957303468786,0.06902390344547102,0.10316534868203675,0.0608999999999999,-0.025369734900152596,0.1374
2009-04-30,0.00017500000000003624,0.00017500000000003624,0.00017500000000003624,0.00017500000000003624,0.00017500000000003624,0.00017500000000003624,0.00017500000000003624,0.00017500000000003624,-0.03334074188003566,-0.03334074188003566,-0.03334074188003566,-0.03334074188003566,0.00017500000000003624,0.00017500000000003624,0.00017500000000003624,0.00017500000000003624,-0.035991666666666644,-0.035991666666666644,-0.02305246951556742,0.12960681537955943,0.0993460375023476,0.059677622501408574,0.09776651837488094,0.13060681537955943,0.1239,-0.03334074188003566,0.1699
2009-05-31,-0.02471666666666661,-0.02471666666666661,-0.02471666666666661,-0.02471666666666661,-0.02471666666666661,-0.02471666666666661,-0.02471666666666661,-0.02471666666666661,-0.0008833333333332352,-0.0008833333333332352,-0.0008833333333332352,-0.0008833333333332352,-0.02471666666666661,-0.02471666666666661,-0.02471666666666661,-0.02471666666666661,0.0034798272522553082,-0.023716666666666608,0.03108878266757864,0.03208878266757864,0.05845332244834345,0.035118660135672775,0.1127037261145794,0.03208878266757864,0.1366,0.10232612179073897,0.1798
2009-06-30,-0.0022083333333333677,-0.0022083333333333677,-0.0022083333333333677,-0.0022083333333333677,-0.0022083333333333677,-0.0022083333333333677,-0.0022083333333333677,-0.0022083333333333677,-0.05318291894299432,-0.05318291894299432,-0.05318291894299432,-0.05318291894299432,-0.0022083333333333677,-0.0022083333333333677,-0.0022083333333333677,-0.0022083333333333677,0.0008912789132890092,0.02852934823541553,0.02952934823541553,0.02952934823541553,-0.0006547882202320165,-0.00034620626547250395,-0.01106339267689467,0.02952934823541553,-0.0076,-0.052182918942994316,-0.0139999999999999
2009-07-31,0.0037916666666666377,0.0037916666666666377,0.0037916666666666377,0.0037916666666666377,0.0037916666666666377,0.0037916666666666377,0.0037916666666666377,0.0037916666666666377,-0.0008416666666667396,-0.0008416666666667396,-0.0008416666666667396,-0.0008416666666667396,0.0037916666666666377,0.0037916666666666377,0.0037916666666666377,0.0037916666666666377,0.006785367878703204,0.08438701782214086,0.08438701782214086,0.08438701782214086,0.0746058167433501,0.04482682337934336,0.07794651910151684,0.08438701782214086,0.0926,0.023799058583926502,0.111
2009-08-31,-0.0007000000000000001,-0.0008499999999999055,0.013702234929362178,-0.0007000000000000001,-0.0008499999999999055,-0.0007000000000000001,-0.0008499999999999055,0.0065011174646810894,-0.0007000000000000001,-0.00046434866014843836,-0.0007000000000000001,-0.00046434866014843836,-0.0008499999999999055,-0.0008499999999999055,-0.0008499999999999055,-0.0008499999999999055,0.0007734533777929891,0.014702234929362179,0.014702234929362179,0.014702234929362179,0.036939336872208184,0.02222360212332495,0.014409471567303435,0.014702234929362179,0.0421,0.0005356513398515617,0.0003
2009-09-30,0.0941,0.00012499999999993072,0.0931,0.0941,0.00012499999999993072,0.0941,0.00012499999999993072,0.06929999999999994,0.0941,0.009483333333333399,0.0941,0.009483333333333399,0.00012499999999993072,0.00012499999999993072,0.00012499999999993072,0.00012499999999993072,0.01939755390006718,0.05647956812613786,0.0931,0.0931,0.0354572286608954,0.021324337196537212,0.06385767805724486,0.05647956812613786,0.0464999999999999,0.0583511441028417,0.0941
2009-10-31,-0.0025,-0.0035,-0.0025,-0.0025,-0.0035,-0.0025,-0.017516150767829447,-0.017516150767829447,-0.0025,-0.0035,-0.0025,-0.017516150767829447,-0.017516150767829447,-0.017516150767829447,-0.0035,-0.0035,-0.017516150767829447,-0.03053230153565889,-0.0025,-0.0025,-0.019224917695517263,-0.011488283950643653,-0.0035260436136026643,-0.03053230153565889,-0.0183,0.03722812708124823,-0.0025
2009-11-30,0.0419,0.0419,0.0419,0.0419,0.0419,0.0419,0.031549999999999995,0.031549999999999995,0.0419,0.0419,0.0419,0.031549999999999995,0.031549999999999995,0.031549999999999995,0.0419,0.0419,0.031549999999999995,0.06347636285696945,0.0419,0.0419,0.06160650945242585,0.03698057233812219,0.06411034636243508,0.06347636285696945,0.0232,0.12786502259277088,0.0419
2009-12-31,0.0464,0.0464,0.05102796433019152,0.0464,0.0464,0.0464,0.04821398216509576,0.04821398216509576,0.0464,0.0464,0.0464,0.04821398216509576,0.04821398216509576,0.04821398216509576,0.0464,0.0464,0.04821398216509576,0.05202796433019152,0.0464,0.0464,0.01910098231459778,0.01148058938875871,0.00969851245270379,0.05202796433019152,0.0124,-0.07203391451937635,0.0464
2010-01-31,-0.0455,-0.0455,-0.06469941907740007,-0.0455,-0.0455,-0.0455,-0.05509970953870003,-0.05509970953870003,-0.0455,-0.0455,-0.0455,-0.05509970953870003,-0.05509970953870003,-0.05509970953870003,-0.0455,-0.0455,-0.05509970953870003,-0.013580360682460935,-0.0455,-0.0455,-0.036342472318115604,-0.02178548339086932,-0.04071994493996525,-0.06469941907740007,-0.0401,-0.012580360682460934,-0.0455
2010-02-28,0.0066,0.0066,0.0056,0.0066,0.0066,0.0066,0.0011999999999999997,0.0011999999999999997,0.0066,0.0066,0.0066,0.0011999999999999997,0.0011999999999999997,0.0037250000000000902,0.0066,0.0066,0.0011999999999999997,0.045039206968418566,0.0066,0.0066,0.03119471884485825,0.018743497973581612,0.020796856410576277,0.04603920696841857,-0.0022,0.03274821867388655,0.0066
2010-03-31,0.0812,0.0812,0.0761088607998085,0.0812,0.0812,0.0812,0.07815443039990425,0.07815443039990425,0.0812,0.0812,0.0812,0.07815443039990425,0.07815443039990425,0.07815443039990425,0.0812,0.0812,0.07815443039990425,0.0771088607998085,0.0812,0.0812,0.060879658819860794,0.036571128625249825,0.0543056161055654,0.0771088607998085,0.0633,-0.004386396377546897,0.0812
2010-04-30,0.0152,0.0152,0.022425363776640506,0.0152,0.0152,0.0152,0.018812681888320252,0.018812681888320252,0.0152,0.0152,0.0152,0.018812681888320252,0.018812681888320252,0.018812681888320252,0.0152,0.0152,0.018812681888320252,0.022425363776640506,0.0152,0.0152,0.015469981808211353,0.009335322418260138,0.02248993167765619,0.022425363776640506,-0.0065,0.05883436293398425,0.0152
2010-05-31,-0.0887,-0.0887,-0.0897,-0.0887,-0.0887,-0.0887,-0.08131195978408101,-0.08131195978408101,-0.0887,-0.0887,-0.0887,-0.08131195978408101,-0.08131195978408101,-0.08131195978408101,-0.0887,-0.0887,-0.08131195978408101,0.029513146883171415,-0.0887,-0.0887,-0.07945471803707682,-0.04761949748891276,-0.05977769317124765,-0.07392391956816202,-0.107,0.030513146883171416,-0.0887
2010-06-30,-0.060756908015693334,-0.060756908015693334,-0.060756908015693334,-0.060756908015693334,-0.060756908015693334,-0.060756908015693334,-0.030978454007846667,-0.030978454007846667,-0.060756908015693334,-0.060756908015693334,-0.060756908015693334,-0.030978454007846667,-0.030978454007846667,-0.030978454007846667,-0.060756908015693334,-0.060756908015693334,-0.030978454007846667,0.030658333333333343,0.017448285245014367,0.030658333333333343,-0.05174092581284162,-0.030991222154371643,-0.012625929736829222,-0.05975690801569333,-0.0121,0.023553189068376446,-0.0022
2010-07-31,0.0805,0.0805,0.0805,0.0805,0.0805,-0.0008499999999999055,0.07704136835268355,-0.0008499999999999055,0.0805,0.0805,-0.05187115734616721,0.07704136835268355,0.07704136835268355,-0.0008499999999999055,-0.0008499999999999055,0.0805,0.07704136835268355,0.005025000000000057,-0.015232052448722349,0.005025000000000057,0.06830111331114108,0.04104066798668469,0.048927894839799965,0.07258273670536708,0.0925,-0.050871157346167206,0.0815
2010-08-31,-0.052298872213865755,-0.052298872213865755,-0.0144,-0.052298872213865755,-0.052298872213865755,-0.052298872213865755,-0.032849436106932875,-0.033849436106932876,-0.052298872213865755,-0.052298872213865755,-0.052298872213865755,-0.032849436106932875,-0.032849436106932875,-0.033849436106932876,-0.052298872213865755,-0.052298872213865755,-0.032849436106932875,0.04239999999999999,-0.0154,-0.0154,-0.044980861466051625,-0.026938516879631,-0.010309404846303147,-0.051298872213865754,-0.0326,0.05706125282865315,-0.0144
2010-09-30,0.04675558440048844,0.04675558440048844,0.04675558440048844,0.1112,0.1112,0.1112,0.12196412040772849,-0.004041666666666498,0.1112,0.1112,0.1112,0.12196412040772849,0.12196412040772849,0.12196412040772849,0.1112,0.1112,0.12196412040772849,-0.003041666666666498,0.013943528133496235,-0.004041666666666498,0.08955497026794301,0.05377964882743252,0.09797095630398636,0.13172824081545698,0.1002,0.04775558440048844,0.1122
2010-10-31,0.03682269814892791,0.03682269814892791,0.03682269814892791,0.0298999999999999,0.0298999999999999,0.0298999999999999,0.046639397377281774,0.045639397377281773,0.0298999999999999,0.0298999999999999,0.0298999999999999,0.046639397377281774,0.046639397377281774,0.046639397377281774,0.0298999999999999,0.0298999999999999,0.046639397377281774,0.06237879475456365,0.028899999999999898,0.028899999999999898,0.0382021479661967,0.022974622113051346,0.04250037322587286,0.06337879475456365,0.0399,0.03682269814892791,0.0298999999999999
2010-11-30,0.021112978094167678,0.021112978094167678,0.021112978094167678,-0.0027245953056552743,-0.0027245953056552743,-0.0027245953056552743,-0.012212297652827638,-0.012212297652827638,-0.0027245953056552743,-0.0027245953056552743,-0.0027245953056552743,-0.012212297652827638,-0.012212297652827638,-0.012212297652827638,-0.0027245953056552743,-0.0027245953056552743,-0.012212297652827638,-0.0017245953056552743,-0.0227,-0.0227,0.0,3.99999999999956e-05,-0.0115279043028719,-0.0017245953056552743,-0.0428,0.021112978094167678,-0.0227
2010-12-31,0.024368653791006833,0.024368653791006833,0.024368653791006833,0.0715,0.0715,0.0715,0.060035471484410234,0.060035471484410234,0.0715,0.0715,0.0715,0.060035471484410234,0.060035471484410234,0.060035471484410234,0.0715,0.0715,0.060035471484410234,0.04757094296882047,0.0725,0.0725,0.06685209307737816,0.040167922513093576,0.056809899189956825,0.04757094296882047,0.0828,0.024368653791006833,0.0725
2011-01-31,-0.0247,-0.0247,-0.06379762129208244,-0.0237,-0.0237,-0.0237,-0.0021500000000000503,-0.0021500000000000503,-0.0237,-0.0237,-0.0237,-0.0021500000000000503,-0.0021500000000000503,-0.0021500000000000503,-0.0237,-0.0237,-0.0021500000000000503,0.02827741436973019,-0.0237,-0.0237,0.023300264601414433,0.014020158760848654,-0.009455051730588087,0.02827741436973019,0.0213999999999999,-0.06379762129208244,-0.0237
2011-02-28,0.03060754454010095,0.03060754454010095,0.03060754454010095,0.03060754454010095,0.03060754454010095,0.03060754454010095,0.0063537722700504765,0.0063537722700504765,0.03060754454010095,0.03060754454010095,0.03060754454010095,0.0063537722700504765,0.0063537722700504765,0.0063537722700504765,0.03060754454010095,0.03060754454010095,0.0063537722700504765,0.03160754454010095,0.03060754454010095,0.03060754454010095,0.03473723438678822,0.020892340632072903,0.027247668143588123,0.03160754454010095,0.0343,0.05998312803425154,-0.0169
2011-03-31,-0.004482801477001863,-0.004482801477001863,0.01498138086384293,-0.004482801477001863,-0.004482801477001863,-0.004482801477001863,0.025308599261499018,0.025308599261499018,-0.004482801477001863,-0.004482801477001863,-0.004482801477001863,0.025308599261499018,0.025308599261499018,0.025308599261499018,-0.004482801477001863,-0.004482801477001863,0.025308599261499018,0.01498138086384293,-0.004482801477001863,-0.004482801477001863,0.00012025299966089698,0.00012215179979651046,0.012674644846710242,-0.004482801477001863,-0.0159,0.01598138086384293,0.0550999999999999
2011-04-30,0.08844654978008071,0.08844654978008071,0.08944654978008071,0.0363,0.0363,0.0363,0.033015315338362605,0.033015315338362605,0.0363,0.0363,0.0363,0.033015315338362605,0.033015315338362605,0.033015315338362605,0.0363,0.0363,0.033015315338362605,0.08944654978008071,0.02873063067672521,0.02873063067672521,0.02896122559287506,0.017406735355725057,0.05311929511420148,0.02873063067672521,0.057,0.08944654978008071,0.0373
2011-05-31,-0.0287,-0.0287,-0.017916885312225905,-0.0287,-0.0287,-0.0287,-0.020943494019793812,-0.020943494019793812,-0.0287,-0.0287,-0.0287,-0.020943494019793812,-0.020943494019793812,-0.020943494019793812,-0.0287,-0.0287,-0.020943494019793812,-0.017916885312225905,-0.0266999999999999,-0.0266999999999999,-0.011214353951592315,-0.006715279037622057,-0.020875968337953358,-0.01218698803958762,-0.0277,-0.017916885312225905,-0.0256999999999999
2011-06-30,-0.0138,-0.0138,-0.0148,-0.0138,-0.0138,-0.0138,-0.017027247755126023,-0.017027247755126023,-0.0138,-0.0138,-0.0138,-0.017027247755126023,-0.017027247755126023,-0.017027247755126023,-0.0138,-0.0138,-0.017027247755126023,-0.021254495510252047,-0.0148,-0.0148,-0.01686971309070373,-0.010101827854422195,-0.018219884577401372,-0.020254495510252046,-0.0138,-0.024325042799353547,-0.0144999999999999
2011-07-31,0.015651727835173213,0.015651727835173213,0.015651727835173213,0.015651727835173213,0.015651727835173213,0.015651727835173213,0.002425863917586607,0.002425863917586607,0.015651727835173213,0.015651727835173213,0.015651727835173213,0.002425863917586607,0.002425863917586607,0.002425863917586607,0.015651727835173213,0.015651727835173213,0.002425863917586607,0.016651727835173213,0.015651727835173213,0.015651727835173213,-0.02000472098468642,-0.011992832590811874,0.02313244101039055,0.016651727835173213,-0.0118,0.08417803620638908,0.0034999999999999
2011-08-31,0.12174943937515781,0.12174943937515781,0.12174943937515781,-0.05068953287360478,-0.05068953287360478,-0.05068953287360478,-0.07169476643680239,-0.07169476643680239,-0.05068953287360478,-0.05068953287360478,-0.05068953287360478,-0.07169476643680239,-0.07169476643680239,-0.07169476643680239,-0.05068953287360478,-0.05068953287360478,-0.07169476643680239,-0.05068953287360478,0.05744425756949707,-0.05068953287360478,-0.05497560062164797,-0.032952027039655406,-0.026060023374611746,-0.05068953287360478,-0.0856,0.12274943937515781,-0.0907
2011-09-30,-0.11062347246832638,-0.11062347246832638,-0.11062347246832638,-0.044908334793382854,-0.044908334793382854,0.02720833333333339,-0.09655416739669143,0.02720833333333339,-0.044908334793382854,-0.044908334793382854,-0.11162347246832638,-0.09655416739669143,-0.09655416739669143,-0.09655416739669143,-0.044908334793382854,0.02720833333333339,-0.09655416739669143,0.02720833333333339,-0.027466157489442068,-0.0009833333333332242,-0.06942039367566222,-0.041645569538730616,-0.10175795181542731,-0.044908334793382854,-0.1033,-0.11062347246832638,-0.1482
2011-10-31,0.10301949909269104,0.10301949909269104,0.10301949909269104,0.10401949909269104,0.10401949909269104,-0.019650000000000056,-0.020650000000000057,-0.019650000000000056,0.10401949909269104,0.10401949909269104,-0.020650000000000057,-0.020650000000000057,-0.020650000000000057,-0.020650000000000057,0.10401949909269104,-0.019650000000000056,-0.020650000000000057,-0.019650000000000056,0.013026180471487108,-0.020650000000000057,0.10914681847039276,0.06549475774890236,0.09290784346012142,0.10401949909269104,0.0874,0.0587118747477946,0.1215
2011-11-30,0.015672693952307193,0.015672693952307193,-0.026919449631911507,-0.026919449631911507,-0.026919449631911507,0.009458333333333346,0.009458333333333346,0.009458333333333346,-0.026919449631911507,-0.026919449631911507,0.015672693952307193,0.015672693952307193,0.009458333333333346,0.009458333333333346,-0.026919449631911507,0.009458333333333346,0.009458333333333346,0.009458333333333346,-0.027919449631911508,-0.027919449631911508,-0.004063736894552861,-0.0024349088033983612,-0.030011688919901077,-0.026919449631911507,-0.0462,0.016672693952307194,-0.0636
2011-12-31,0.01688333333333325,0.01688333333333325,0.01688333333333325,0.01688333333333325,0.01688333333333325,0.01788333333333325,0.01788333333333325,0.01788333333333325,0.01688333333333325,0.01688333333333325,0.01688333333333325,0.01688333333333325,0.01788333333333325,0.01788333333333325,0.01688333333333325,0.01788333333333325,0.01788333333333325,0.01788333333333325,-0.030577557591296434,0.01688333333333325,0.010448309222134355,0.006272318866613968,-0.034641589837690716,-0.006142019910206908,-0.013,-0.10662433944055594,-0.0128
2012-01-31,0.0066749999999999865,0.0066749999999999865,0.0066749999999999865,0.0066749999999999865,0.0066749999999999865,0.0066749999999999865,0.0066749999999999865,0.0066749999999999865,0.0066749999999999865,0.0066749999999999865,0.0066749999999999865,0.0066749999999999865,0.0066749999999999865,0.0066749999999999865,0.0066749999999999865,0.0066749999999999865,0.0066749999999999865,0.08318424576085792,0.040215491931758475,0.08318424576085792,0.046374645381635604,0.027831453895648072,0.09243476372236664,0.08418424576085792,0.0601,0.11395480912860867,0.1115
2012-02-29,-0.030649780549572347,-0.030649780549572347,-0.030649780549572347,0.06310027720002986,0.06310027720002986,0.06310027720002986,-0.01122499999999993,-0.01122499999999993,0.06310027720002986,0.06310027720002986,0.06310027720002986,-0.030649780549572347,-0.01122499999999993,-0.01122499999999993,0.06310027720002986,0.06310027720002986,-0.01122499999999993,0.06410027720002986,0.06310027720002986,0.06410027720002986,0.04340554242215089,0.026063325453290574,0.037812624162614376,0.06410027720002986,0.0535,-0.029649780549572347,0.0633
2012-03-31,0.04953077659372951,0.04953077659372951,0.04953077659372951,0.05053077659372951,0.05053077659372951,0.05053077659372951,-0.019600000000000062,0.023015388296864753,0.05053077659372951,0.05053077659372951,0.05053077659372951,-0.020600000000000063,-0.019600000000000062,-0.019600000000000062,0.05053077659372951,0.05053077659372951,-0.01433986294630411,0.05053077659372951,0.05053077659372951,0.05053077659372951,0.03216365802850518,0.019324861483769773,0.0014056090281810577,0.05053077659372951,-0.0025,-0.013208340481005276,-0.0292
2012-04-30,-0.011695323396129664,-0.011695323396129664,-0.011695323396129664,-0.011695323396129664,-0.011695323396129664,-0.011695323396129664,0.02565833333333334,-0.013097661698064783,-0.011695323396129664,-0.011695323396129664,-0.011695323396129664,-0.0024803247076433657,0.02565833333333334,0.02565833333333334,-0.011695323396129664,-0.011695323396129664,0.01838578835000683,-0.0024803247076433657,-0.011695323396129664,-0.011695323396129664,-0.006675750236410982,-0.003982116808513281,-0.010943912025943234,-0.011695323396129664,-0.0144999999999999,-0.0014803247076433657,-0.0161
2012-05-31,-0.06438034010471139,-0.06438034010471139,-0.06438034010471139,-0.07040125911552564,-0.07040125911552564,-0.07040125911552564,0.03222499999999995,-0.08800062955776282,-0.07040125911552564,-0.07040125911552564,-0.07040125911552564,0.031224999999999947,0.03222499999999995,0.03222499999999995,-0.07040125911552564,-0.07040125911552564,0.013681819867618919,-0.06338034010471139,-0.01135733559045933,-0.07040125911552564,-0.06005577922733352,-0.03600013420306674,-0.08742039980505925,-0.07040125911552564,-0.1123,-0.06338034010471139,-0.1036
2012-06-30,0.03521462018369015,0.03521462018369015,0.03521462018369015,0.03621462018369015,0.03621462018369015,0.03621462018369015,-0.005475000000000008,-0.006475000000000008,0.03621462018369015,0.03621462018369015,0.03621462018369015,-0.005475000000000008,-0.005475000000000008,-0.005475000000000008,0.03621462018369015,0.03621462018369015,-0.006475000000000008,0.03521462018369015,0.006043029589738051,-0.006475000000000008,0.04058113069193592,0.02437201174849486,0.03864009390489273,0.03621462018369015,0.0581,0.02354575543588089,0.0366999999999999
2012-07-31,0.009975081571881761,0.009975081571881761,0.009975081571881761,0.009975081571881761,0.009975081571881761,0.009975081571881761,-0.0009249999999999528,0.007937540785940882,0.009975081571881761,0.009975081571881761,0.009975081571881761,0.014991666666666736,-0.0009249999999999528,-0.0009249999999999528,0.009975081571881761,0.009975081571881761,0.017305476594726685,0.009975081571881761,0.00897508157188176,0.00897508157188176,0.011829358612903462,0.007127615167742096,0.009862982377161626,0.009975081571881761,0.0079,0.008376847936764742,0.0132
2012-08-31,0.05185163548881455,0.05185163548881455,0.05185163548881455,0.05185163548881455,0.05185163548881455,0.05185163548881455,-0.004841666666666632,-0.004841666666666632,0.05185163548881455,0.05185163548881455,0.05185163548881455,-0.003841666666666632,-0.004841666666666632,-0.004841666666666632,0.05185163548881455,0.05185163548881455,-0.004841666666666632,0.05185163548881455,0.01421536617078445,0.05185163548881455,0.02505293924030272,0.01506843021084827,0.034111933500291985,0.05185163548881455,0.0296,0.04939609851235338,0.0056
2012-09-30,0.008884229845130376,0.008884229845130376,0.008884229845130376,0.008884229845130376,0.008884229845130376,0.008884229845130376,-0.0054916666666666725,-0.0054916666666666725,0.008884229845130376,0.008884229845130376,0.008884229845130376,0.045705627280061,-0.0054916666666666725,-0.0054916666666666725,0.008884229845130376,0.008884229845130376,-0.0054916666666666725,0.008884229845130376,0.007884229845130375,0.008884229845130376,0.025350952524638704,0.015240571514783242,0.03692246428129785,0.008884229845130376,0.0342,0.046705627280061,0.0579
2012-10-31,-0.052792746016752434,-0.052792746016752434,-0.052792746016752434,-0.052792746016752434,-0.052792746016752434,-0.052792746016752434,-0.030746373008376217,-0.0009166666666665648,-0.052792746016752434,-0.052792746016752434,-0.052792746016752434,-0.030746373008376217,-0.030746373008376217,-0.030746373008376217,-0.052792746016752434,-0.052792746016752434,-0.030746373008376217,-0.03043741681634138,-0.052792746016752434,-0.052792746016752434,-0.018198579776788737,-0.010885814532739867,-0.020282540708273452,-0.052792746016752434,0.0078,-0.029437416816341377,-0.0067
2012-11-30,0.008933333333333349,0.008933333333333349,0.008933333333333349,0.008933333333333349,0.008933333333333349,0.008933333333333349,0.008933333333333349,0.008933333333333349,-0.005675410721908135,-0.005675410721908135,-0.005675410721908135,-0.005675410721908135,0.008933333333333349,0.008933333333333349,0.008933333333333349,0.008933333333333349,-0.0025293444944266357,-0.004675410721908135,0.013087108502697564,0.013087108502697564,0.0056599333476434754,0.003432626675252726,0.009327924445197356,0.013087108502697564,0.018,-0.004675410721908135,0.0109
2012-12-31,-0.005669511920293301,-0.005669511920293301,-0.005669511920293301,-0.005669511920293301,-0.005669511920293301,-0.005669511920293301,0.01316524403985335,0.01316524403985335,-0.005669511920293301,-0.005669511920293301,-0.005669511920293301,0.01316524403985335,0.01316524403985335,0.01316524403985335,-0.005669511920293301,-0.005669511920293301,0.01316524403985335,-0.02426979045607558,-0.004669511920293301,-0.004669511920293301,0.0089342492372666,0.0053872162090266235,0.01376517440590778,-0.004669511920293301,0.033,-0.02426979045607558,0.051
2013-01-31,0.0165,0.0165,0.026715542650679547,0.0165,0.0165,0.0165,0.021107771325339773,0.021107771325339773,0.0165,0.0165,0.0165,0.021107771325339773,0.021107771325339773,0.021107771325339773,0.0165,0.0165,0.021107771325339773,0.025715542650679546,0.026715542650679547,0.026715542650679547,0.05119037764995826,0.03073089325664164,0.022938598502758773,0.026715542650679547,0.0526,-0.005061148639644464,0.0175
2013-02-28,-0.010399999999999899,-0.010399999999999899,-0.010399999999999899,-0.010399999999999899,-0.010399999999999899,-0.010399999999999899,-0.00398025968531659,-0.00398025968531659,-0.010399999999999899,-0.010399999999999899,-0.010399999999999899,-0.00398025968531659,-0.00398025968531659,-0.00398025968531659,-0.010399999999999899,-0.010399999999999899,-0.00398025968531659,-0.05186846838387371,-0.010399999999999899,0.011758827976007802,0.012758827976007803,0.007678630118937989,-0.01628224693862672,0.00343948062936672,-0.0093999999999999,-0.05086846838387371,-0.0083
2013-03-31,0.0081999999999999,0.0081999999999999,0.0081999999999999,0.0081999999999999,0.0081999999999999,0.0081999999999999,-0.00295000000000005,-0.00295000000000005,0.0081999999999999,0.0081999999999999,0.0081999999999999,-0.00295000000000005,-0.00295000000000005,-0.00295000000000005,0.0081999999999999,0.0081999999999999,-0.00295000000000005,0.009477104236877087,0.0081999999999999,0.03797138365519159,0.03797138365519159,0.022819496859781595,0.008956169094759582,0.03024757214216134,0.0081999999999999,0.009477104236877087,-0.0121
2013-04-30,0.044,0.044,0.044,0.044,0.044,0.044,0.02745,0.02745,0.044,0.044,0.044,0.02745,0.02745,0.02745,0.044,0.044,0.02745,-0.0756231330952718,-0.020852155476201707,0.019212163450455844,0.019212163450455844,0.011550631403606815,0.0011625622443630478,0.025373382072723993,0.044,-0.0756231330952718,0.0109
2013-05-31,-0.0149,-0.0149,-0.0149,-0.0149,-0.0149,-0.0149,-0.0169,-0.0169,-0.0149,-0.0149,-0.0149,-0.0169,-0.0169,-0.0169,-0.0149,-0.0149,-0.0169,0.03477473327355962,-0.0159,0.023609866730589735,0.023609866730589735,0.014182586705020527,-0.015003280046944109,0.03577473327355962,-0.0149,-0.06198785346133606,-0.0189
2013-06-30,-0.0374,-0.0374,-0.0374,-0.0374,-0.0374,-0.0374,-0.0509,-0.0509,-0.0374,-0.0374,-0.0374,-0.0509,-0.0509,-0.0509,-0.0374,-0.0374,-0.0509,-0.023952578006729452,-0.047451686980005826,-0.038400000000000004,-0.013344902418612192,-0.007993608117833983,-0.05908524307002008,-0.023952578006729452,-0.0374,-0.11058839427335088,-0.0644
2013-07-31,0.0549,0.0549,0.0549,0.0549,0.0549,0.0549,0.05802018762057773,0.05802018762057773,0.0549,0.0549,0.0549,0.05802018762057773,0.05802018762057773,0.05802018762057773,0.0549,0.0549,0.05802018762057773,0.06314037524115546,0.02321146212773813,0.0549,0.051677084292143904,0.031019583908619672,0.05203535707275914,0.06314037524115546,0.0549,0.0743010530498811,0.0158
2013-08-31,-0.0104,-0.0104,-0.0104,-0.0104,-0.0104,-0.0104,-0.007179446189556311,-0.007179446189556311,-0.0104,-0.0104,-0.0104,-0.007179446189556311,-0.007179446189556311,-0.007179446189556311,-0.0104,-0.0104,-0.007179446189556311,-0.003958892379112622,0.012982494738891718,-0.0309919289458499,-0.0299919289458499,-0.01798182403417661,0.003197147959390634,-0.003958892379112622,-0.0104,0.052047484216675155,-0.0249
2013-09-30,0.0708,0.0708,0.0708,0.0708,0.0708,0.0708,0.05956064901789494,0.05956064901789494,0.0708,0.0708,0.0708,0.05956064901789494,0.05956064901789494,0.05956064901789494,0.0708,0.0708,0.05956064901789494,0.048321298035789884,-0.01119890434389503,0.03164643799963174,0.03164643799963174,0.018997862799779018,0.034820729584359576,0.048321298035789884,0.0708,-0.047838379698351585,0.068
2013-10-31,0.033,0.033,0.033,0.033,0.033,0.033,0.041284566890221794,0.041284566890221794,0.033,0.033,0.033,0.041284566890221794,0.041284566890221794,0.041284566890221794,0.033,0.033,0.041284566890221794,0.049569133780443586,0.032,0.032,0.04630608308408024,0.027790316517114853,0.030409125313668628,0.049569133780443586,0.033,-0.003432632525769086,0.0425
2013-11-30,0.03451164143747254,0.03451164143747254,0.03451164143747254,0.03451164143747254,0.03451164143747254,0.03451164143747254,0.02085582071873627,0.02085582071873627,0.03451164143747254,0.03451164143747254,0.03451164143747254,0.02085582071873627,0.02085582071873627,0.02085582071873627,0.03451164143747254,0.03451164143747254,0.02085582071873627,0.03551164143747254,0.03451164143747254,0.03451164143747254,0.029637554604438954,0.0177958660959967,-0.007000078197973252,0.03551164143747254,0.0062,-0.055111954229365545,-0.0146
2013-12-31,0.029271027200024058,0.029271027200024058,0.029271027200024058,0.029271027200024058,0.029271027200024058,0.029271027200024058,0.02313551360001203,0.02313551360001203,0.029271027200024058,0.029271027200024058,0.029271027200024058,0.02313551360001203,0.02313551360001203,0.02313551360001203,0.029271027200024058,0.029271027200024058,0.02313551360001203,0.029271027200024058,0.029271027200024058,0.029271027200024058,0.025926785739132763,0.0155760714434797,0.0008814388268081374,0.029271027200024058,0.017,-0.03794527189279151,-0.0048
2014-01-31,-0.01921328044155135,-0.01921328044155135,-0.01921328044155135,-0.01921328044155135,-0.01921328044155135,-0.01921328044155135,-0.025556640220775674,-0.025556640220775674,-0.01921328044155135,-0.01921328044155135,-0.01921328044155135,-0.025556640220775674,-0.025556640220775674,-0.025556640220775674,-0.01921328044155135,-0.01921328044155135,-0.025556640220775674,-0.01921328044155135,-0.01921328044155135,-0.01921328044155135,-0.03524831042530352,-0.0211256529218488,-0.01898114155069428,-0.01921328044155135,-0.0319,0.03418871423877423,-0.059
2014-02-28,0.05152463035095134,0.05152463035095134,0.05152463035095134,0.05152463035095134,0.05152463035095134,0.05152463035095134,0.052562315175475674,0.052562315175475674,0.05152463035095134,0.05152463035095134,0.05152463035095134,0.052562315175475674,0.052562315175475674,0.052562315175475674,0.05152463035095134,0.05152463035095134,0.052562315175475674,0.05152463035095134,0.02093156490497894,0.05152463035095134,0.04551596728261398,0.027316247036235097,0.05093191459980537,0.05152463035095134,0.0536,0.0627030280482701,0.0359
2014-03-31,-0.027336013803121118,-0.027336013803121118,-0.027336013803121118,-0.027336013803121118,-0.027336013803121118,-0.027336013803121118,-0.014918006901560558,-0.014918006901560558,-0.027336013803121118,-0.027336013803121118,-0.027336013803121118,-0.014918006901560558,-0.014918006901560558,-0.014918006901560558,-0.027336013803121118,-0.027336013803121118,-0.014918006901560558,-0.027336013803121118,-0.02833601380312112,-0.027336013803121118,0.00829569997540247,0.00499408665190817,-0.008939359292202,-0.027336013803121118,-0.0025,-0.031421423365686874,0.0255
2014-04-30,-0.003193864996199114,-0.003193864996199114,-0.003193864996199114,-0.003193864996199114,-0.003193864996199114,-0.003193864996199114,0.0038030675019004433,0.0038030675019004433,-0.003193864996199114,-0.003193864996199114,-0.003193864996199114,0.0038030675019004433,0.0038030675019004433,0.0038030675019004433,-0.003193864996199114,-0.003193864996199114,0.0038030675019004433,-0.003193864996199114,-0.003193864996199114,-0.003193864996199114,0.006951543938610527,0.004187593029833003,0.004535253934065572,-0.003193864996199114,0.0108,0.0049348807324614,0.0056
2014-05-31,0.04485641959183617,0.04485641959183617,0.04485641959183617,0.04485641959183617,0.04485641959183617,0.04485641959183617,0.029528209795918036,0.029528209795918036,0.04485641959183617,0.04485641959183617,0.04485641959183617,0.029528209795918036,0.029528209795918036,0.029528209795918036,0.04485641959183617,0.04485641959183617,0.029528209795918036,0.04485641959183617,0.04485641959183617,0.04485641959183617,0.023206017054854255,0.01393361023291253,0.016836506930072985,0.04485641959183617,0.0141999999999999,-0.03051039187154414,0.0388
2014-06-30,0.0312380281218414,0.0312380281218414,0.0312380281218414,0.0312380281218414,0.0312380281218414,0.0312380281218414,0.0230190140609207,0.0230190140609207,0.0312380281218414,0.0312380281218414,0.0312380281218414,0.0230190140609207,0.0230190140609207,0.0230190140609207,0.0312380281218414,0.0312380281218414,0.0230190140609207,0.0312380281218414,0.0312380281218414,0.0312380281218414,0.020644911531122245,0.012400280252006679,0.034957051167454706,0.0312380281218414,0.0148,0.06319017654797743,0.0306
2014-07-31,0.011819957796352032,0.011819957796352032,0.011819957796352032,0.011819957796352032,0.011819957796352032,0.011819957796352032,-0.0037400211018239343,-0.0037400211018239343,0.011819957796352032,0.011819957796352032,0.011819957796352032,-0.0037400211018239343,-0.0037400211018239343,-0.0037400211018239343,0.011819957796352032,0.011819957796352032,-0.0037400211018239343,0.011819957796352032,0.011819957796352032,0.011819957796352032,-0.01343755557028159,-0.008049200008835621,-0.006749193111654855,0.011819957796352032,-0.0192999999999999,-0.03631673024297155,0.0168
2014-08-31,0.05009479208970147,0.05009479208970147,0.05009479208970147,0.05009479208970147,0.05009479208970147,0.05009479208970147,0.03489739604485073,0.03489739604485073,0.05009479208970147,0.05009479208970147,0.05009479208970147,0.03489739604485073,0.03489739604485073,0.03489739604485073,0.05009479208970147,0.05009479208970147,0.03489739604485073,0.05009479208970147,0.05009479208970147,0.05009479208970147,0.03946345741348578,0.023688074448091442,0.01832596567585757,0.05009479208970147,-0.0023,0.0038090706137288155,0.0217
2014-09-30,-0.007566218122007973,-0.007566218122007973,-0.007566218122007973,-0.007566218122007973,-0.007566218122007973,-0.007566218122007973,-0.034983109061003985,-0.034983109061003985,-0.007566218122007973,-0.007566218122007973,-0.007566218122007973,-0.034983109061003985,-0.034983109061003985,-0.034983109061003985,-0.007566218122007973,-0.007566218122007973,-0.034983109061003985,-0.007566218122007973,-0.007566218122007973,-0.007566218122007973,-0.01379597422242318,-0.00826758453345393,-0.04318237781522179,-0.007566218122007973,-0.0409999999999999,-0.061763293138879294,-0.0624
2014-10-31,0.02641940719259539,0.02641940719259539,0.02641940719259539,0.02641940719259539,0.02641940719259539,0.02641940719259539,0.0032097035962976956,0.015550000000000064,0.02641940719259539,0.02641940719259539,0.02641940719259539,0.0032097035962976956,0.0032097035962976956,0.0032097035962976956,0.02641940719259539,0.02641940719259539,0.0032097035962976956,0.02641940719259539,-0.005660479927136362,0.02641940719259539,0.023550607814188274,0.014137031355179673,-0.00435717481387016,0.02641940719259539,-0.018,-0.03054810644807593,0.0046999999999999
2014-11-30,0.04546352158279765,0.04546352158279765,0.04546352158279765,0.04546352158279765,0.04546352158279765,0.04546352158279765,0.016081760791398825,0.016081760791398825,0.04546352158279765,0.04546352158279765,0.04546352158279765,0.016081760791398825,0.016081760791398825,0.016081760791398825,0.04546352158279765,0.04546352158279765,0.016081760791398825,0.04546352158279765,0.0038448980199632383,0.04546352158279765,0.027472082108508822,0.01648658259843865,0.009370387244005131,0.04546352158279765,0.0081999999999999,-0.00488197260677703,-0.0113
2014-12-31,-0.022406426258643086,-0.022406426258643086,-0.022406426258643086,-0.022406426258643086,-0.022406426258643086,-0.022406426258643086,-0.031003213129321493,0.001666666666666595,-0.022406426258643086,-0.022406426258643086,-0.022406426258643086,-0.031003213129321493,-0.031003213129321493,-0.031003213129321493,-0.022406426258643086,-0.022406426258643086,-0.031003213129321493,-0.022406426258643086,0.005265155391134035,-0.022406426258643086,-0.0025368194265611432,-0.0015154249892699756,-0.019473573354643538,-0.022406426258643086,-0.0289999999999999,0.013112132840068735,-0.0395999999999999
2015-01-31,-0.020823073894824073,-0.020823073894824073,-0.020823073894824073,-0.020823073894824073,-0.020823073894824073,-0.020823073894824073,-0.006511536947412037,0.04345833333333338,-0.020823073894824073,-0.020823073894824073,-0.020823073894824073,-0.006511536947412037,-0.006511536947412037,-0.006511536947412037,-0.020823073894824073,-0.020823073894824073,-0.006511536947412037,-0.020823073894824073,0.04346357474341318,-0.020823073894824073,-0.029628867359929312,-0.017763987082624257,0.017793995917187194,-0.020823073894824073,-0.0027,0.08689905756357286,0.0078
2015-02-28,0.07220570951065652,0.07220570951065652,0.07220570951065652,0.07220570951065652,0.07220570951065652,0.07220570951065652,0.04890285475532826,-0.025799999999999934,0.07220570951065652,0.07220570951065652,0.07220570951065652,0.04890285475532826,0.04890285475532826,0.04890285475532826,0.07220570951065652,0.07220570951065652,0.04890285475532826,0.07220570951065652,-0.028278509427152154,-0.026799999999999935,0.05620431925842739,0.033729258221723145,0.023788378640633306,0.07220570951065652,0.0564,-0.059052194948123304,0.0256
2015-03-31,-0.0235896093702892,-0.0235896093702892,-0.0235896093702892,-0.0235896093702892,-0.0235896093702892,-0.0235896093702892,-0.0170948046851446,0.0067666666666665876,-0.0235896093702892,-0.0235896093702892,-0.0235896093702892,-0.0170948046851446,-0.0170948046851446,-0.0170948046851446,-0.0235896093702892,-0.0235896093702892,-0.0170948046851446,-0.0235896093702892,-0.0245896093702892,-0.0245896093702892,-0.0157054927659519,-0.00941662899290443,-0.017102911814817354,-0.0235896093702892,-0.0127,-0.021522037888980217,-0.0106
2015-04-30,0.019223332754752853,0.019223332754752853,0.019223332754752853,0.019223332754752853,0.019223332754752853,0.019223332754752853,0.04606166637737643,-0.007733333333333259,0.019223332754752853,0.019223332754752853,0.019223332754752853,0.04606166637737643,0.04606166637737643,0.04606166637737643,0.019223332754752853,0.019223332754752853,0.04606166637737643,0.019223332754752853,-0.004126669018567248,0.019223332754752853,0.00983386696403521,0.005910320178421103,0.03486291475809611,0.019223332754752853,0.049,-0.0016716737223684275,0.0729
2015-05-31,0.02248449916331885,0.02248449916331885,0.02248449916331885,0.02248449916331885,0.02248449916331885,0.02248449916331885,-0.0030577504183405754,-0.0040577504183405754,0.02248449916331885,0.02248449916331885,0.02248449916331885,-0.0030577504183405754,-0.0030577504183405754,-0.0030577504183405754,0.02248449916331885,0.02248449916331885,-0.0030577504183405754,0.02248449916331885,0.02148449916331885,0.02248449916331885,0.012856040210105668,0.007716957459396756,-0.0011908491964786197,0.02248449916331885,-0.0042,0.005552104050766671,-0.0286
2015-06-30,-0.02484093276475574,-0.02484093276475574,-0.02484093276475574,-0.02484093276475574,-0.02484093276475574,-0.02484093276475574,-0.018783333333333374,-0.02637046638237787,-0.02484093276475574,-0.02484093276475574,-0.02484093276475574,-0.000991666666666612,-0.018783333333333374,-0.018783333333333374,-0.02484093276475574,-0.02484093276475574,-0.018783333333333374,-0.02484093276475574,-0.011979033744302016,-0.02484093276475574,-0.020312112804133142,-0.01218393434914653,-0.022325758499415427,-0.02484093276475574,-0.0259,-0.015162101232906067,-0.0233999999999999
2015-07-31,0.045577726982717115,0.045577726982717115,0.045577726982717115,0.045577726982717115,0.045577726982717115,0.045577726982717115,0.014708333333333323,0.026638863491358557,0.045577726982717115,0.045577726982717115,0.045577726982717115,8.333333333387927e-06,0.014708333333333323,0.014708333333333323,0.045577726982717115,0.045577726982717115,0.0025863197801873038,0.045577726982717115,-0.01716439864205188,0.013708333333333322,0.02258938051240511,0.01355696164077642,-0.02003303390252631,0.045577726982717115,0.0077,-0.06620986259282235,-0.0672
2015-08-31,-0.06824462301351086,-0.06824462301351086,-0.06824462301351086,-0.06824462301351086,-0.06824462301351086,-0.06824462301351086,-0.0009333333333333407,-0.06582231150675544,-0.06824462301351086,-0.06824462301351086,-0.06824462301351086,-1.6666666666663964e-05,-0.0009333333333333407,-0.0009333333333333407,-0.06824462301351086,-0.06824462301351086,-0.0009333333333333407,-0.06824462301351086,0.012707442670780054,-0.06924462301351086,-0.06095014790036435,-0.03654342207355195,-0.045568073750292676,-0.06824462301351086,-0.0634,0.03707232801234017,-0.0877
2015-09-30,-0.0009333333333333407,-0.0009333333333333407,-0.0009333333333333407,-0.0009333333333333407,-0.0009333333333333407,-0.0009333333333333407,6.666666666665932e-05,-0.0009333333333333407,-0.0009333333333333407,-0.0009333333333333407,-0.0009333333333333407,-0.0009333333333333407,6.666666666665932e-05,6.666666666665932e-05,-0.0009333333333333407,-0.0009333333333333407,6.666666666665932e-05,0.013591666666666558,-0.0011176844227040652,0.013591666666666558,-0.025516094703329495,-0.015282990155331033,-0.026746165739547537,-0.02207327635674483,-0.0464,-0.01801138660144541,-0.0204999999999999
2015-10-31,0.11269910275962192,0.11269910275962192,0.11269910275962192,0.11269910275962192,0.11269910275962192,-0.0077833333333333634,-0.0077833333333333634,-0.0077833333333333634,0.11269910275962192,0.11269910275962192,-0.0077833333333333634,-0.0077833333333333634,-0.0077833333333333634,-0.0077833333333333634,0.11269910275962192,-0.0077833333333333634,0.0,-0.006783333333333363,0.005350101152503894,-0.006783333333333363,0.08505969191197682,0.05103581514718609,0.06898318488761673,0.11369910275962192,0.0683,0.022833636790845047,0.0711
2015-11-30,0.006088345522686778,0.006088345522686778,0.006088345522686778,0.006088345522686778,0.006088345522686778,0.005088345522686778,-0.0009333333333333407,-0.0009333333333333407,0.006088345522686778,0.006088345522686778,0.005088345522686778,-0.06852062833262462,-0.0009333333333333407,-0.0009333333333333407,0.006088345522686778,0.005088345522686778,-0.0034499999999999522,0.005088345522686778,0.005088345522686778,0.005088345522686778,0.0036550700371207334,0.0022197086889391036,-0.02565807070248446,0.006088345522686778,-0.0131,-0.06752062833262462,-0.0281
2015-12-31,-0.0008166666666665759,-0.0008166666666665759,-0.0008166666666665759,-0.0008166666666665759,-0.0008166666666665759,-0.0008166666666665759,0.00018333333333342416,0.00018333333333342416,-0.004258333333333363,-0.004258333333333363,-0.004258333333333363,-0.004258333333333363,0.00018333333333342416,0.00018333333333342416,-0.0008166666666665759,-0.0008166666666665759,-0.003258333333333363,-0.015947732406482285,-0.0035294449657797813,-0.015947732406482285,-0.017282346611332766,-0.01029607463346629,-0.012165266825955421,-0.015947732406482285,-0.012,-0.004513334897339405,-0.0162
2016-01-31,0.028941666666666754,0.028941666666666754,0.028941666666666754,0.028941666666666754,0.028941666666666754,0.028941666666666754,0.028941666666666754,0.028941666666666754,-0.0008666666666666814,-0.0008666666666666814,-0.0008666666666666814,-0.0008666666666666814,0.028941666666666754,0.028941666666666754,0.028941666666666754,0.028941666666666754,0.029941666666666755,0.028941666666666754,0.02806165783989985,-0.06910429298499643,-0.04978670008536967,-0.029818686717888475,-0.03624857986632424,-0.06910429298499643,-0.0674,0.054109973519699484,-0.0626
2016-02-29,-0.0007249999999999748,-0.0007249999999999748,-0.0007249999999999748,-0.0007249999999999748,-0.0007249999999999748,-0.0007249999999999748,-0.0007249999999999748,-0.0007249999999999748,0.017616666666666725,0.017616666666666725,0.017616666666666725,0.017616666666666725,-0.0007249999999999748,-0.0007249999999999748,-0.0007249999999999748,-0.0007249999999999748,0.018616666666666726,0.018616666666666726,0.04273170180761684,-0.0007249999999999748,-0.0008255508164554115,-0.0003853304898732368,0.01928743321745093,-0.015653705886380043,-0.0106,0.10930343875618376,-0.0059
2016-03-31,0.0675262195805747,0.0002750000000000252,0.0675262195805747,0.0675262195805747,0.0002750000000000252,0.0002750000000000252,0.0002750000000000252,0.0002750000000000252,0.0675262195805747,-0.009428860461434319,-0.009428860461434319,-0.009428860461434319,0.0002750000000000252,0.0002750000000000252,0.0002750000000000252,0.0002750000000000252,-0.0019500000000000073,-0.0019500000000000073,-0.0033679534871447663,-0.0029500000000000073,0.06726560760613043,0.04046936456367827,0.06279933977978508,0.0685262195805747,0.0702999999999999,-0.008428860461434318,0.1208
2016-04-30,-0.03186832507517334,-0.032868325075173344,-0.03186832507517334,-0.03186832507517334,-0.032868325075173344,-0.032868325075173344,-0.003766666666666695,-0.0006341625375866728,-0.03186832507517334,-0.032868325075173344,-0.032868325075173344,0.051088083708025867,-0.003766666666666695,-0.003766666666666695,-0.032868325075173344,-0.032868325075173344,0.006163978494623504,-0.032868325075173344,-0.032868325075173344,-0.032868325075173344,0.0039411474703034965,0.0024346884821821123,0.01610493965821313,-0.03186832507517334,0.0326,0.051088083708025867,0.0126
2016-05-31,-0.00032500000000001885,-0.00032500000000001885,-0.00032500000000001885,-0.00032500000000001885,-0.00032500000000001885,-0.00032500000000001885,0.0006749999999999812,-0.00032500000000001885,-0.062382967032933,-0.062382967032933,-0.062382967032933,-0.061382967032933,0.0006749999999999812,0.0006749999999999812,-0.00032500000000001885,-0.00032500000000001885,-0.011935904130682152,0.04370064092453685,0.04370064092453685,0.04370064092453685,0.017012018154995978,0.010280544226330957,-0.015445581527099038,0.04370064092453685,-0.0091,-0.061382967032933,-0.035
2016-06-30,-0.0007166666666665869,-0.0007166666666665869,-0.0007166666666665869,-0.0007166666666665869,-0.0007166666666665869,-0.0007166666666665869,-0.0007166666666665869,-0.0007166666666665869,-0.0007166666666665869,-0.0007166666666665869,-0.0007166666666665869,-0.0007166666666665869,-0.0007166666666665869,-0.0007166666666665869,-0.0007166666666665869,-0.0007166666666665869,0.03028333333333333,-0.022780205450018354,0.0394205618198193,0.0024756644706928075,0.0034756644706928075,0.0021987320157490498,0.018903703335693182,-0.022780205450018354,-0.0326,0.08969501879279118,0.0412999999999999
2016-07-31,0.018846560311608918,0.018846560311608918,0.018846560311608918,0.0457,0.0027916666666666376,0.0457,0.0027916666666666376,0.0027916666666666376,0.0457,0.018846560311608918,0.0457,0.018846560311608918,0.0027916666666666376,0.0027916666666666376,0.0027916666666666376,0.0027916666666666376,0.0037916666666666377,0.07150849337843623,0.00795163121498077,0.07050849337843623,0.036471031596010395,0.021969285624272937,0.04713876342251126,0.07150849337843623,0.0504999999999999,0.01984656031160892,0.0467
2016-08-31,-0.03256316550912575,-0.03256316550912575,-0.03256316550912575,0.0243,0.023299999999999998,0.0243,-0.008983333333333343,0.011699999999999999,0.0243,0.023299999999999998,0.0243,-0.03256316550912575,-0.008983333333333343,-0.008983333333333343,0.023299999999999998,0.023299999999999998,-0.01037577821416831,0.010500041756651646,0.023299999999999998,0.0001977130833220606,0.0011977130833220606,0.0008119611833265595,0.0008342190618814745,0.010500041756651646,0.0011,-0.03256316550912575,0.0243
2016-09-30,0.0114,0.0114,0.0114,0.0124,0.0124,0.0124,0.01626793461889599,0.01626793461889599,0.0124,0.0124,0.0124,0.01626793461889599,0.01626793461889599,0.01626793461889599,0.0124,0.0124,0.01626793461889599,0.022135869237791983,0.0124,5.768383260607024e-05,5.768383260607024e-05,0.00014461029956365224,0.014382001086425076,0.022135869237791983,0.0161,0.006892135107908315,0.0124
2016-10-31,-0.030449195846995902,-0.030449195846995902,-0.030449195846995902,-0.0016,-0.0016,-0.0016,-0.008085978816078676,-0.008085978816078676,-0.0016,-0.0016,-0.0016,-0.008085978816078676,-0.008085978816078676,-0.008085978816078676,-0.0016,-0.0016,-0.008085978816078676,-0.01457195763215735,-0.0016,-0.0026,-0.017336947099395594,-0.010305501592970678,-0.015530288369788313,-0.01457195763215735,-0.0165,-0.0294491958469959,-0.0016
2016-11-30,-0.0835657063915729,-0.0835657063915729,-0.0835657063915729,-0.0448,-0.0448,-0.0448,-0.02022044541409587,-0.02022044541409587,-0.0448,-0.0448,-0.0448,-0.02022044541409587,-0.02022044541409587,-0.02022044541409587,-0.0448,-0.0448,-0.02022044541409587,0.004359109171808262,-0.04326634657496871,-0.0448,0.036838708714444834,0.022216558562000263,-0.03647664930494116,0.004359109171808262,-0.0219,-0.0835657063915729,-0.0448
2016-12-31,0.0033,0.0033,0.0033,0.0043,0.0043,0.0043,0.007811299722000135,0.007811299722000135,0.0043,0.0043,0.0043,0.007811299722000135,0.007811299722000135,0.007811299722000135,0.0043,0.0043,0.007811299722000135,0.01132259944400027,-0.007858294227139276,0.0043,0.020271441320820927,0.012322864792492538,0.006168179190645613,0.01132259944400027,0.0282,-0.019149882681417818,0.0043
2017-01-31,0.0524,0.0524,0.0524,0.0524,0.0524,0.0524,0.051900479968505886,0.051900479968505886,0.0524,0.0524,0.0524,0.051900479968505886,0.051900479968505886,0.051900479968505886,0.0524,0.0524,0.051900479968505886,0.05140095993701177,0.0514,0.0524,0.017894815109105844,0.010906889065463464,0.04849827941571443,0.05140095993701177,0.036,0.05419215772584596,0.0524
2017-02-28,0.0347,0.0347,0.0347,0.0347,0.0347,0.0347,0.039225371264669545,0.039225371264669545,0.0347,0.0347,0.0347,0.039225371264669545,0.039225371264669545,0.039225371264669545,0.0347,0.0347,0.039225371264669545,0.04375074252933908,0.0347,0.0347,0.03929161719025487,0.023748303647486233,0.02959960732853635,0.04375074252933908,0.0081,0.03184768678480632,0.0347
2017-03-31,0.0192685651805381,0.0192685651805381,0.0192685651805381,0.0192685651805381,0.0192685651805381,0.0192685651805381,0.024184282590269,0.024184282590269,0.0192685651805381,0.0192685651805381,0.0192685651805381,0.024184282590269,0.024184282590269,0.024184282590269,0.0192685651805381,0.0192685651805381,0.024184282590269,0.0202685651805381,0.0280999999999999,0.0280999999999999,0.0012501418997974412,0.000926751806545134,0.018647775108203153,0.0202685651805381,0.0305,-0.00427746474772539,0.0280999999999999
2017-04-30,0.027270114278459934,0.027270114278459934,0.027270114278459934,0.027270114278459934,0.027270114278459934,0.027270114278459934,0.026735057139229967,0.026735057139229967,0.027270114278459934,0.027270114278459934,0.027270114278459934,0.026735057139229967,0.026735057139229967,0.026735057139229967,0.027270114278459934,0.027270114278459934,0.026735057139229967,0.027270114278459934,0.026270114278459933,0.026270114278459933,0.009925859703470152,0.0062088491554153965,0.022609398939571188,0.027270114278459934,0.0282,0.01726748147982482,0.0177
2017-05-31,0.03897318402911587,0.03897318402911587,0.03897318402911587,0.03897318402911587,0.03897318402911587,0.03897318402911587,0.037386592014557934,0.037386592014557934,0.03897318402911587,0.03897318402911587,0.03897318402911587,0.037386592014557934,0.037386592014557934,0.037386592014557934,0.03897318402911587,0.03897318402911587,0.037386592014557934,0.03897318402911587,0.03897318402911587,0.03897318402911587,0.01411307682651719,0.008734512762576951,0.02453280105684921,0.03897318402911587,0.0358,-0.0012419798017190287,0.0246
2017-06-30,-0.023179406620055576,-0.023179406620055576,-0.023179406620055576,-0.023179406620055576,-0.023179406620055576,-0.023179406620055576,-0.008739703310027788,-0.008739703310027788,-0.023179406620055576,-0.023179406620055576,-0.023179406620055576,-0.008739703310027788,-0.008739703310027788,-0.008739703310027788,-0.023179406620055576,-0.023179406620055576,-0.008739703310027788,-0.023179406620055576,-0.023179406620055576,-0.023179406620055576,0.00637472271662376,0.00415150029664093,-0.008233688589834233,-0.023179406620055576,0.0040999999999999,-0.02155534773928125,0.0077
2017-07-31,0.04061303907470282,0.04061303907470282,0.0521,0.04061303907470282,0.04061303907470282,0.04061303907470282,0.04685651953735141,0.04685651953735141,0.04061303907470282,0.04061303907470282,0.04061303907470282,0.04685651953735141,0.04685651953735141,0.04685651953735141,0.04061303907470282,0.04061303907470282,0.04685651953735141,0.04061303907470282,0.04061303907470282,0.04061303907470282,0.02055457684800932,0.012676079442138954,0.03741118519357229,0.04061303907470282,0.0327999999999999,0.02313170169958645,0.0531
2017-08-31,0.020736174772294502,0.020736174772294502,0.0197361747722945,0.020736174772294502,0.020736174772294502,0.020736174772294502,0.0206180873861472,0.0206180873861472,0.020736174772294502,0.020736174772294502,0.020736174772294502,0.0206180873861472,0.0206180873861472,0.0206180873861472,0.020736174772294502,0.020736174772294502,0.0206180873861472,0.020736174772294502,0.020736174772294502,0.020736174772294502,0.0029177297812690295,0.0021073045354281115,0.02163093747117755,0.020736174772294502,0.0032999999999999,0.04198757511241591,0.0204999999999999
2017-09-30,-0.0029527720320943196,-0.0029527720320943196,-0.0029527720320943196,-0.0029527720320943196,-0.0029527720320943196,-0.0029527720320943196,0.008723613983952789,0.008723613983952789,-0.0029527720320943196,-0.0029527720320943196,-0.0029527720320943196,0.008723613983952789,0.008723613983952789,0.008723613983952789,-0.0029527720320943196,-0.0029527720320943196,0.008723613983952789,-0.0029527720320943196,-0.0029527720320943196,-0.0029527720320943196,0.020149321810720267,0.012426259753098811,-0.004162922530463688,-0.0029527720320943196,0.0223999999999999,-0.03369891808976033,-0.0024
2017-10-31,0.013999999999999999,0.013999999999999999,0.013999999999999999,0.013999999999999999,0.013999999999999999,0.013999999999999999,0.030532143648661463,0.030532143648661463,0.013999999999999999,0.013999999999999999,0.013999999999999999,0.030532143648661463,0.030532143648661463,0.030532143648661463,0.013999999999999999,0.013999999999999999,0.030532143648661463,0.046064287297322926,0.046064287297322926,0.046064287297322926,0.023563848099864337,0.014491642193251941,0.02161986840188411,0.046064287297322926,0.015,-0.007484813689786485,0.0329
2017-11-30,0.01871699575207042,0.01871699575207042,0.0081999999999999,0.01871699575207042,0.01871699575207042,0.01871699575207042,0.011358497876035212,0.011358497876035212,0.01871699575207042,0.01871699575207042,0.01871699575207042,0.011358497876035212,0.011358497876035212,0.011358497876035212,0.01871699575207042,0.01871699575207042,0.011358497876035212,0.01971699575207042,0.01971699575207042,0.01971699575207042,0.03056622511134921,0.018723068400142883,0.009120108952314026,0.01971699575207042,0.0081999999999999,0.003563440057185785,0.005
2017-12-31,0.0351999999999999,0.0351999999999999,0.0188,0.0351999999999999,0.0351999999999999,0.0351999999999999,0.02111567168723444,0.02111567168723444,0.0351999999999999,0.0351999999999999,0.0351999999999999,0.02111567168723444,0.02111567168723444,0.02111567168723444,0.0351999999999999,0.0351999999999999,0.02111567168723444,0.006031343374468978,0.006031343374468978,0.006031343374468978,0.012127712746191843,0.007699960981048459,0.020522086636119808,0.006031343374468978,0.0188,0.021057003170010358,0.0361999999999999
2018-01-31,0.0775,0.0775,0.0483,0.0775,0.0775,0.0775,0.08253542574841771,0.08253542574841771,0.0775,0.0775,0.0775,0.08253542574841771,0.08253542574841771,0.08253542574841771,0.0775,0.0775,0.08253542574841771,0.08757085149683541,0.08757085149683541,0.08757085149683541,0.05635925362178651,0.03427888550640525,0.06143005608213195,0.08757085149683541,0.0483,0.03234937283169237,0.0775
2018-02-28,-0.013928132790567815,-0.013928132790567815,-0.0418999999999999,-0.013928132790567815,-0.013928132790567815,-0.013928132790567815,-0.028164066395283908,-0.028164066395283908,-0.013928132790567815,-0.013928132790567815,-0.013928132790567815,-0.028164066395283908,-0.028164066395283908,-0.028164066395283908,-0.013928132790567815,-0.013928132790567815,-0.028164066395283908,-0.012928132790567815,-0.0444,-0.0444,-0.036360541214561004,-0.021329658062069944,-0.02974700870528354,-0.012928132790567815,-0.0418999999999999,-0.020759902030566435,-0.0434
2018-03-31,-0.040788054690701014,-0.040788054690701014,-0.041788054690701015,-0.040788054690701014,-0.040788054690701014,-0.040788054690701014,-0.027644027345350507,-0.027644027345350507,-0.040788054690701014,-0.040788054690701014,-0.040788054690701014,-0.027644027345350507,-0.027644027345350507,-0.027644027345350507,-0.040788054690701014,-0.040788054690701014,-0.027644027345350507,0.005320007324218668,0.006045557996961715,-0.0145,-0.027410425831803864,-0.015896255499082357,-0.015042011841620587,-0.040788054690701014,-0.0112,0.006320007324218668,-0.0145
2018-04-30,-0.0061,-0.0061,-0.0061,-0.0061,-0.0061,-0.0061,0.005699999999999999,0.005699999999999999,-0.0061,-0.0061,-0.0061,0.005699999999999999,0.005699999999999999,0.005699999999999999,-0.0061,-0.0061,0.005699999999999999,0.004058161979752063,-0.007888248453514693,0.004058161979752063,0.005167821474612477,0.0036773595514341118,0.0022296041548020363,0.005058161979752063,0.0185,-0.009539745360543916,-0.0051
2018-05-31,-0.0292999999999999,-0.0292999999999999,-0.0168999999999999,-0.0292999999999999,-0.0292999999999999,-0.0292999999999999,0.012714619075893323,0.012714619075893323,-0.0292999999999999,-0.0292999999999999,-0.0292999999999999,0.012714619075893323,0.012714619075893323,0.012714619075893323,-0.0292999999999999,-0.0292999999999999,0.012714619075893323,-0.012959209467577337,0.0007524857330298102,-0.0302999999999999,0.024309278581269522,0.015208900482095044,-0.0001074928289476482,0.05672923815178654,-0.0158999999999999,-0.011959209467577336,-0.0292999999999999
2018-06-30,0.010450358568752427,0.010450358568752427,0.010450358568752427,0.010450358568752427,0.010450358568752427,0.010450358568752427,-0.015874820715623787,-0.015874820715623787,0.010450358568752427,0.010450358568752427,0.010450358568752427,-0.015874820715623787,-0.015874820715623787,-0.015874820715623787,0.010450358568752427,0.010450358568752427,-0.015874820715623787,0.010450358568752427,-0.011294260321514149,-0.0432,0.005750895115074428,0.0040938704023780305,-0.02039977226561422,0.011450358568752428,-0.0137,-0.03614944763120931,-0.0432
2018-07-31,0.0279639706110697,0.0279639706110697,0.0279639706110697,0.0279639706110697,0.0279639706110697,0.0279639706110697,0.02378198530553485,0.0006083333333334337,0.0279639706110697,0.0279639706110697,0.0279639706110697,0.02378198530553485,0.02378198530553485,0.02378198530553485,0.0279639706110697,0.0279639706110697,0.02378198530553485,-0.023418909632539786,-0.009261858766402101,0.0269639706110697,0.037046749949668945,0.02287138330313474,0.011086265244632477,0.0279639706110697,0.0192,-0.022418909632539785,0.0196
2018-08-31,0.05780667612635959,0.05780667612635959,0.05780667612635959,0.05780667612635959,0.05780667612635959,0.05780667612635959,0.018703338063179795,0.0016916666666666469,0.05780667612635959,0.05780667612635959,0.05780667612635959,0.018703338063179795,0.018703338063179795,0.018703338063179795,0.05780667612635959,0.05780667612635959,0.018703338063179795,0.05680667612635959,-0.0029075945911449423,0.05780667612635959,0.031919270430678326,0.019828228925073653,-0.0018686102451021128,0.05780667612635959,-0.0184,-0.021381117106768044,-0.0255
2018-09-30,-0.002816241348761017,-0.002816241348761017,-0.002816241348761017,-0.002816241348761017,-0.002816241348761017,-0.002816241348761017,0.0027418793256194915,0.0017583333333333062,-0.002816241348761017,-0.002816241348761017,-0.002816241348761017,0.0027418793256194915,0.0027418793256194915,0.0027418793256194915,-0.002816241348761017,-0.002816241348761017,0.0027418793256194915,-0.002816241348761017,-0.006205226859753516,-0.002816241348761017,0.005946103824403526,0.004270995627975438,-0.0032308971486720147,-0.002816241348761017,0.0083,-0.006607347245927042,-0.0118
2018-10-31,-0.08595743909981857,-0.08595743909981857,-0.08595743909981857,-0.08595743909981857,-0.08595743909981857,-0.08595743909981857,-0.08562871954990928,0.0018249999999999655,-0.08595743909981857,-0.08595743909981857,-0.08595743909981857,-0.08562871954990928,-0.08562871954990928,-0.08562871954990928,-0.08595743909981857,-0.08595743909981857,-0.08562871954990928,-0.08595743909981857,0.005687373411680833,-0.08595743909981857,-0.06910434860917647,-0.04073260916550589,-0.05921549638286068,-0.08595743909981857,-0.0853,0.02119545356837582,-0.0868
2018-11-30,-0.002649708382019722,-0.002649708382019722,-0.002649708382019722,-0.002649708382019722,-0.002649708382019722,-0.002649708382019722,0.0009499999999998962,0.0019499999999998963,-0.002649708382019722,-0.002649708382019722,-0.002649708382019722,0.002386881324189961,0.0009499999999998962,0.0009499999999998962,-0.002649708382019722,-0.002649708382019722,0.0009499999999998962,0.01352500000000012,0.006620627108063326,0.0009499999999998962,0.018549198090370256,0.01190951885422211,0.011359293235542535,-0.002649708382019722,0.0003,0.003386881324189961,0.0443999999999999
2018-12-31,-0.086607278123077,-0.086607278123077,-0.086607278123077,-0.086607278123077,-0.086607278123077,0.00097500000000006,0.00197500000000006,0.00197500000000006,-0.086607278123077,-0.086607278123077,0.04842010593064916,0.04942010593064916,0.00197500000000006,0.00197500000000006,-0.086607278123077,-0.086607278123077,0.00197500000000006,-0.087607278123077,0.027034479754660813,-0.087607278123077,-0.0880484468645415,-0.05203906811872487,-0.027121793048106937,-0.086607278123077,-0.0507999999999999,0.04942010593064916,-0.0205
2019-01-31,0.09010792786741084,0.0010416666666667193,0.09010792786741084,0.09010792786741084,0.0010416666666667193,0.0020416666666667194,0.0020416666666667194,0.0020416666666667194,0.09010792786741084,0.027865979381443196,0.028865979381443196,0.028865979381443196,0.0020416666666667194,0.0020416666666667194,0.0010416666666667193,0.0010416666666667193,0.00634166666666658,0.00634166666666658,0.012749770904925498,0.0010416666666667193,0.08006577075892984,0.04885612912202459,0.06506847681221348,0.09010792786741084,0.0665,0.028865979381443196,0.0747999999999999
2019-02-28,0.029911911145155123,0.028911911145155123,0.029911911145155123,0.029911911145155123,0.028911911145155123,0.0020083333333333897,0.0020083333333333897,0.0020083333333333897,0.029911911145155123,0.028911911145155123,-0.006092201492829519,-0.006092201492829519,0.0020083333333333897,0.0020083333333333897,0.028911911145155123,0.0020083333333333897,-0.00630833333333336,-0.00630833333333336,0.028911911145155123,0.028911911145155123,0.03241581989677744,0.02025282527139982,0.0130299274130814,0.029911911145155123,0.0251,-0.006092201492829519,0.0032
2019-03-31,0.0010416666666667193,0.0010416666666667193,0.0010416666666667193,0.0010416666666667193,0.0010416666666667193,0.0020416666666667194,0.0020416666666667194,0.0020416666666667194,-0.01696899557748599,-0.01696899557748599,-0.01596899557748599,-0.01596899557748599,0.0020416666666667194,0.0020416666666667194,0.0010416666666667193,0.0020416666666667194,0.029474999999999918,0.03824565240079114,0.03924565240079114,0.03924565240079114,0.018100620973246606,0.01167703925061465,0.009744164205826264,0.03924565240079114,0.0058,-0.01596899557748599,0.0098999999999999
2019-04-30,-0.007491666666666673,-0.007491666666666673,-0.007491666666666673,-0.007491666666666673,-0.007491666666666673,-0.007491666666666673,-0.007491666666666673,-0.007491666666666673,-0.007491666666666673,-0.007491666666666673,-0.007491666666666673,-0.007491666666666673,-0.007491666666666673,-0.007491666666666673,-0.007491666666666673,-0.007491666666666673,-0.006491666666666673,0.05499290070190299,0.05499290070190299,0.05499290070190299,0.04085209796154321,0.025311258776925926,0.0238885145496947,0.05499290070190299,0.03,-0.006638842503124187,0.0172
2019-05-31,-0.08325198144512935,-0.08325198144512935,-0.08325198144512935,-0.08325198144512935,-0.08325198144512935,-0.08325198144512935,0.03354166666666658,-0.07282599072256463,-0.08325198144512935,-0.08325198144512935,-0.08325198144512935,0.03354166666666658,0.03354166666666658,0.03354166666666658,-0.08325198144512935,-0.08325198144512935,0.03354166666666658,-0.08225198144512935,-0.08225198144512935,-0.08225198144512935,-0.06377137870774507,-0.037452827224647066,-0.042944420822410685,-0.08225198144512935,-0.0457,0.0175742981554865,-0.0613999999999999
2019-06-30,0.012683333333333269,0.012683333333333269,0.012683333333333269,0.012683333333333269,0.012683333333333269,0.012683333333333269,0.01368333333333327,0.012683333333333269,0.012683333333333269,0.012683333333333269,0.012683333333333269,0.01368333333333327,0.01368333333333327,0.01368333333333327,0.012683333333333269,0.012683333333333269,0.01368333333333327,0.012683333333333269,0.030890271955052152,0.012683333333333269,0.06958667088068649,0.042535335861745203,0.06583238605759585,0.0759003950318935,0.0516,0.08002914919848991,0.0558
2019-07-31,0.022348105072865443,0.022348105072865443,-0.0009248516077001714,0.022348105072865443,0.022348105072865443,0.022348105072865443,0.002474052536432721,0.002474052536432721,0.022348105072865443,0.022348105072865443,0.022348105072865443,0.002474052536432721,0.002474052536432721,0.002474052536432721,0.022348105072865443,0.022348105072865443,0.002474052536432721,0.022348105072865443,0.022348105072865443,0.014119620426201629,0.01511962042620163,0.009778438922387656,-0.0018441866337086821,0.023348105072865444,-0.0144,7.514839229982861e-05,-0.0164
2019-08-31,-0.0189952381345041,-0.0189952381345041,-0.0199952381345041,-0.0189952381345041,-0.0189952381345041,-0.0189952381345041,0.044883333333333275,-0.02229761906725205,-0.0189952381345041,-0.0189952381345041,-0.0189952381345041,0.0781231345612986,0.044883333333333275,0.044883333333333275,-0.0189952381345041,-0.0189952381345041,0.044883333333333275,-0.0189952381345041,0.041246600409321744,-0.0199952381345041,-0.016743568586197743,-0.0093528078183853,-0.001993025893301373,-0.0189952381345041,-0.0236,0.0791231345612986,-0.0445
2019-09-30,-0.015050000000000008,-0.015050000000000008,-0.015050000000000008,-0.015050000000000008,-0.015050000000000008,-0.015050000000000008,-0.014050000000000007,-0.015050000000000008,-0.0349478600543478,-0.0349478600543478,-0.0349478600543478,-0.0339478600543478,-0.014050000000000007,-0.014050000000000007,-0.015050000000000008,-0.015050000000000008,-0.014050000000000007,0.009178760450034185,-0.015446508907004828,0.01845818951000655,0.01945818951000655,0.012338247039337258,0.005582725098921596,0.009178760450034185,0.0257,-0.0339478600543478,0.0214
2019-10-31,0.024635469747007588,0.024635469747007588,0.024635469747007588,0.0382999999999999,0.0005500000000000504,0.0005500000000000504,0.0005500000000000504,0.0005500000000000504,0.0382999999999999,-0.00044999999999994957,-0.00044999999999994957,-0.00044999999999994957,0.0005500000000000504,0.0005500000000000504,0.0005500000000000504,0.0005500000000000504,0.0005500000000000504,0.0438007248659964,0.0428007248659964,0.02210467626478363,0.02210467626478363,0.013889472425536864,0.03575904865325097,0.0438007248659964,0.0343,0.02563546974700759,0.0392999999999999
2019-11-30,-0.03208588289288572,-0.03208588289288572,-0.03208588289288572,0.03969397470410463,0.03969397470410463,0.03969397470410463,0.017946987352052315,-0.006241666666666701,0.03969397470410463,0.03969397470410463,0.03969397470410463,0.017946987352052315,0.017946987352052315,0.017946987352052315,0.03969397470410463,0.03969397470410463,0.017946987352052315,0.04069397470410463,0.04069397470410463,0.03969397470410463,0.03619781320175908,0.022232021254388765,0.005102022952804728,0.04069397470410463,0.0146,-0.03208588289288572,-0.0028
2019-12-31,0.03655877893383952,0.03655877893383952,0.03655877893383952,0.03886395084588612,0.03886395084588612,0.03886395084588612,0.03608197542294306,0.03608197542294306,0.03886395084588612,0.03886395084588612,0.03886395084588612,0.03608197542294306,0.03608197542294306,0.03608197542294306,0.03886395084588612,0.03886395084588612,0.03608197542294306,0.03886395084588612,0.03886395084588612,0.03886395084588612,0.029055281859901028,0.017963169115940626,0.04530568244493141,0.03886395084588612,0.0353,0.03655877893383952,0.0705
2020-01-31,0.029384211309510744,0.029384211309510744,0.029384211309510744,0.030384211309510745,0.030384211309510745,0.030384211309510745,0.004242105654755373,0.004242105654755373,0.030384211309510745,0.030384211309510745,0.030384211309510745,0.004242105654755373,0.004242105654755373,0.004242105654755373,0.030384211309510745,0.030384211309510745,0.004242105654755373,0.030384211309510745,0.030384211309510745,0.030384211309510745,-0.00040328599551153754,0.00027469506935975393,0.0021201924516035427,0.030384211309510745,-0.0219,0.04499655849690343,-0.045
2020-02-29,-0.007361728631845698,-0.007361728631845698,-0.007361728631845698,-0.06057448348884931,-0.06057448348884931,-0.06057448348884931,-0.07413724174442465,-0.07413724174442465,-0.06057448348884931,-0.06057448348884931,-0.06057448348884931,-0.07413724174442465,-0.07413724174442465,-0.07413724174442465,-0.06057448348884931,-0.06057448348884931,-0.07413724174442465,-0.06057448348884931,0.008496090456051451,-0.06057448348884931,-0.07916575092032507,-0.046982783885528366,-0.05240905303017375,-0.06057448348884931,-0.0877,-0.006361728631845698,-0.055
2020-03-31,-0.07385830827372242,-0.07385830827372242,-0.07385830827372242,-0.07285830827372242,-0.07285830827372242,-0.07285830827372242,0.0364916666666667,0.0364916666666667,-0.07285830827372242,-0.07285830827372242,-0.07285830827372242,0.0364916666666667,0.0364916666666667,0.0364916666666667,-0.07285830827372242,-0.07285830827372242,0.0364916666666667,0.0364916666666667,0.012108656107752282,0.0364916666666667,-0.12487138221696215,-0.07449949599684393,-0.0956955849876164,-0.07285830827372242,-0.138,-0.002224031676743232,-0.1697
2020-04-30,0.07161060302877431,0.07161060302877431,0.07161060302877431,0.14973752957054942,0.14973752957054942,0.14973752957054942,-0.000908333333333399,-0.000908333333333399,0.14973752957054942,0.14973752957054942,0.14973752957054942,0.0056833333333332625,-0.000908333333333399,-0.000908333333333399,0.14973752957054942,0.14973752957054942,0.0056833333333332625,0.0056833333333332625,0.026128534342924725,0.0056833333333332625,0.12698330606355102,0.07622665030479725,0.09856203314983093,0.14973752957054942,0.0711,0.07261060302877431,0.1008
2020-05-31,0.06500876372212672,0.06500876372212672,0.02588161543682088,0.06600876372212672,0.06600876372212672,0.06600876372212672,7.500000000004725e-05,7.500000000004725e-05,0.06600876372212672,0.06600876372212672,0.06600876372212672,0.02488161543682088,7.500000000004725e-05,7.500000000004725e-05,0.06600876372212672,0.06600876372212672,-0.0003166666666666318,-0.0003166666666666318,0.008546649590051431,0.06500876372212672,0.04764537997458085,0.028617227984748528,0.0396475947897369,0.06600876372212672,0.0501,0.02588161543682088,0.0166
2020-06-30,0.026377026301764528,0.026377026301764528,0.02737702630176453,0.06286685850405482,0.06286685850405482,0.06286685850405482,0.00011666666666676484,0.00011666666666676484,0.06286685850405482,0.06286685850405482,0.06286685850405482,0.02737702630176453,0.00011666666666676484,0.00011666666666676484,0.06286685850405482,0.06286685850405482,-0.0003083333333333549,0.06186685850405482,0.009061786545032646,0.06286685850405482,0.017734610714417842,0.01068743309531741,0.04921097120145481,0.06286685850405482,0.0334999999999999,0.02737702630176453,0.0731
2020-07-31,0.10790463097013703,0.10790463097013703,0.10790463097013703,0.07346520938483514,0.07346520938483514,0.07346520938483514,0.00013333333333331865,0.00013333333333331865,0.07346520938483514,0.07346520938483514,0.07346520938483514,0.10790463097013703,0.00013333333333331865,0.00013333333333331865,0.07346520938483514,0.07346520938483514,0.00990000000000002,0.07346520938483514,0.07246520938483514,0.07346520938483514,0.05889192863669912,0.0353884905153528,0.07226746008874302,0.07346520938483514,0.0248,0.10790463097013703,0.0828999999999999
2020-08-31,-0.0032356731296194763,-0.0032356731296194763,-0.0032356731296194763,0.10944733955296182,0.10944733955296182,0.10944733955296182,0.06652366977648086,0.06652366977648086,0.10944733955296182,0.10944733955296182,0.10944733955296182,0.06652366977648086,0.06652366977648086,0.06652366977648086,0.10944733955296182,0.10944733955296182,0.06652366977648086,0.10944733955296182,0.10944733955296182,0.10944733955296182,0.06979708388129224,0.04190825032877536,0.04757791660583553,0.10944733955296182,0.0584999999999999,-0.0032356731296194763,0.0255999999999999
2020-09-30,-0.058786512578723804,-0.058786512578723804,-0.058786512578723804,-0.0577865125787238,-0.0577865125787238,-0.0577865125787238,-0.040143256289361905,-0.040143256289361905,-0.0577865125787238,-0.0577865125787238,-0.0577865125787238,-0.040143256289361905,-0.040143256289361905,-0.040143256289361905,-0.0577865125787238,-0.0577865125787238,-0.040143256289361905,-0.0577865125787238,-0.0577865125787238,-0.0577865125787238,-0.037443834580167756,-0.022429634081434013,-0.034275138989087274,-0.0577865125787238,-0.0205,-0.0417140433776253,-0.0171
2020-10-31,-0.030448833793196517,-0.030448833793196517,-0.030448833793196517,-0.030448833793196517,-0.030448833793196517,-0.030448833793196517,-0.00787441689659826,-0.00787441689659826,-0.030448833793196517,-0.030448833793196517,-0.030448833793196517,-0.00787441689659826,-0.00787441689659826,-0.00787441689659826,-0.030448833793196517,-0.030448833793196517,-0.00787441689659826,-0.030448833793196517,-0.030448833793196517,-0.030448833793196517,-0.024933505100940057,-0.014926769727230659,-0.013135760551827321,-0.030448833793196517,-0.0336,-0.0051942084141127776,0.0167
2020-11-30,0.1122578373203229,0.1122578373203229,-0.05508625961608993,0.1122578373203229,0.1122578373203229,0.1122578373203229,0.10682891866016145,0.10682891866016145,0.1122578373203229,0.1122578373203229,0.1122578373203229,0.10682891866016145,0.10682891866016145,0.10682891866016145,0.1122578373203229,0.1122578373203229,0.10682891866016145,0.1122578373203229,-0.017625975427585518,0.1122578373203229,0.10877671066789252,0.06529602640073552,0.07636789442605825,0.1122578373203229,0.1459,-0.05408625961608993,0.1014
2020-12-31,0.04902406963258321,0.04902406963258321,0.04802406963258321,0.04902406963258321,0.04902406963258321,0.04902406963258321,0.0617120348162916,0.0617120348162916,0.04902406963258321,0.04902406963258321,0.04902406963258321,0.0617120348162916,0.0617120348162916,0.0617120348162916,0.04902406963258321,0.04902406963258321,0.0617120348162916,0.04902406963258321,0.04802406963258321,0.04902406963258321,0.037048459338504314,0.02225574226976925,0.06124067056983339,0.04902406963258321,0.0513999999999999,0.07013861264675048,0.0744
2021-01-31,0.0026136551677158337,0.0026136551677158337,-0.03323816988295236,0.0026136551677158337,0.0026136551677158337,0.0026136551677158337,0.011856827583857867,0.011856827583857867,0.0026136551677158337,0.0026136551677158337,0.0026136551677158337,0.011856827583857867,0.011856827583857867,0.011856827583857867,0.0026136551677158337,0.0026136551677158337,0.011856827583857867,0.0026136551677158337,0.0026136551677158337,0.0026136551677158337,-0.010190539691776745,-0.0060843238150660285,-0.004406128678809156,0.0026136551677158337,-0.0091,-0.03223816988295236,0.0210999999999999
2021-02-28,-0.0013347863665401638,-0.0013347863665401638,-0.002334786366540164,-0.0013347863665401638,-0.0013347863665401638,-0.0013347863665401638,0.009632606816729918,0.009632606816729918,-0.0013347863665401638,-0.0013347863665401638,-0.0013347863665401638,0.009632606816729918,0.009632606816729918,0.009632606816729918,-0.0013347863665401638,-0.0013347863665401638,0.009632606816729918,-0.06356881416817584,-0.0013347863665401638,-0.0013347863665401638,0.02780552861881147,0.01670331717128692,-0.004300900133679024,-0.0013347863665401638,0.0260999999999999,-0.06256881416817583,0.0206
2021-03-31,0.01716740393776517,0.01716740393776517,0.01716740393776517,0.01716740393776517,0.01716740393776517,0.01716740393776517,0.005333701968882585,0.005333701968882585,0.01716740393776517,0.01716740393776517,0.01716740393776517,0.005333701968882585,0.005333701968882585,0.005333701968882585,0.01716740393776517,0.01716740393776517,0.005333701968882585,-0.011433105943016053,0.01716740393776517,0.01716740393776517,0.04539926399422378,0.027252891729867598,0.006483574498687255,0.01716740393776517,0.0266999999999999,-0.011433105943016053,-0.0065
2021-04-30,0.05909829166572944,0.05909829166572944,0.0287,0.05909829166572944,0.05909829166572944,0.05909829166572944,0.04439914583286472,0.04439914583286472,0.05909829166572944,0.05909829166572944,0.05909829166572944,0.04439914583286472,0.04439914583286472,0.04439914583286472,0.05909829166572944,0.05909829166572944,0.04439914583286472,0.035633887903232075,0.05909829166572944,0.05909829166572944,0.0529104106464211,0.031756246387852634,0.03995804489224038,0.05909829166572944,0.0354,0.035633887903232075,0.0297
2021-05-31,-0.012012147953164853,-0.012012147953164853,0.0242,-0.012012147953164853,-0.012012147953164853,-0.012012147953164853,0.006093926023417573,0.006093926023417573,-0.012012147953164853,-0.012012147953164853,-0.012012147953164853,0.006093926023417573,0.006093926023417573,0.006093926023417573,-0.012012147953164853,-0.012012147953164853,0.006093926023417573,0.07678377966625938,0.0232,0.0232,0.006566213017263678,0.0039430611436915616,0.03086790792827363,-0.012012147953164853,0.0345,0.07678377966625938,0.0242
2021-06-30,0.0050999999999999,0.0050999999999999,0.0060999999999999,0.0050999999999999,0.0050999999999999,0.0050999999999999,-0.00345000000000005,-0.00345000000000005,0.0050999999999999,0.0050999999999999,0.0050999999999999,-0.00345000000000005,-0.00345000000000005,-0.00345000000000005,0.0050999999999999,0.0050999999999999,-0.00345000000000005,-0.07147662098325525,0.0060999999999999,0.0060999999999999,0.022427371800556095,0.013459756413667012,-0.0034388612857763267,0.06262117584015003,-0.011,-0.07147662098325525,0.0060999999999999
2021-07-31,0.027609310114090513,0.027609310114090513,-0.0545,0.027609310114090513,0.027609310114090513,0.027609310114090513,-0.013945344942954744,-0.013945344942954744,0.027609310114090513,0.027609310114090513,0.027609310114090513,-0.013945344942954744,-0.013945344942954744,-0.013945344942954744,0.027609310114090513,0.027609310114090513,-0.013945344942954744,0.027609310114090513,-0.0545,-0.0545,0.024412504366023047,0.014664169286280514,0.0014766684056040195,0.028609310114090514,0.0065,0.025297363508325565,-0.0545
2021-08-31,0.04218674851350146,0.04218674851350146,0.015099999999999999,0.04218674851350146,0.04218674851350146,0.04218674851350146,0.02814337425675073,0.02814337425675073,0.04218674851350146,0.04218674851350146,0.04218674851350146,0.02814337425675073,0.02814337425675073,0.02814337425675073,0.04218674851350146,0.04218674851350146,0.02814337425675073,0.04218674851350146,-0.0025940706052266864,0.04118674851350146,0.02975993907280361,0.017875963443682207,0.02018030084112199,0.04218674851350146,0.0161,-0.0007655451490135023,0.0232
2021-09-30,-0.0304,-0.0304,-0.032,-0.0304,-0.0304,-0.0304,-0.0312,-0.0312,-0.0304,-0.0304,-0.0304,-0.0312,-0.0312,-0.0312,-0.0304,-0.0304,-0.0312,-0.056831668320258544,-0.0304,-0.04760554935261796,-0.04660554935261796,-0.027949996278237445,-0.037366731892374966,-0.056831668320258544,-0.0294,-0.03223525924924131,-0.031
2021-10-31,0.0049,0.0049,0.0059,0.0049,0.0049,-0.002283333333333414,0.01595,-0.002283333333333414,0.0049,0.0049,-0.0009666666666666704,0.01595,0.01595,0.01595,0.0049,0.0049,0.01595,0.013797178527087284,0.0035157261756957334,-0.0009666666666666704,0.07016354038498007,0.04211145756432137,0.03133434859934302,0.0786402158702848,0.026,0.014797178527087285,0.0059
2021-11-30,0.01896844364701622,0.01896844364701622,0.01896844364701622,0.01896844364701622,0.01896844364701622,0.01896844364701622,-0.011915778176491889,-0.011915778176491889,0.01896844364701622,0.01896844364701622,0.01896844364701622,-0.011915778176491889,-0.011915778176491889,-0.011915778176491889,0.01896844364701622,0.01896844364701622,-0.011915778176491889,-0.006900653696985448,0.01896844364701622,0.01896844364701622,-0.008034916411653215,-0.004804283180325241,-0.016108052512492282,0.01996844364701622,-0.0418,-0.006900653696985448,-0.0356999999999999
2021-12-31,0.01152351621538572,0.01152351621538572,0.01152351621538572,0.01152351621538572,0.01152351621538572,0.01152351621538572,0.02516175810769286,-0.007458333333333455,0.01152351621538572,0.01152351621538572,0.01152351621538572,0.02516175810769286,-0.007458333333333455,0.02516175810769286,0.01152351621538572,0.01152351621538572,0.02516175810769286,0.032990977123064535,0.007858103485465933,0.01152351621538572,0.0462478641345212,0.027765385147379404,0.026828623334612563,0.01152351621538572,0.0388,0.032990977123064535,0.024
2022-01-31,-0.08747048626771692,-0.08747048626771692,-0.05,-0.08747048626771692,-0.08747048626771692,-0.08747048626771692,-0.06823524313385845,-0.06923524313385845,-0.08747048626771692,-0.08747048626771692,-0.08747048626771692,-0.06823524313385845,-0.06923524313385845,-0.06823524313385845,-0.08747048626771692,-0.08747048626771692,-0.06823524313385845,-0.016787612677039987,-0.08847048626771692,-0.08747048626771692,-0.05274118026897601,-0.03162470816138556,-0.04373952473618922,-0.08747048626771692,-0.049,-0.016787612677039987,-0.0217
2022-02-28,-0.04475943865808696,-0.04475943865808696,-0.04575943865808696,-0.04475943865808696,-0.04475943865808696,-0.0008166666666665759,-0.03252971932904348,-0.0008166666666665759,-0.04475943865808696,-0.04475943865808696,-0.0008166666666665759,-0.03252971932904348,-0.03252971932904348,-0.03252971932904348,-0.04475943865808696,-0.0008166666666665759,-0.03252971932904348,-0.04575943865808696,0.018830752412608714,-0.0008166666666665759,-0.029517123530356182,-0.017636940784880338,-0.008285545355065238,-0.04475943865808696,-0.0203,0.061217257237826006,-0.0293
2022-03-31,0.046678879636693704,0.046678879636693704,0.046678879636693704,0.046678879636693704,0.046678879636693704,0.00029166666666657903,0.02593943981834685,0.00029166666666657903,0.046678879636693704,0.046678879636693704,0.011725579950304321,0.02593943981834685,0.02593943981834685,0.02593943981834685,0.046678879636693704,0.00029166666666657903,0.02593943981834685,0.011725579950304321,-0.009035917794343021,0.00029166666666657903,0.03759046075111705,0.02267094311733686,0.012226114896749506,0.046678879636693704,0.0052,0.012725579950304322,-0.0157
2022-04-30,-0.13595760761113285,-0.13595760761113285,-0.13595760761113285,-0.13595760761113285,-0.13595760761113285,-0.13695760761113285,-0.10042880380556643,0.0004333333333332856,-0.13595760761113285,-0.13595760761113285,-0.13695760761113285,-0.10042880380556643,-0.10042880380556643,-0.10042880380556643,-0.13595760761113285,-0.13695760761113285,-0.10042880380556643,-0.020702963524693585,-0.02226209895267565,-0.08876902633846129,-0.08776902633846129,-0.05248808246974345,-0.0685401427839566,-0.13595760761113285,-0.0649,-0.020702963524693585,-0.0526
2022-05-31,-0.0002916666666666892,-0.0002916666666666892,-0.0002916666666666892,-0.0002916666666666892,-0.0002916666666666892,-0.0002916666666666892,-0.0002916666666666892,0.0007083333333333108,-0.03361547766106776,-0.03361547766106776,-0.03361547766106776,-0.03361547766106776,-0.0002916666666666892,-0.0002916666666666892,-0.0002916666666666892,-0.0002916666666666892,-0.0002916666666666892,-0.03261547766106776,-0.008699603664800343,-0.0002916666666666892,0.0022572913461291755,0.0016377081410108296,-0.008545372202333723,-0.015866011148267134,0.0114,-0.03261547766106776,0.0029
2022-06-30,0.0009666666666665602,0.0009666666666665602,0.0009666666666665602,0.0009666666666665602,0.0009666666666665602,0.0009666666666665602,0.0009666666666665602,0.0009666666666665602,-3.333333333343982e-05,-3.333333333343982e-05,-3.333333333343982e-05,-3.333333333343982e-05,0.0009666666666665602,0.0009666666666665602,0.0009666666666665602,0.0009666666666665602,0.0009666666666665602,-0.00967499999999999,-0.007789328136819428,0.0009666666666665602,-0.08246056346608344,-0.049089671412983434,-0.06593459386610635,-0.08907872438730069,-0.0919,-0.01565965107712486,-0.0670999999999999
2022-07-31,0.0014333333333333975,0.0014333333333333975,0.0014333333333333975,0.0014333333333333975,0.0014333333333333975,0.0014333333333333975,0.0014333333333333975,0.0014333333333333975,0.0014333333333333975,0.0014333333333333975,0.0014333333333333975,0.0014333333333333975,0.0014333333333333975,0.0014333333333333975,0.0014333333333333975,0.0014333333333333975,0.0014333333333333975,0.028833333333333266,0.001461716391784754,0.0014333333333333975,0.09208741824487632,0.055825784280259146,0.03855894128292953,0.12551728262303063,0.0513999999999999,-0.0258815174913124,0.0032
2022-08-31,0.0020083333333333897,0.0020083333333333897,0.0020083333333333897,0.0020083333333333897,0.0020083333333333897,0.0020083333333333897,0.0020083333333333897,0.0020083333333333897,-0.03957500000000003,-0.03957500000000003,-0.03957500000000003,-0.03957500000000003,0.0020083333333333897,0.0020083333333333897,0.0020083333333333897,0.0020083333333333897,0.0020083333333333897,-0.038575000000000026,-0.02199998304165788,-0.0418017727289528,-0.0408017727289528,-0.023677730304038323,-0.029863778293828174,-0.05132183071700558,-0.0481,-0.02943328245830701,0.0093999999999999
2022-09-30,0.002466666666666617,0.002466666666666617,0.002466666666666617,0.002466666666666617,0.002466666666666617,0.002466666666666617,0.002466666666666617,0.002466666666666617,0.001466666666666617,0.001466666666666617,0.001466666666666617,0.001466666666666617,0.002466666666666617,0.002466666666666617,0.002466666666666617,0.002466666666666617,0.002466666666666617,-0.055174999999999974,-0.02719671465670292,0.001466666666666617,-0.09244607654364578,-0.05448097925952082,-0.0839092829863489,-0.10535532130862013,-0.0957,-0.028881810636775418,-0.1057
2022-10-31,0.002774999999999972,0.002774999999999972,0.002774999999999972,0.002774999999999972,0.002774999999999972,0.002774999999999972,0.002774999999999972,0.002774999999999972,0.002774999999999972,0.002774999999999972,0.002774999999999972,0.002774999999999972,0.002774999999999972,0.002774999999999972,0.002774999999999972,0.002774999999999972,0.002774999999999972,-0.019758333333333322,-0.01160924701229863,0.002774999999999972,0.08127572746039524,0.04987543647623713,0.013488533661010674,0.03999854234760525,0.0494,-0.017844407703562548,-0.0176
2022-11-30,0.0035166666666666124,0.0035166666666666124,0.0035166666666666124,0.0035166666666666124,0.0035166666666666124,0.0035166666666666124,0.0035166666666666124,0.0035166666666666124,0.0035166666666666124,0.0035166666666666124,0.0035166666666666124,0.0035166666666666124,0.0035166666666666124,0.0035166666666666124,0.0035166666666666124,0.0035166666666666124,0.0035166666666666124,0.0839186596373046,0.04251733099021263,0.0035166666666666124,0.05559133652290349,0.03476146858040874,0.09718999975476034,0.05544133938173679,0.12,0.0849186596373046,0.1284
2022-12-31,-0.0123999999999999,0.003641666666666765,0.02830648566594085,-0.0123999999999999,0.003641666666666765,0.003641666666666765,0.003641666666666765,0.003641666666666765,-0.0123999999999999,0.02830648566594085,0.02830648566594085,0.02830648566594085,0.003641666666666765,0.003641666666666765,0.003641666666666765,0.003641666666666765,0.003641666666666765,-0.09113647516601442,-0.008199999999999999,-0.05862793256792531,-0.05762793256792531,-0.03312009287408848,-0.019857497375018365,-0.09013647516601442,-0.0072,0.02930648566594085,-0.0113999999999999
2023-01-31,0.0026833333333332607,0.0036833333333332607,0.0026833333333332607,0.0026833333333332607,0.0036833333333332607,0.0036833333333332607,0.0036833333333332607,0.0036833333333332607,0.05659257431981046,0.05759257431981046,0.05759257431981046,0.05759257431981046,0.0036833333333332607,0.0036833333333332607,0.0036833333333332607,0.0036833333333332607,0.0036833333333332607,0.05659257431981046,0.030703080328825696,0.06288704197468475,0.06288704197468475,0.039205558518144154,0.07683048984472035,0.10642938505907096,0.0771,0.05759257431981046,0.0662
2023-02-28,0.003916666666666568,0.003916666666666568,0.003916666666666568,0.003916666666666568,0.003916666666666568,0.003916666666666568,0.003916666666666568,0.003916666666666568,-0.05367596391642193,-0.05367596391642193,-0.05367596391642193,-0.05367596391642193,0.003916666666666568,0.003916666666666568,0.003916666666666568,0.003916666666666568,0.003916666666666568,-0.004598008200161096,-0.026600000000000002,-0.026600000000000002,-0.02514257699047573,-0.013518879527618809,-0.034043493029145756,-0.003598008200161096,-0.0256,-0.05367596391642193,-0.0533
2023-03-31,0.004066666666666663,0.004066666666666663,0.004066666666666663,0.004066666666666663,0.004066666666666663,0.004066666666666663,0.004066666666666663,0.004066666666666663,0.003066666666666663,0.003066666666666663,0.003066666666666663,0.003066666666666663,0.004066666666666663,0.004066666666666663,0.004066666666666663,0.004066666666666663,0.004066666666666663,0.07816128247166143,0.04029820526833157,0.003066666666666663,0.037077776932969986,0.023873332826448657,0.05624714759964296,0.0949273079269104,0.0246,0.07916128247166143,0.0263
2023-04-30,0.007623522653246951,0.007623522653246951,0.007623522653246951,0.024399999999999998,0.004041666666666721,0.024399999999999998,0.004041666666666721,0.0098,0.024399999999999998,0.007623522653246951,0.024399999999999998,0.007623522653246951,0.004041666666666721,0.004041666666666721,0.004041666666666721,0.004041666666666721,-0.004640593928189277,0.008623522653246951,0.024399999999999998,0.024399999999999998,0.015974841370329118,0.011201571488864158,0.008825620081770442,0.005078957673834816,0.0254,0.008623522653246951,-0.0038
2023-05-31,-0.0419,-0.0419,-0.013419890078922081,-0.0409,-0.0419,-0.0409,0.004250000000000087,-0.02589999999999995,-0.0409,-0.0419,-0.0409,-0.013419890078922081,0.004250000000000087,0.004250000000000087,-0.0419,-0.0419,-0.015133333333333332,0.07783802908204718,-0.0409,-0.0409,0.0046161248126397325,0.004469674887583874,0.0034045347507813,0.07883802908204718,-0.0409,-0.013419890078922081,-0.0108999999999999
2023-06-30,0.06203837499576703,0.06203837499576703,0.06203837499576703,0.06203837499576703,0.06203837499576703,0.06203837499576703,0.052819187497883516,0.052819187497883516,0.06203837499576703,0.06203837499576703,0.06203837499576703,0.052819187497883516,0.052819187497883516,0.052819187497883516,0.06203837499576703,0.06203837499576703,0.052819187497883516,0.06303837499576703,-0.010676790909255586,0.06203837499576703,0.0648000298885898,0.04072001793315385,0.03165616723366674,0.06303837499576703,0.0446,-0.02221370606110007,0.0412
2023-07-31,0.03860107102248089,0.03860107102248089,0.03860107102248089,0.03860107102248089,0.03860107102248089,0.03860107102248089,0.034500535511240445,0.034500535511240445,0.03860107102248089,0.03860107102248089,0.03860107102248089,0.034500535511240445,0.034500535511240445,0.034500535511240445,0.03860107102248089,0.03860107102248089,0.034500535511240445,0.03860107102248089,0.03760107102248089,0.03860107102248089,0.03273318445734685,0.02144991067440807,0.0374219283452769,0.03860107102248089,0.0304,0.022886642358626696,0.0578
2023-08-31,-0.014829967526037935,-0.014829967526037935,-0.013777635059315396,-0.014829967526037935,-0.014829967526037935,-0.014829967526037935,-0.026464983763018916,-0.026464983763018916,-0.014829967526037935,-0.014829967526037935,-0.014829967526037935,-0.026464983763018916,-0.026464983763018916,-0.026464983763018916,-0.014829967526037935,-0.014829967526037935,-0.026464983763018916,-0.013777635059315396,-0.014829967526037935,-0.014829967526037935,-0.016251943528180934,-0.007901166116908519,-0.028626900646338282,-0.014829967526037935,-0.0380999999999999,-0.012777635059315395,-0.0487999999999999
2023-09-30,-0.050798707347647576,-0.050798707347647576,-0.05179870734764758,-0.050798707347647576,-0.050798707347647576,-0.050798707347647576,-0.044199353673823785,-0.044199353673823785,-0.050798707347647576,-0.050798707347647576,-0.050798707347647576,-0.044199353673823785,-0.044199353673823785,-0.044199353673823785,-0.050798707347647576,-0.050798707347647576,-0.044199353673823785,-0.047605861131121974,-0.028354731488151777,-0.050798707347647576,-0.04743446902075976,-0.026607348079122548,-0.039501142119692384,-0.050798707347647576,-0.0376,-0.047605861131121974,-0.022
2023-10-31,-0.02065490808934567,-0.02065490808934567,-0.02065490808934567,-0.02065490808934567,-0.02065490808934567,-0.02065490808934567,-0.031427454044672835,0.0036250000000001012,-0.02065490808934567,-0.02065490808934567,-0.02065490808934567,-0.031427454044672835,0.0036250000000001012,-0.031427454044672835,-0.02065490808934567,-0.02065490808934567,-0.031427454044672835,-0.02165490808934567,0.019174705190311316,0.0036250000000001012,-0.021708661289990272,-0.011175196773994122,-0.007157698129602959,-0.02065490808934567,-0.0422,0.07372411557093383,-0.0395
2023-11-30,0.10818807605768566,0.10818807605768566,0.10818807605768566,0.10818807605768566,0.10818807605768566,0.10818807605768566,0.09189403802884283,0.004658333333333431,0.10818807605768566,0.10818807605768566,0.10818807605768566,0.09189403802884283,0.09189403802884283,0.09189403802884283,0.10818807605768566,0.10818807605768566,0.09189403802884283,0.024313725649470208,0.025796241883156764,0.004658333333333431,0.09134377913520675,0.05666960081445742,0.07477545042678896,0.10818807605768566,0.088,0.02531372564947021,0.0776
2023-12-31,0.055869817943292155,0.055869817943292155,0.055869817943292155,0.055869817943292155,0.055869817943292155,0.055869817943292155,0.05533490897164603,0.05533490897164603,0.055869817943292155,0.055869817943292155,0.055869817943292155,0.05533490897164603,0.05533490897164603,0.05533490897164603,0.055869817943292155,0.055869817943292155,0.05533490897164603,0.054869817943292154,0.054869817943292154,0.054869817943292154,0.04565532665995842,0.02920986266264172,0.04114775007383004,0.055869817943292155,0.0567999999999999,0.012821182352028115,0.0391
2024-01-31,0.018192100063913585,0.018192100063913585,0.018192100063913585,0.018192100063913585,0.018192100063913585,0.018192100063913585,0.0065460500319567926,0.0065460500319567926,0.018192100063913585,0.018192100063913585,0.018192100063913585,0.0065460500319567926,0.0065460500319567926,0.0065460500319567926,0.018192100063913585,0.018192100063913585,0.0065460500319567926,0.018192100063913585,0.018192100063913585,0.018192100063913585,0.015926520963537527,0.011355912578122497,-0.010484020083613198,0.018192100063913585,-0.0051,-0.014228180398366375,-0.0408
2024-02-29,0.05283350234650408,0.05283350234650408,0.05283350234650408,0.05283350234650408,0.05283350234650408,0.05283350234650408,0.03586675117325204,0.03586675117325204,0.05283350234650408,0.05283350234650408,0.05283350234650408,0.03586675117325204,0.03586675117325204,0.03586675117325204,0.05283350234650408,0.05283350234650408,0.03586675117325204,0.05283350234650408,-0.004231595104604689,0.05283350234650408,0.05218676375735121,0.03311872492107742,0.029099262591505817,0.05283350234650408,0.0189,0.004563548019519192,0.0401
2024-03-31,0.012749872397714856,0.012749872397714856,0.012749872397714856,0.012749872397714856,0.012749872397714856,0.012749872397714856,0.013574936198857378,0.013574936198857378,0.012749872397714856,0.012749872397714856,0.012749872397714856,0.013574936198857378,0.013574936198857378,0.013574936198857378,0.012749872397714856,0.012749872397714856,0.013574936198857378,0.08568323846462633,0.011749872397714856,0.012749872397714856,0.032701962325644374,0.02143784406205329,0.037533277715585275,0.012749872397714856,0.0343,0.08668323846462633,0.0163999999999999
2024-04-30,-0.043737830400432776,-0.043737830400432776,-0.043737830400432776,-0.043737830400432776,-0.043737830400432776,-0.043737830400432776,-0.03686891520021634,-0.03686891520021634,-0.043737830400432776,-0.043737830400432776,-0.043737830400432776,-0.03686891520021634,-0.03686891520021634,-0.03686891520021634,-0.043737830400432776,-0.043737830400432776,-0.03686891520021634,0.02989497307015121,-0.043737830400432776,-0.043737830400432776,-0.04031951134517642,-0.022371706807105828,-0.008985714332570366,-0.043737830400432776,-0.0279999999999999,0.02989497307015121,0.0059
2024-05-31,0.061518088568175644,0.061518088568175644,0.061518088568175644,0.061518088568175644,0.061518088568175644,0.061518088568175644,0.05120904428408782,0.05120904428408782,0.061518088568175644,0.061518088568175644,0.061518088568175644,0.05120904428408782,0.05120904428408782,0.05120904428408782,0.061518088568175644,0.061518088568175644,0.05120904428408782,0.016189210429127243,0.061518088568175644,0.061518088568175644,0.05057972203460692,0.03216783322076417,0.03217682474932572,0.061518088568175644,0.0409,0.016189210429127243,0.0101
2024-06-30,0.06470124536804889,0.06470124536804889,0.06470124536804889,0.06470124536804889,0.06470124536804889,0.06470124536804889,0.021950622684024444,0.021950622684024444,0.06470124536804889,0.06470124536804889,0.06470124536804889,0.021950622684024444,0.021950622684024444,0.021950622684024444,0.06470124536804889,0.06470124536804889,0.021950622684024444,0.06370124536804889,0.06470124536804889,0.06470124536804889,0.03528021137533033,0.02298812682519822,0.017963561991325802,0.06470124536804889,-0.0208,-0.0013469974027456866,0.0293
2024-07-31,-0.016781086186569594,-0.016781086186569594,-0.016781086186569594,-0.016781086186569594,-0.016781086186569594,-0.016781086186569594,-0.006940543093284797,-0.006940543093284797,-0.016781086186569594,-0.016781086186569594,-0.016781086186569594,-0.006940543093284797,-0.006940543093284797,-0.006940543093284797,-0.016781086186569594,-0.016781086186569594,-0.006940543093284797,-0.016781086186569594,0.027273987783127507,-0.016781086186569594,0.012108998784083003,0.009092065937116443,0.01832271929070323,-0.016781086186569594,0.0315,0.05367196334938251,0.0049
2024-08-31,0.01992249026936499,0.01992249026936499,0.01992249026936499,0.026,0.026,0.026,0.018019344003748647,0.018019344003748647,0.026,0.026,0.026,0.018019344003748647,0.018019344003748647,0.018019344003748647,0.026,0.026,0.018019344003748647,0.0110386880074973,0.010038688007497298,0.0110386880074973,0.023365508999098505,0.015822638732792438,0.018140294569215572,0.0110386880074973,0.027,0.02092249026936499,0.0136
2024-09-30,0.050888514912532434,0.050888514912532434,0.050888514912532434,0.025215964783193212,0.025215964783193212,0.025215964783193212,0.021107982391596607,0.021107982391596607,0.025215964783193212,0.025215964783193212,0.025215964783193212,0.021107982391596607,0.021107982391596607,0.021107982391596607,0.025215964783193212,0.025215964783193212,0.021107982391596607,0.026215964783193213,0.026215964783193213,0.026215964783193213,0.02100466682931046,0.014339466764252951,0.03782611992393141,0.026215964783193213,0.016,0.050888514912532434,0.0582
2024-10-31,-0.00964629336183509,-0.00964629336183509,0.04299348742370945,-0.008646293361835089,-0.008646293361835089,-0.008646293361835089,-0.023523146680917546,-0.023523146680917546,-0.008646293361835089,-0.008646293361835089,-0.008646293361835089,-0.023523146680917546,-0.023523146680917546,-0.023523146680917546,-0.008646293361835089,-0.008646293361835089,-0.023523146680917546,-0.008646293361835089,-0.008646293361835089,-0.008646293361835089,-0.008923538766048789,-0.0037774565929625794,-0.012613201484531409,-0.008646293361835089,-0.0484,0.04299348742370945,-0.0364
2024-11-30,0.0535082808070646,0.0535082808070646,-0.031241364603207922,0.0535082808070646,0.0535082808070646,0.0535082808070646,0.0245541404035323,0.0245541404035323,0.0535082808070646,0.0535082808070646,0.0535082808070646,0.0245541404035323,0.0245541404035323,0.011066666666666669,0.0535082808070646,0.0535082808070646,0.0245541404035323,-0.03224136460320792,-0.006102677089958189,0.0535082808070646,0.059633418953695116,0.037326718038883745,-0.00250827094903583,0.0535082808070646,-0.0024,-0.031241364603207922,-0.0299
2024-12-31,0.004540315416478036,0.004540315416478036,0.0035403154164780357,0.004540315416478036,0.004540315416478036,0.004540315416478036,-0.009629842291760933,-0.009629842291760933,0.004540315416478036,0.004540315416478036,0.004540315416478036,-0.009629842291760933,-0.009629842291760933,-0.010629842291760932,0.004540315416478036,0.004540315416478036,-0.009629842291760933,-0.014088486936242206,-0.01359616231208079,-0.025060273804935917,-0.024060273804935917,-0.012909497616294917,-0.009312042879941019,0.004540315416478036,-0.0237999999999999,-0.014088486936242206,-0.0039
2025-01-31,0.06685607873643373,0.06685607873643373,0.06685607873643373,0.021633922776085557,0.021633922776085557,0.021633922776085557,0.014916961388042778,0.014916961388042778,0.021633922776085557,0.021633922776085557,0.021633922776085557,0.014916961388042778,0.014916961388042778,0.014916961388042778,0.021633922776085557,0.021633922776085557,0.014916961388042778,0.06785607873643373,0.025104804023255694,0.0268564546522454,0.0268564546522454,0.017570539458013946,0.035572500378129826,0.021633922776085557,0.0426,0.06785607873643373,0.0102
2025-02-28,0.018216241876359174,0.018216241876359174,0.018216241876359174,-0.027034674748956933,-0.027034674748956933,-0.027034674748956933,-0.015167337374478467,-0.015167337374478467,-0.027034674748956933,-0.027034674748956933,-0.027034674748956933,-0.015167337374478467,-0.015167337374478467,-0.015167337374478467,-0.027034674748956933,-0.027034674748956933,-0.015167337374478467,0.018216241876359174,-0.028034674748956934,-0.028034674748956934,-0.012694839644185052,-0.006180237119844367,0.0008453917818505602,-0.027034674748956933,0.0155,0.018216241876359174,-0.0033
2025-03-31,0.09446585889998316,0.09446585889998316,0.09446585889998316,-0.0758617410085427,-0.0758617410085427,-0.0758617410085427,-0.03528087050427135,0.0033833333333334057,-0.0758617410085427,-0.0758617410085427,-0.0758617410085427,-0.03528087050427135,-0.03528087050427135,-0.03528087050427135,-0.0758617410085427,-0.0758617410085427,-0.03528087050427135,0.09446585889998316,-0.0758617410085427,-0.0567191077762873,-0.0557191077762873,-0.031991464665772365,0.006176029472860112,-0.0758617410085427,0.0008,0.09446585889998316,0.0053
2025-04-30,0.05424437277239913,0.05424437277239913,0.05424437277239913,0.013968133591292453,0.013968133591292453,0.007625000000000105,0.014084066795646177,0.008625000000000105,0.013968133591292453,0.013968133591292453,0.05324437277239913,0.014084066795646177,0.014084066795646177,0.014084066795646177,0.013968133591292453,0.013968133591292453,0.014084066795646177,0.05424437277239913,0.02115645759079976,-0.008670166230189347,-0.008670166230189347,-0.003762099738113588,0.03185312659092287,0.013968133591292453,0.045,0.05424437277239913,0.0141999999999999
2025-05-31,-0.0005595776946504261,-0.0005595776946504261,-0.0005595776946504261,0.09178307410682551,0.09178307410682551,-0.016924999999999968,0.07039153705341275,-0.016924999999999968,0.09178307410682551,0.09178307410682551,-0.0005595776946504261,0.07039153705341275,0.07039153705341275,0.07039153705341275,0.09178307410682551,-0.01792499999999997,0.07039153705341275,-0.01792499999999997,-0.004630970342661246,0.06284493303163585,0.06284493303163585,0.039143626485648175,0.04788087410304377,0.09178307410682551,0.051,-0.0005595776946504261,0.0493
2025-06-30,0.004051318985581975,0.004051318985581975,0.004051318985581975,0.0638582312280851,0.0638582312280851,0.06285823122808509,0.04722911561404255,0.04622911561404255,0.0638582312280851,0.0638582312280851,0.06285823122808509,0.04722911561404255,0.04722911561404255,0.04722911561404255,0.0638582312280851,0.06285823122808509,0.04722911561404255,0.06285823122808509,0.029599999999999998,0.029599999999999998,0.051386230006752465,0.03228507133738483,0.039052387553416744,0.0638582312280851,0.0306,0.004051318985581975,0.0576999999999999
2025-07-31,-0.0061345510598058706,-0.0061345510598058706,-0.0061345510598058706,-0.015300000000000001,-0.015300000000000001,-0.015300000000000001,-0.0003500000000000005,-0.0003500000000000005,-0.015300000000000001,-0.015300000000000001,-0.015300000000000001,-0.0003500000000000005,-0.0003500000000000005,-0.0003500000000000005,-0.015300000000000001,-0.015300000000000001,-0.0003500000000000005,0.024236918673328223,-0.0143,-0.0143,0.023031446515753284,0.015288867909452008,0.004850591903380588,0.024236918673328223,-0.0143,-0.0061345510598058706,0.0156
2025-08-31,0.049874624687468394,0.049874624687468394,0.049874624687468394,0.0462,0.0462,0.0462,0.034,0.034,0.0462,0.0462,0.0462,0.034,0.034,0.034,0.0462,0.0462,0.034,0.04887462468746839,0.008539709841378529,0.008539709841378529,0.02051948404438786,0.013781690426632753,0.03185358363221173,0.00953970984137853,0.0462,0.049874624687468394,0.0218
2025-09-30,0.11758415768627128,0.11758415768627128,0.11758415768627128,0.0185,0.0185,0.0185,0.03685,0.03685,0.0185,0.0185,0.0185,0.03685,0.03685,0.03685,0.0185,0.0185,0.03685,0.11758415768627128,0.053762208432730496,0.053762208432730496,0.03562043418529992,0.022782260511179955,0.06126159152975045,0.053762208432730496,0.0185,0.11758415768627128,0.0552
2025-10-31,0.035586670754335525,0.035586670754335525,0.035586670754335525,0.04680380186485322,0.04680380186485322,0.04680380186485322,0.04040190093242661,0.04040190093242661,0.04680380186485322,0.04680380186485322,0.04680380186485322,0.04040190093242661,0.04040190093242661,0.04040190093242661,0.04680380186485322,0.04680380186485322,0.04040190093242661,0.035586670754335525,0.047803801864853224,0.047803801864853224,0.02383739357630099,0.01564243614578058,0.03179761815479719,0.047803801864853224,0.0088,0.035586670754335525,0.035
2025-11-30,-0.01661031253441736,-0.01661031253441736,-0.0221,-0.015610312534417359,-0.015610312534417359,-0.015610312534417359,-0.01835515626720868,-0.01835515626720868,-0.015610312534417359,-0.015610312534417359,-0.015610312534417359,-0.01835515626720868,-0.01835515626720868,-0.01835515626720868,-0.015610312534417359,-0.015610312534417359,-0.01835515626720868,-0.01661031253441736,-0.015610312534417359,-0.015610312534417359,0.0019500049129079766,0.002466669614411421,0.006491965783953446,-0.015610312534417359,0.009,0.05367817567023114,-0.0211
2025-12-31,0.02073350667644791,0.02073350667644791,0.02073350667644791,0.0279999999999999,0.0279999999999999,0.0279999999999999,0.02619999999999995,0.02619999999999995,0.0279999999999999,0.0279999999999999,0.0279999999999999,0.02619999999999995,0.02619999999999995,0.02619999999999995,0.0279999999999999,0.0279999999999999,0.02619999999999995,-0.006699365349315034,0.024399999999999998,0.024399999999999998,0.0007975029584423865,0.0017718351083988004,0.017358535331783193,-0.006699365349315034,0.0289999999999999,0.02173350667644791,0.0254
2026-01-31,0.12273224230545998,0.12273224230545998,0.12273224230545998,0.07629999999999999,0.07629999999999999,0.07629999999999999,0.05954999999999999,0.05954999999999999,0.07629999999999999,0.07629999999999999,0.07629999999999999,0.05954999999999999,0.05954999999999999,0.05954999999999999,0.07629999999999999,0.07629999999999999,0.05954999999999999,0.012306564639789519,0.040799999999999996,0.040799999999999996,0.014737728839574471,0.010065970637078037,0.06353470173631237,0.012306564639789519,0.0418,0.12273224230545998,0.0773
2026-02-28,0.08720077925273872,0.08720077925273872,0.08720077925273872,0.0519,0.0519,0.0519,0.051750000000000004,0.051750000000000004,0.0519,0.0519,0.0519,0.051750000000000004,0.051750000000000004,0.051750000000000004,0.0519,0.0519,0.051750000000000004,0.08620077925273872,0.0509,0.0509,-0.008641958340223965,-0.003961841670801025,0.04181381667545591,-0.023445512550915093,0.0516,0.08720077925273872,0.0519
2026-03-31,-0.11051161024305556,-0.11051161024305556,-0.11051161024305556,-0.1207,-0.1207,-0.1207,-0.1066,-0.1066,-0.1207,-0.1207,-0.1207,-0.1066,-0.1066,-0.1066,-0.1207,-0.1207,-0.1066,-0.11051161024305556,-0.1207,-0.1207,-0.04937956664344334,-0.02840440665273265,-0.09302352635186642,-0.048382495164410066,-0.0925,-0.11051161024305556,-0.1207
2026-04-30,-0.015408224107347213,-0.015408224107347213,0.15590076873760872,0.15590076873760872,0.15590076873760872,0.002083333333333327,0.11220038436880436,0.002083333333333327,0.15590076873760872,0.15590076873760872,0.002083333333333327,0.11220038436880436,0.11220038436880436,0.11220038436880436,0.15590076873760872,0.15590076873760872,0.11220038436880436,-0.015408224107347213,-0.006747185813560188,-0.00591666666666668,0.10505268686597247,0.06426494545291682,0.08754813615756538,0.15690076873760872,0.0695,-0.015408224107347213,0.1392
2026-05-31,0.0765,0.0765,0.0765,0.0765,0.0765,0.0765,0.0905924425447387,0.0905924425447387,0.0765,0.0765,0.0765,0.0905924425447387,0.0905924425447387,0.0905924425447387,0.0765,0.0765,0.0905924425447387,-0.015436926989543909,0.0765,0.0765,0.05262575303750272,0.03280211848916834,0.04993698952498336,0.10568488508947738,0.032,-0.015436926989543909,0.0775
2026-06-30,-0.0169,-0.0169,-0.0169,-0.0169,-0.0169,-0.0169,-0.014949999999999998,-0.014949999999999998,-0.0169,-0.0169,-0.0169,-0.014949999999999998,-0.014949999999999998,-0.014949999999999998,-0.0169,-0.0169,-0.014949999999999998,-0.11684884638695336,-0.0169,-0.0169,-0.010292566443839024,-0.004945539866303438,-0.036559919404410356,-0.00149083123068805,-0.011,-0.11684884638695336,-0.0169
2026-07-31,0.007578108529844419,0.007578108529844419,0.007578108529844419,,,,,,,,,,,,,,,-0.06673877318676935,,,0.00034817917005858234,0.0014989075020351629,,-0.06573877318676935,,0.00857810852984442,
2026-08-31,,,,,,,,,,,,,,,,,,0.05190485687225044,0.032180763053881324,0.0021916666666667037,0.034081576294146654,0.021725612443154674,,0.05190485687225044,,0.08984228916164394,
